,Meta,SequenceID
0,tr|A0A009KRR3|A0A009KRR3_ACIBA,MKTIYLRLSTLAIAMAVSGWAAAETYIVDRYQDDADKGSLRWAIEQANSKPTEASEILIQAVGKAPYAIKVNSPLPEIKAPVKIIGTQWAKTGEFIAVDGSNYIKGTGVEACPGAVEGQFGTNVRTTTLPGIVLRDINGVTIQGLEIRHFCIGILMNRASNNLIQNNRIMHNYGGAGVMLTGDDGKGNPTATTTNNNKVLNNYFQDNGDGLELTRGAAFNLVANNHFISTAANPEPSQGIEILWGNDNAVVGNKFENYSDGLQINWGKRNYIAYNELTNNSNGFNLTGDGNIFDSNKVHGNRVGIAIRSEKDADAHITLTKNQIWNNGKEIRRCEAGGSCVPNQRVGAIIFDIPGLEHAHFVGSRGHGVKIDPANLQKTCKQANEQGCNAQPNQNIQAPKLSLSKGQIVVEVKAQPNQRYQVEFFGNSSANSNEAEFYLGSAIAATNAQGIATLTWKPTAQVASVTANITDRLGATSELSSAVKLK
1,tr|A0A022IPX7|A0A022IPX7_9GAMM,MKTIYLRLSTLAIAMAVSGWAAAETYIVDRYQDDADKGSLRWAIEQANSKPTEASEILIQAVGKAPYAIKVNSPLPEIKAPVKIIGTQWAKTGEFIAVDGSNYIKGTGVEACPGAVEGQFGTNVRTTTLPGIVLRDINGVTIQGLEIRHFCIGILMNRASNNLIQNNRIMHNYGGAGVMLTGDDGKGNPTATTTNNNKVLNNYFQDNGDGLELTRGAAFNLVANNHFISTAANPEPSQGIEILWGNDNAVVGNKFENYSDGLQINWGKRNYIAYNELTNNSNGFNLTGDGNIFDSNKVHGNRVGIAIRSEKDADAHITLTKNQIWNNGKEIRRCEAGGSCVPNQRVGAIIFDIPGLEHAHFVGSRGHGVKIDPANLQKTCKQANEQGCNAQPNQNIQAPKLSLSKGQIVVEVKAQPNQRYQVEFFGNSSANSNEAEFYLGSAIAATNAQGIATLTWKPTAQVASVTANITDRLGATSELSSAVKLK
2,tr|A0A072CRJ6|A0A072CRJ6_9GAMM,MKMISLRLTTLALGLAVSGLAMAESYVVDRYQDDSEKGSLRWAIEQANSKPSETSEILIQAVGQAPYAIKVNSPLPEIKAPVKIIGTQWAKTGEFIAIDGSNYIKGTGVEACPGAVEGQFGTNVRTTTLPGIVLRDINGVSIQGLEIRRFCIGILMNRASNNLIQNNRIMHNYGGAGVMLTGDDGKGNPTATTTNNNKVLNNYFQDNGDGLELTRGAAFNLVANNHFISTAANPEPSQGIEILWGNDNAVIGNKFENYSDGLQINWGKRNYIAYNELTNNSNGFNLTGDGNIFDSNKVHGNRVGVAIRSEKDANARITLTKNQIWNNGKDIKRCEAGGSCVPNQRLGAIIFDIPGLEHAHFVGSRGHGVKIDPANLQKTCQQPNEQGCNPQPNQNIQAPKLTLAKGQIAVEVKGQPNQRYQVEFFGNSQASANEAEFYLGSSTVATNAQGTASVTWKPTMKVASITANITDRLGATSELSSAVKLK
3,tr|A0A077KVA7|A0A077KVA7_ACIGI,MKMISLRLTTLALGLAVSGLAMAESYVVDRYQDDSEKGSLRWAIEQVNSKPSETSEILIQAVGQAPYAIKVNSPLPEIKAPVKIIGTQWAKTGEFIAIDGSNYIKGTGVEACPGAVEGQFGTNVRTTTLPGIVLRDINGVSIQGLEIRRFCIGILMNRASNNLIQNNRIMHNYGGAGVMLTGDDGKGNPTATTTNNNKVLNNYFQDNGDGLELTRGAAFNLVANNHFISTAANPEPSQGIEILWGNDNAVIGNKFENYSDGLQINWGKRNYIAYNELTNNSNGFNLTGDGNIFDSNKVHGNRVGVAIRSEKDANARITLTKNQIWNNGKDIKRCEAGGSCVPNQRLGAIIFDIPGLEHAHFVGSRGHGVKIDPANLQKTCQQPNEQGCNPQPNQNIQAPKLTLAKGQIAVEVKGQPNQRYQVEFFGNSQASSNEAEFYLGSSTVATNAQGTASVTWKPTMKVASITANITDRLGATSELSSAVKLK
4,tr|A0A0A8TMR5|A0A0A8TMR5_ACIBZ,MKLISLRLSALAIGLAVSGLAMAESYVVDRYQDDSEKGSLRWAIEQANAKPTEASEILIQAVGTAPYTIKVNSPLPEIKAPVKITGTQWAKTGEFIAIDGSNYIKGTGVEACPGAVEGQFGTNVRTTTLPGLVLRDINGVTIQGVEIRRFCIGILMNRASNNLIQNNRIMHNYGGAGVMLTGDDGKGNPTATTTNNNKVLNNYFQDNGDGLELTRGAAFNLVANNHFISTSANPEPSQGIEILWGNDNAVVGNKFENYSDGLQINWGKRNYIAYNELTNNSNGFNLTGDGNIFDSNKVHGNRVGIAIRSEKDANAHITLTKNQIWNNGQDIKRCEAGGSCVPNQRVGAIIFDIPGLEHAHFVGSRGHGVKIDPANLQKTCQQPNEQGCNAQPNQGIQAPKLSYAKGQVTVEVKGQPNQRYQVEFFGNTSASSNEAEFYLGSAVAATNGQGLAKLLWKPTNKVASVTANITDRLGATSELSSAVKLK
5,tr|A0A0M2ZY70|A0A0M2ZY70_9GAMM,MQLISLRLSALAIGLAVSGLTMAESYVVDRYQDDSEKGSLRWAIEQANAKPTEASEILIQAVGTAPYTIKVNSPLPEIKAPVKITGTQWAKTGEFIAIDGSNYIKGTGVEACPGAVEGQFGTNVRTTTLPGLVLRDINGVTIQGVEIRRFCIGILMNRASNNLIQNNRIMHNYGGAGVMLTGDDGKGNPTATTTNNNKVLNNYFQDNGDGLELTRGAAFNLVANNHFISTSANPEPSQGIEILWGNDNAVVGNKFENYSDGLQINWGKRNYIAYNELTNNSNGFNLTGDGNIFDSNKVHGNRVGIAIRSEKDANAHITLTKNQIWNNGQDIKRCEAGGSCVPNQRVGAIIFDIPGLEHAHFVGSRGHGVKIDPANLQKTCQQPNEQGCNAQPNQGIQAPKLSYAKGQVTVEVKGQPNQRYQIEFFGNTSASSNEAEFYLGSAVAATNGQGLAKLLWKPTNKVASVTANITDRLGATSELSSAVKLK
6,tr|A0A0M3AGE2|A0A0M3AGE2_9GAMM,MNVISLRLSALAIGLAVSGLAAAETYVVDRYQDDTEKGSLRWAIEQANTKPSEASEILIQAVGQAPYEIKINSPLPEIKAPVKIIGTQWAKTGEFVAVDGSNYIKGTGVEACPGAVAGQFGTNVRTTTLPGIVLRDINGVTIQGLEIRHFCIGILMNRASNNLIQHNRIMHNYGGAGVMLTGDDGRGNPTATTTNNNKVLDNYFQDNGDGLELTRGAAFNLVANNHFISTSANPEPSQGIEILWGNDNSVVGNKFENYSDGLQINWGKRNYIAYNELTNNSNGFNLTGDGNIFDSNKVHGNRVGIAIRSEKDANAHITLTKNLIWNNGKEIKRCEAGGSCVPNQRVGAIIFDIPGLEHAHFVGSRGHGVKIDPANLQKTCNKPNEQGCNAQPNQNIQAPKLTLSKGQIVAQIKGQPNQRYQLELFGNSSANSNEAELYLGSVVAVTNAEGIAIASWKPTTKVAAVTANVTDHLGATSELSSAVKFK
7,tr|A0A0Q7EUS3|A0A0Q7EUS3_9GAMM,MKMISLRLTTLALGLAVSGLAMAESYVVDRYQDDHEKGSLRWAIEQANSKPSEASEILIQAVGQAPYAIKVNSPLPEIKAPVKIIGTQWAKTGEFIAIDGSNYIKGTGVEACPGAVEGQFGTNVRTTTLPGIVLRDINGVSIQGLEIRRFCIGILMNRASNNLIQNNRIMHNYGGAGVMLTGDDGKGNPTATTTNNNKVLNNYFQDNGDGLELTRGAAFNLVANNHFISTAANPEPSQGIEILWGNDNAVIGNKFENYSDGLQINWGKRNYIAYNELTNNSNGFNLTGDGNIFDSNKVHGNRVGVAIRSEKDANARITLTKNQIWNNGKDIKRCEAGGSCVPNQRLGAIIFDIPGLEHAHFVGSRGHGVKIVPANLQKTCQQPNEQGCNPQPNQNIQAPKLTLAKGQITVEVKGQPNQRYQVEFFGNSQASANEAEFYLGSSTVATNAQGTASMTWKPTMKVASVTANITDRLGATSELSSAVKLK
8,tr|A0A3S0SQP5|A0A3S0SQP5_ACISP,MKVVSLRLSALAIGLAVSGLAAAETYVVDRYQDDAEKGSLRWAIEQANTKPSEASEILIQAVGQAPYAIKVNSPLPEIKAPVKIIGTQWAKTGEFIAVDGSNYIKGTGVEACPGAVEGQFGTNVRTTTLPGIVLRDINGVTIQGLEIRHFCIGILMNRASNNLIQHNRIMHNYGGAGIMLTGDDGKGNPTATTTNNNKVLDNYFQDNGDGLELTRGAAFNLVANNHFISTSANPEPSQGIEILWGNDNAVVGNKFENYSDGLQINWGKRNYIAYNELTNNSNGFNLTGDGNIFDSNKVHGNRVGIAIRSEKDANAHITLTKNQIWNNGKDINRCEAGGSCVPNQRVGAIIFDIPGLEHAHFVGSRGHGVKIDPVKLQKTCQQPNEQGCNAQPNQGIQAPKLTLSKGQVVAQIKGQPNQRYQVELFGNSSANSNEAELYLGSVVAVTNAEGIAITSWKPTTKVAAVTANVTDHLGTTSELSSAVKFK
9,tr|A0A429HBM2|A0A429HBM2_ACIBA,MKAIYLRLSTLAMAMAVSGMAAAETYVVDRYQDDKDKGSLRWAIEQANSKPTEASEILIQAVGKAPYAIKVNSPLPEIKAPVKIIGTQWAKTGEFIAVDGSNYIKGTGVEACPGAVEGQFGTNVRTTTLPGIVLRDINGVTIQGLEIRHFCIGILMNRASNNLIQNNRIMHNYGGAGVMLTGDDGKGNPTATTTNNNKVLNNYFQDNGDGLELTRGAAFNLVANNHFISTAANPEPSQGIEILWGNDNAVIGNKFENYSDGLQINWGKRNYIAYNELTNNSNGFNLTGDGNIFDSNKVHGNRVGIAIRSEKDADAHITLTKNQIWNNGKEIKRCEAGGSCVPNQRVGAIIFDIPGLEHAHFVGSRGHGVKIDPANLQKTCKQANEQGCNAQPNQNIQAPKLTLSKGQIAVEVKAQPNQRYQVEFFGNSSANSKEAEFYLGSAVAATNAQGIATLTWKPTAQVASVTANITDRLGATSELSSAVKLK
10,tr|A0A4Q7AQU7|A0A4Q7AQU7_ACIJU,MNVISLRLSALAIGIAVSGLAAAETYVVDRYQDDSEKGSLRWAIEQANNKPTEASEILIQAVGQAPYAIKVNSPLPEIKAPVKIIGTQWAKTGEFVAVDGSNYIKGRGVEACPGAVEGQFGTNVRTTTLPGIVLRDINGVTIQGLEIRHFCIGILMNRASNNLIQHNRIMHNYGGAGVMLTGDDGKGNPTATTTNNNKVLDNYFQDNGDGLELTRGAAFNLVANNHFISTSANPEPSQGIEILWGNDNAVVGNKFENYSDGLQINWGKRNYIAYNELTNNSNGFNLTGDGNIFDSNKVHGNRVGIAIRSEKDANAHITLTKNQIWNNGKDIKRCEAGGSCVPNQRLGAIIFDIPGLEHAHFVGSRGHGVKIDPANLQKTCLQPNQQGCNQQPNQGIQAPTLSLSSKGQVAVEVKGQPNQRYQVEFFGNSSANANEAEFYLGSIVAKTNADGIAKVTYKPTSKVASVTANLTDHLGATSELSSAVKFK
11,tr|A0A6A1RNF9|A0A6A1RNF9_ACIGI,MKMISLRLTTLALGLAVSGLAMAESYVVDRYQDDSEKGSLRWAIEQVNSKPSEASEILIQAVGQAPYAIKVNSPLPEIKAPVKIIGTQWAKTGEFIAIDGSNYIKGTGVKACPGAVEGQFGTNVRTTTLPGIVLRDINGVSIQGLEIRRFCIGILMNRASNNLIQNNRIMYNYGGAGVMLTGDDGKGNPTATTTNNNKVLNNYFQDNGDGLELTRGAAFNLVANNHFISTAANPEPSQGIEILWGNDNAVIGNKFENYSDGLQINWGKRNYIAYNELTNNSNGFNLTGDGNIFDSNKVHGNRVGVAIRSEKDANARITLTKNQIWNNGKDIKRCEAGGSCVPNQRLGAIIFDIPGLEHAHFVGSRGHGVKIDPANLQKTCQQPNEQGCNPQPNQNIQAPKLTLAKGQIAVEVKGQPNQRYQVEFFGNSQASANEAEFYLGSSTVATNAQGTASVTWKPTMKVASVTANITDRLGATSELSSAVKLK
12,tr|A0A6I2JMI9|A0A6I2JMI9_9GAMM,MKMISLRLTTLALGLAVSGLAMAESYVVDRYQDDHEKGSLRWAIEQANSKPSEASEILIQAVGQAPYAIKVNSPLPEIKAPVKIIGTQWAKTGEFIAIDGSNYIKGTGVEACPGAVEGQFGTNVRTTTLPGIVLRDINGVSIQGLEIRRFCIGILMNRASNNLIQNNRIMHNYGGAGVMLTGDDGKGNPTATTTNNNKVLNNYFQDNGDGLELTRGAAFNLVANNHFISTTANPEPSQGIEILWGNDNAVIGNKFENYSDGLQINWGKRNYIAYNELTNNSNGFNLTGDGNIFDSNKVHGNRVGVAIRSEKDANARITLTKNQIWNNGKDIKRCEAGGSCVPNQRLGAIIFDIPGLEHAHFVGSRGHGVKIDPANLQKTCQQPNEQGCNPQPNQNIQAPKLTLAKGQIAVEVKGQPNQRYQVEFFGNSQASANEAEFYLGSSTVATNAQGTASVTWKPTMKVASVTANITDRLGATSELSSAVKLK
13,tr|A0A808FSX3|A0A808FSX3_ACIJU,MKIVSLRLSALAIGLAVSGLAAAETYVVDRYQDDSEKGSLRWAIEQANTKPTEASEILIQAVGQAPYAIKVNSPLPEIKAPVKIIGTQWAKTGEFVAVDGSNYIKGRGVEACPGAVEGQFGTNVRTTTLPGIVLRDINGVTIQGLEIRHFCIGILMNRASNNLIQHNRIMHNYGGAGVMLTGDDGKGNPTATTTNNNKVLDNYFQDNGDGLELTRGAAFNLVANNHFISTSANPEPSQGIEILWGNDNAVVGNKFENYSDGLQINWGKRNYIAYNELTNNSNGFNLSGDGNIFDSNKVHGNRVGIAIRSEKDANAHITLTKNQIWNNGKDIKRCEAGGSCVPNQRLGAIIFDIPGLEHAHFVGSRGHGVKIDPANLQKTCLQPNQQGCNQQPNQGIQAPTLSLSSKGQVAVEVKGQPNQRYQVEFFGNSSANANEAEFYLGSIVAKTNADGIAKVTYKPTSKVASVTANLTDHLGATSELSSAVKFK
14,tr|A0A833PK83|A0A833PK83_ACIBZ,MKLISLRLSTLAIGLAVSGLSMAESYVVDRYQDDSEKGSLRWAIEQANAKPTEASEILIQAVGTAPYTIKVNGPLPEIKAPVKITGTQWAKTGEFIAIDGSNYIKGTGVEACPGAVEGQFGTNVRTTTLPGLVLRDINGVTIQGVEIRRFCIGILMNRASNNLIQNNRIMHNYGGAGVMLTGDDGKGNPTATTTNNNKVLNNYFQDNGDGLELTRGAAFNLVANNQFISTSANPEPSQGIEILWGNDNAVVGNKFENYSDGLQINWGKRNYIAYNELTNNSNGFNLTGDGNIFDSNKVHGNRVGIAIRSEKDANAHITLTKNQIWNNGQDIKRCEAGGSCVPNQRVGAIIFDIPGLDHAHFVGSRGHGVKIDPANLQKTCQQPNEQGCNPQPNQGIQAPKLSYTKGQVTVEVKGQPKQRYQVEFFGNTSANSNEAEFYLGSAVAATNEQGLAKILWKPTNKVASITANITDRLGATSELSSAVKLK
15,tr|A0A8B5RYQ6|A0A8B5RYQ6_ACIBZ,MKLISLRLSALAIGLAVSGLAMAESYVVDRYQDDSEKGSLRWAIEQANAKPTEASEILIQAVGTAPYTIKVNSPLPEIKAPVKITGTQWAKTGEFIAIDGSNYIKGTGVEACPGAVEGQFGTNVRTTTLPGLVLRDINGVTIQGVEIRRFCIGILMNRASNNLIQNNRIMHNYGGAGVMLTGDDGKGNPTATTTNNNKVLNNYFQDNGDGLELTRGAAFNLVANNHFISTSANPEPSQGIEILWGNDNAVVGNKFENYSDGLQINWGKRNYIAYNELTNNSNGFNLTGEGNIFDSNKVHGNRVGIAIRSEKDANAHITLTKNQIWNNGQDIKRCEAGGSCVPNQRVGAIIFDIPGLEHAHFVGSRGHGVKIDPANLQKTCQQPNEQGCNAQPNQGIQAPKLSYAKGQVTVEVKGQPNQRYQIEFFGNTSASSNEAEFYLGSAVAATNGQGLAKLLWKPTNKVASVTANITDRLGATSELSSAVKLK
16,tr|A0A8D6BGA1|A0A8D6BGA1_ACIS5,MKLISLRLSALAIGLAVSGLTMAESYVVDRYQDDSEKGSLRWAIEQTNAKPTEASEILIQAVGTAPYTIKVNSPLPEIKAPVKITGTQWAKTGEFIAIDGSNYIKGTGVEACPGAVEGQFGTNVRTTTLPGLVLRDINGVTIQGVEIRRFCIGILMNRASNNLIQNNRIMHNYGGAGVMLTGDDGKGNPTATTTNNNKVLNNYFQDNGDGLELTRGAAFNLVANNHFISTSANPEPSQGIEILWGNDNAVVGNKFENYSDGLQINWGKRNYIAYNELTNNSNGFNLTGDGNIFDSNKVHGNRVGIAIRSEKDANAHITLTKNQIWNNGQDIKRCEAGGSCVPNQRVGAIIFDIPGLEHAHFVGSRGHGVKIDPANLQKTCQQPNEQGCNAQPNQGIQAPKLSYAKGQVTVEVKGQPNQRYQIEFFGNTSASSNEAEFYLGSAVAATNGQGLAKLLWKPTNKVASVTANITDRLGATSELSSAVKLK
17,tr|A0A8I1AGA8|A0A8I1AGA8_ACIBZ,MISLRLSALAIGLAVSGLTMAESYVVDRYQDDSEKGSLRWAIEQTNAKPTEASEILIQAVGTAPYTIKVNSPLPEIKAPVKITGTQWAKTGEFIAIDGSNYIKGTGVEACPGAVEGQFGTNVRTTTLPGLVLRDINGVTIQGVEIRRFCIGILMNRASNNLIQNNRIMHNYGGAGVMLTGDDGKGNPTATTTNNNKVLNNYFQDNGDGLELTRGAAFNLVANNHFISTSANPEPSQGIEILWGNDNAVVGNKFENYSDGLQINWGKRNYIAYNELTNNSNGFNLTGDGNIFDSNKVHGNRVGIAIRSEKDANAHITLTKNQIWNNGQDIKRCEAGGSCVPNQRVGAIIFDIPGLEHAHFVGSRGHGVKIDPANLQKTCQQPNEQGCNAQPNQGIQAPKLSYAKGQVTVEVKGQPNQRYQIEFFGNTSASSNEAEFYLGSAVAATNGQGLAKLLWKPTNKVASVTANITDRLGATSELSSAVKLK
18,tr|K9BFZ8|K9BFZ8_9GAMM,MKTIYLRLSTLAIAMAVSGWAAAETYIVDRYQDDKDKGSLRWAIEQANSKPTEASEILIQAVGKAPYAIKVNSPLPEIKAPVKIIGTQWAKTGEFIAVDGSNYIKGTGVEACPGAVEGQFGTNVRTTTLPGIVLRDINGVTIQGLEIRHFCIGILMNRASNNLIQNNRIMHNYGGAGVMLTGDDGKGNPTATTTNNNKVLNNYFQDNGDGLELTRGAAFNLVANNHFISTAANPEPSQGIEILWGNDNAVVGNKFENYSDGLQINWGKRNYIAYNELTNNSNGFNLTGDGNIFDSNKVHGNRVGIAIRSEKDADAHITLTKNQIWNNGKEIKRCEAGGSCVPNQRVGAIIFDIPGLEHAHFVGSRGHGVKIDPANLQKTCKQANEQGCNAQPNQNIQAPKLSLSKGQIAVEVKAQPNQRYQVEFFGNSSANSNEAEFYLGSAVAATNAQGIATLTWKPTAQVASVTANITDRLGATSELSSAVKLK
19,tr|L9LXN2|L9LXN2_9GAMM,MKLISLRLSALAIGLAVSGLTMAESYVVDRYQDDSEKGSLRWAIEQANAKPTEASEILIQAVGTAPHTIKVNSPLPEIKAPVKITGTQWAKTGEFIAIDGSNYIKGTGVEACPGAVEGQFGTNVRTTTLPGLVLRDINGVTIQGVEIRRFCIGILMNRASNNLIQNNRIMHNYGGAGVMLTGDDGKGNPTATTTNNNKVLNNYFQDNGDGLELTRGAAFNLVANNHFISTSANPEPSQGIEILWGNDNAVVGNKFENYSDGLQINWGKRNYIAYNELTNNSNGFNLTGDGNIFDSNKVHGNRVGIAIRSEKDANAHITLTKNQIWNNGQDIKRCEAGGSCVPNLRVGAIIFDIPGLEHAHFVGSRGHGVKIDPANLQKTCQQPNEQGCNAQPNQGIQAPKLSYAKGQVTVEVKGQPKQRYQVEFFGNTSASSNEAEFYLGSAVAATNGQGLAKLLWKPTNKVASVTANITDRLGATSELSSAVKLK
20,tr|N8PKA2|N8PKA2_9GAMM,MNIISLRLSALAIGLALSGMAAAETYVVDRYQDDSEKGSLRWAIEQANTKPSEASEILIQAVGQAPYAIKVNSPLPEIKAPVKIIGTQWAKTGEFVAVDGSNYIKGRGVEACPGAVEGQFGTNVRTTTLPGIVLRDINGVTIQGLEIRHFCIGILMNRASNNLIQHNRIMHNYGGAGVMLTGDDGKGNPTATTTNNNKVLDNYFQDNGDGLELTRGAAFNLVANNHFISTSANPEPSQGIEILWGNDNAVVGNKFENYSDGLQINWGKRNYIAYNELTNNSNGFNLTGDGNIFDSNKVHGNRVGIAIRSEKDANAHITLTKNQIWNNGKDIKRCEAGGSCVPNQRLGAIIFDIPGLEHAHFVGSRGHGVKIDPANLQKTCLQPNQQGCNQQPNQGIQAPTLSLSKGQIAVEIKGQPNQRYQVELFGNSSANANEAEFYLGSVVAVTNAEGIAKVAYKPTSKVASVTANVTDHLGATSELSSAVKFK
21,tr|N8WZL7|N8WZL7_ACIGI,MKMISLRLTTLALGLAISGLAVAESYVVDRYQDDHEKGSLRWAIEQANSKPSEASEILIQAVGQAPYAIKVNSPLPEIKAPVKIIGTQWAKTGEFIAIDGSNYIKGTGVEACPGAVEGQFGTNVRTTTLPGIVLRDINGVSIQGLEIRRFCIGILMNRASNNLIQNNRIMHNYGGAGVMLTGDDGKGNSTATTTNNNKVLNNYFQDNGDGLELTRGAAFNLVANNHFISTSANPEPSQGIEILWGNDNAVIGNKFENYSDGLQINWGKRNYIAYNELTNNSNGFNLTGDGNIFDSNKVHGNRVGIAIRSEKDANAHITLTKNQIWNNGKDIKRCEAGGSCVPNQRLGAIIFDIPGLEHAHFVGSRGHGVKIDPANLQKTCQQPNEQGCNPQPNQNIQAPKLTLAKGQIAVEVKGQPNQRYQVEFFGNSQASSNEAEFYLGSSTVATNAQGTASVTWEPTMKVASITANITDRLGATSELSSAVKLK
22,tr|N8XFR6|N8XFR6_ACIBZ,MKLISLRLSALAIGLAVSGLTMAESYVVDRYQDDSEKGSLRWAIEQANAKPTEASEILIQAVGTAPYTIKVNSPLPEIKAPVKITGTQWAKTGEFIAIDGSNYIKGTGVEACPGAVEGQFGTNVRTTTLPGLVLRDINGVTIQGVEIRRFCIGILMNRASNNLIQNNRIMHNYGGAGVMLTGDDGKGNPTATTTNNNKVLNNYFQDNGDGLELTRGAAFNLVANNHFISTSANPEPSQGIEILWGNDNAVVGNKFENYSDGLQINWGKRNYIAYNELTNNSNGFNLTGDGNIFDSNKVHGNRVGIAIRSEKDANAHITLTKNQIWNNGQDIKRCEAGGSCVPNQRVGAIIFDIPGLEHAHFVGSRGHGVKIDPANLQKTCQQLNEKGCNAQPNQGIQAPKLSYAKGQVTVEVKGQPNQRYQVEFFGNTSASSNEAEFYLGSAVAATNGQGLAKLLWKPTNKVASVTANITDHLGATSELSSAVKLK
23,tr|N9E1M3|N9E1M3_9GAMM,MNVISLRLSALAIGLAVSGLAAAETYVVDRYQDDTEKGSLRWAIQQANTKPTEASEILIQAVGQAPYAIKVNSPLPEIKAPVKIIGTQWAKTGEFVAVDGSNYIKGRGVEACPGAVEGQFGTNVRTTTLPGIVLRDINGVTIQGLEIRHFCIGILMNRANNNLIQHNRIMHNYGGAGVMLTGDDGKGNPTATTTNNNKVLDNYFQDNGDGLELTRGAAFNLVANNHFISTSANPEPSQGIEILWGNDNAVVGNKFENYSDGLQINWGKRNYIAYNELTNNSNGFNLTGDGNIFDSNKVHGNRVGIAIRSEKDANAHITLTKNQIWNNGKDIKRCEAGGSCVPNQRLGAIIFDIPGLEHAHFVGSRGHGVKIDPANLQKTCLQPNQQGCNQQPNQGIQAPTLSLSKGQVAVEVKGQPNQRYQVELFGNSSANANEAEFYLGSVVAVTNAEGIAKVAYKPTSKVASVTANVTDHLGATSELSSAVKFK
24,tr|N9EZ54|N9EZ54_ACIBZ,MKLISLRLSALAIGLAVSGLAMAESYVVDRYQDDSEKGSLRWAIEQANAKPTEASEILIQAVGTAPYTIKVNSPLPEIKAPVKITGTQWAKTGEFIAIDGSNYIKGTGVEACPGAVEGQFGTNVRTTTLPGLVLRDINGVTIQGVEIRRFCIGILMNRASNNLIQNNRIMHNYGGAGVMLTGDDGKGNPTATTTNNNKVLNNYFQDNGDGLELTRGAAFNLVANNHFISTSANPEPSQGIEILWGNDNAVVGNKFENYSDGLQINWGKRNYIAYNELTNNSNGFNLTGDGNIFDSNKVHGNRVGIAIRSEKDANAHITLTKNQIWNNGQDIKRCEAGGSCVPNQRVGAIIFDIPGLEHAHFVGSRGHGVKIDPANLQKTCQQPNEQGCNAQPNQGIQAPKLSYAKGQVTVEVKGQPNQRYQIEFFGNTSASSNEAEFYLGSAVAATNGQGLAKLLWKPTNKFASVTANITDRLGATSELSSAVKLK
25,tr|N9MER1|N9MER1_9GAMM,MKAIYLRLSTLAVAMAVSGMAAAETYVVDRYQDDKDKGSLRWAIEQANSKPTEASEILIQAVGKAPYAIKVNSPLPEIKAPVKIIGTQWAKTGEFIAVDGSNYIKGTGVEACPGAVEGQFGTNVRTTTLPGIVLRDINGVTIQGLEIRHFCIGILMNRASNNLIQNNRIMHNYGGAGVMLTGDDGKGNPTATTTNNNKVLNNYFQDNGDGLELTRGAAFNLVANNHFISTAANPEPSQGIEILWGNDNAVVGNKFENYSDGLQINWGKRNYIAYNELTNNSNGFNLTGDGNIFDSNKVHGNRVGIAIRSEKDANAHITLTKNLIWNNGKDIKRCEAGGSCVPNQRVGAIIFDIPGLEHAHFVGSRGHGVKIDPANLQKTCNTSDEQGCNAQPNQNIQAPKLSVSKGQIAVEVKGQPNQRYQVEFFGNTSANSNEAELYLGSAVAATNVQGTATLTWKPTTQVASVTATITDRVGATSELSSAVKLK
26,tr|N9N6S6|N9N6S6_9GAMM,MNVISLRLSALAIGLAVSGLAAAETYVVDRYQDDTEKGSLRWAIEQANTKPTEASEILIQAVGQAPYAIKVNSPLPEIKASVKIIGTQWAKTGEFIAVDGSNYIKGRGVEACPGAVEGQFGTNVRTTTLPGIVLRDINGVTIRGLEIRHFCIGILMNRASNNLIQHNRIMHNYGGAGVMLTGDDGKGNPTATTTNNNKVLDNYFQDNGDGLELTRGAAFNLVANNHFISTSANPEPSQGIEILWGNDNAVVGNKFENYSDGLQINWGKRNYIAYNELTNNSNGFNLTGDGNIFDSNKVHGNRVGIAIRSEKDANAHITLTKNQIWNNGKDIKRCEAGGSCVPNQRLGAIIFDIPGLEHAHFVGSRGHGVKIDPANLQKTCLQPTQQGCNQQPNQGIQAPTLSLSKGQIAVEIKGQPNQRYQVELFGNSSANANEAEFYLGSIVAVTNAEGIAKVAYKPTSKVASVTANVTDHLGATSELSSAVKFK
27,tr|N9NTS6|N9NTS6_9GAMM,MKTIYLRLSTLAIAMAVSGMAAAETYIVDRYQDDTDKGSLRWAIEQANSKPTEASEILIQAVGKAPYAIKVNRPLPEIKAPVKIIGTQWAKTGEFIAVDGSNYIKGTGVEACPGAVEGQFGTNVRTTTLPGIVLRDINGVTIQGLEIRHFCIGILMNRASNNLIQNNRIMHNYGGAGVMLTGDDGKGNPTATTTNNNKVLNNYFQDNGDGLELTRGAAFNLVANNHFISTAANPEPSQGIEILWGNDNAVVGNKFENYSDGLQINWGKRNYIAYNELTNNSNGFNLTGDGNIFDSNKVHGNRVGIAIRSEKDADAHITLTKNQVWNNGKEIKRCEAGGSCVPNQRVGAIIFDVPGLEHAHFVGSRGHGVKIDPANLQKTCKQANEQGCNAQPNQNIQAPKLSLSKGQIVVEVKAQPNQRYQVEFFGNSSANSNEAEFYLGSAIAATNAQGIATLTWKPTAQVASVTANITDRLGATSELSSAVKLK
28,tr|N9R4S7|N9R4S7_9GAMM,MKAIYLRLSTLAMAMAVSGMAAAETYVVDRYQDDKDKGSLRWAIEQANSKPTEASEILIQAVGKAPYAIKVNSPLPEIKAPVKIIGTQWAKTGEFIAVDGSNYIKGTGVEACPGAVEGQFGTNVRTTTLPGIVLRDINGVTIQGLEIRHFCIGILMNRASNNLIQNNRIMHNYGGAGVMLTGDDGKGNPTATTTNNNKVLNNYFQDNGDGLELTRGAAFNLVANNHFISTAANPEPSQGIEILWGNDNAVIGNKFENYSDGLQINWGKRNYIAYNELTNNSNGFNLTGDGNIFDSNKVHGNRVGIAIRSEKDADAHITLTKNQIWNNGKEIKRCEAGGSCVPNQRVGAIIFDIPGLEHAHFVGSRGHGVKIDPANLQKTCKQANEQGCNAQPNQNIQAPKLTLSKGQIAVEVKAQPNQRYQVEFFGNSSANSKEAEFYLGSAVAATNAQGIATLTWKPTAQVASVTANITDRLGATSELSSAVKLK
29,tr|N9RL09|N9RL09_9GAMM,MKTIYLRLSTLAIAMAVSSWAAAETYIVDRYQDDADKGSLRWAIEQANSKPTEASEILIQAVGKAPYAIKVNSPLPEIKAPVKIIGTQWAKTGEFIAVDGSNYIKGTGVEACPGAVEGQFGTNVRTTTLPGIVLRDINGVTIQGLEIRHFCIGILMNRASNNLIQNNRIMHNYGGAGVMLTGDDGKGNPTATTTNNNKVLSNYFQDNGDGLELTRGAAFNLVANNHFISTAANPEPSQGIEILWGNDNAVVGNKFENYSDGLQINWGKRNYIAYNELTNNSNGFNLTGDGNIFDSNKVHGNRVGIAIRSEKDANAHITLTKNLIWNNGKDIKRCEAGGSCVPNQRVGAIIFDIPGLEHAHFVGSRGHGVKIDPANLQKTCNKPDEQGCNAQPNQNIQAPKLTLSKGQIAVEVKGQPNQRYQVEFFGNSSAQSNEAELYLGSAVAATNAQGTATLTWKPTAQAASVTANITDRLGATSELSSAVKLK
30,tr|V2V6A3|V2V6A3_9GAMM,MNVISLRLSALAIGLAVSGLAAAETYVVDRYQDDAEKGSLRWAIEQANTKPTEASEILIQAVGQAPYAIKVNSPLPEIKAPVKIIGTQWAKTGEFIAVDGSNYIKGTGVEACPGAVEGQFGTNVRTTTLPGIVLRDINGVTIQGLEIRHFCIGILMNRASNNLIQHNRIMHNYGGAGVMLTGDDGKGNPTATTTNNNKVLDNYFQDNGDGLELTRGAAFNLVANNHFISTSANPEPSQGIEILWGNDNAVVGNKFENYSDGLQINWGKRNYIAYNELTNNSNGFNLTGDGNILDSNKVHGNRVGIAIRSEKDANAHITLTKNQIWNNGKDIKRCEAGGSCVPNQRVGAIIFDIPGLEHAHFVGSRGHGVKIDPVKLQKTCQQPNEQGCNAQPNQGVQAPKLTLSKGHVVAQIKGQPNQRYQIELFGNSSANSNEAELYLGSVVAVTNAEGIAIASWKPTTKVAVVTANVTDHLGATSELSSAVKFK
31,UPI00044BCF02,MKTIYLRLSTLAIAMAVSGWAAAETYIVDRYQDDADQGSLRWAIEQANSKPTESSEILIQAVGKAPYAIKVNRPLPEIKAPVKIIGTQWAKTGEFIAVDGSNYIKGTGVEACPGAVEGQFGTNVRTTTLPGIVLRDINGVTIQGLEIRHFCIGILMNRASNNLIQNNRIMHNYGGAGVMLTGDDGKGNPTATTTNNNKVLNNYFQDNGDGLELTRGAAFNLVANNHFISTAANPEPSQGIEILWGNDNAVVGNKFENYSDGLQINWGKRNYIAYNELTNNSNGFNLTGDGNIFDSNKVHGNRVGIAIRSEKDADAHITLTKNQIWNNGKEIKRCEAGGSCVPNQRIGAIIFDIPGLEHAHFVGSRGHGVKIDPANLQKTCQQANEQGCNAQPNQNIQAPKLTLSKGQIAVEIKGQSNQRYQVEFFGNSSANSNEAEFYLGSAVAATNAQGIATLTWKPTAQVASVTANITDRLGSTSELSSAVKLK
32,UPI00100E7327,MKIVSLRLSALAIGLAVSGLAAAETYVVDRYQDDSEKGSLRWAIEQANTKPTEASEILIQAVGQAPYAIKVNSPLPEIKAPVKIIGTQWAKTGEFVAVDGSNYIKGRGVEACPGAVEGQFGTNVRTTTLPGIVLRDINGVTIQGLEIRHFCIGILMNRASNNLIQHNRIMHNYGGAGVMLTGDDGKGNPTATTTNNNKVLDNYFQDNGDGLELTRGAAFNLVANNHFISTSANPEPSQGIEILWGNDNAVVGNKFENYSDGLQINWGKRNYIAYNELTNNSNGFNLTGDGNIFDSNKVHGNRVGIAIRSEKDANAHITLTKNQIWNNGKDIKRCEAGGSCVPNQRLGAIIFDIPGLEHAHFVGSRGHGVKIDPANLQKTCQEPNQQGCNQQPNQGIQAPTLSLSKGQIVVEVKGQPHQRYQVELFGNSSANANEAEFYLGSIVAVTNAEGNAKVSYKPTSKVASVTANVTDHLGATSELSSAVKFK
33,UPI0012485ED0,MKTIYLRLSTLAIAMAVSGMAAAETYIVDRYQDDADQGSLRWAIEQANSKPTESSEILIQAVGKAPYAIKVNRPLPEIKAPVKIIGTQWAKTGEFIAVDGSNYIKGTGVEACPGAVEGQFGTNVRTTTLPGIVLRDINGVTIQGLEIRHFCIGILMNRASNNLIQNNRIMHNYGGAGVMLTGDDGKGNPTASTTNNNKVLNNYFQDNGDGLELTRGAAFNLVANNHFISTAANPEPSQGIEILWGNDNAVIGNKFENYSDGLQINWGKRNYIAYNELTNNSNGFNLTGDGNIFDSNKVHGNRVGIAIRSEKDADAHITLTKNQIWNNGKEIKRCEAGGSCVPNQRVGAIIFDIPGLEHAHFVGSRGHGVKIDPANLQKTCKQANEQGCNAQPNQNIQAPKLSLSKGQIAVEVKAQPNQRYQVEFFGNSSANSNEAEFYLGSAVAASNAQGIATLTWKPTAQVASVTANITDRLGATSELSSAVKLK
34,UPI00141A9CB9,MISLRLTTLALGLAVSGLAMAESYVVDRYQDDHEKGSLRWAIEQANSKPSEASEILIQAVGQAPYAIKVNSPLPEIKAPVKIIGTQWAKTGEFIAIDGSNYIKGTGVEACPGAVEGQFGTNVRTTTLPGIVLRDINGVSIQGLEIRRFCIGILMNRASNNLIQNNRIMHNYGGAGVMLTGDDGKGNPTATTTNNNKVLNNYFQDNGDGLELTRGAAFNLVANNHFISTAANPEPSQGIEILWGNDNAVIGNKFENYSDGLQINWGKRNYIAYNELTNNSNGFNLTGDGNIFDSNKVHGNRVGVAIRSEKDANARITLTKNQIWNNGKDIKRCEAGGSCVPNQRLGAIIFDIPGLEHAHFVGSRGHGVKIVPANLQKTCQQPNEQGCNPQPNQNIQAPKLTLAKGQIAVEVKGQPNQRYQVEFFGNSQASANEAEFYLGSSTVATNAQGTASVTWKPTMKVASVTANITDRLGATSELSSAVKLK
35,UPI001427B8F7,MISLRLTTLALGLAISGLAVAESYVVDRYQDDHEKGSLRWAIEQANSKPSEASEILIQAVGQAPYAIKVNSPLPEIKAPVKIIGTQWAKTGEFIAIDGSNYIKGTGVEACPGAVEGQFGTNVRTTTLPGIVLRDINGVSIQGLEIRRFCIGILMNRASNNLIQNNRIMHNYGGAGVMLTGDDGKGNSTATTTNNNKVLNNYFQDNGDGLELTRGAAFNLVANNHFISTSANPEPSQGIEILWGNDNAVIGNKFENYSDGLQINWGKRNYIAYNELTNNSNGFNLTGDGNIFDSNKVHGNRVGIAIRSEKDANAHITLTKNQIWNNGKDIKRCEAGGSCVPNQRLGAIIFDIPGLEHAHFVGSRGHGVKIDPANLQKTCQQPNEQGCNPQPNQNIQAPKLTLAKGQIAVEVKGQPNQRYQVEFFGNSQASSNEAEFYLGSSTVATNAQGTASVTWEPTMKVASITANITDRLGATSELSSAVKLK
36,UPI00142DBB2B,MISLRLTTLALGLAVSGLAMAESYVVDRYQDDSEKGSLRWAIEQVNSKPSETSEILIQAVGQAPYAIKVNSPLPEIKAPVKIIGTQWAKTGEFIAIDGSNYIKGTGVEACPGAVEGQFGTNVRTTTLPGIVLRDINGVSIQGLEIRRFCIGILMNRASNNLIQNNRIMHNYGGAGVMLTGDDGKGNPTATTTNNNKVLNNYFQDNGDGLELTRGAAFNLVANNHFISTAANPEPSQGIEILWGNDNAVIGNKFENYSDGLQINWGKRNYIAYNELTNNSNGFNLTGDGNIFDSNKVHGNRVGVAIRSEKDANARITLTKNQIWNNGKDIKRCEAGGSCVPNQRLGAIIFDIPGLEHAHFVGSRGHGVKIDPANLQKTCQQPNEQGCNPQPNQNIQAPKLTLAKGQIAVEVKGQPNQRYQVEFFGNSQASSNEAEFYLGSSTVATNAQGTASVTWKPTMKVASITANITDRLGATSELSSAVKLK
37,UPI00143B1247,MKVVSLRLSALAIGLAVSGLAAAETYVVDRYQDDSEKGSLRWAIEQANTKPTEASEILIQAVGQAPYAIKVNSPLPEIKAPVKIIGTQWAKTGEFVAVDGSNYIKGRGVEACPGAVEGQFGTNVRTTTLPGIVLRDINGVTIQGLEIRHFCIGILMNRASNNLIQHNRIMHNYGGAGVMLTGDDGKGNPTATTTNNNKVLDNYFQDNGDGLELTRGAAFNLVANNHFISTSANPEPSQGIEILWGNDNAVVGNKFENYSDGLQINWGKRNYIAYNELTNNSNGFNLTGDGNIFDSNKVYGNRVGIAIRSEKDVNAHITLTKNQIWNNGKDIKRCEAGGSCVPNQRLGAIIFDIPGLEHAHFVGSRGHGVKIDPANLQKTCLQPNQQGCNQQPNQGIQAPTLSLSKGQVVVEVKGQPHQRYQVELFGNSSANANEAEFYLASVVAVTNAEGIAKVAYKPTSKVASVTANVTDHLGATSELSSAVKFK
38,UPI0014784BDB,MISLRLTTLALGLAVSGLAMAESYVVDRYQDDSEKGSLRWAIEQVNSKPSEASEILIQAVGQAPYAIKVNSPLPEIKAPVKIIGTQWAKTGEFIAIDGSNYIKGTGVKACPGAVEGQFGTNVRTTTLPGIVLRDINGVSIQGLEIRRFCIGILMNRASNNLIQNNRIMYNYGGAGVMLTGDDGKGNPTATTTNNNKVLNNYFQDNGDGLELTRGAAFNLVANNHFISTAANPEPSQGIEILWGNDNAVIGNKFENYSDGLQINWGKRNYIAYNELTNNSNGFNLTGDGNIFDSNKVHGNRVGVAIRSEKDANARITLTKNQIWNNGKDIKRCEAGGSCVPNQRLGAIIFDIPGLEHAHFVGSRGHGVKIDPANLQKTCQQPNEQGCNPQPNQNIQAPKLTLAKGQIAVEVKGQPNQRYQVEFFGNSQASANEAEFYLGSSTVATNAQGTASVTWKPTMKVASVTANITDRLGATSELSSAVKLK
39,UPI0014863E50,MISLRLSALAIGLAVSGLTMAESYVVDRYQDDSEKGSLRWAIEQANAKPTEASEILIQAVGTAPYTIKVNSPLPEIKAPVKITGTQWAKTGEFIAIDGSNYIKGTGVEACPGAVEGQFGTNVRTTTLPGLVLRDINGVTIQGVEIRRFCIGILMNRASNNLIQNNRIMHNYGGAGVMLTGDDGKGNPTATTTNNNKVLNNYFQDNGDGLELTRGAAFNLVANNHFISTSANPEPSQGIEILWGNDNAVVGNKFENYSDGLQINWGKRNYIAYNELTNNSNGFNLTGDGNIFDSNKVHGNRVGIAIRSEKDANAHITLTKNQIWNNGQDIKRCEAGGSCVPNQRVGAIIFDIPGLEHAHFVGSRGHGVKIDPANLQKTCQQLNEKGCNAQPNQGIQAPKLSYAKGQVTVEVKGQPNQRYQVEFFGNTSASSNEAEFYLGSAVAATNGQGLAKLLWKPTNKVASVTANITDHLGATSELSSAVKLK
40,UPI0014867672,MISLRLSALAIGLAVSGLAMAESYVVDRYQDDSEKGSLRWAIEQANAKPTEASEILIQAVGTAPYTIKVNSPLPEIKAPVKITGTQWAKTGEFIAIDGSNYIKGTGVEACPGAVEGQFGTNVRTTTLPGLVLRDINGVTIQGVEIRRFCIGILMNRASNNLIQNNRIMHNYGGAGVMLTGDDGKGNPTATTTNNNKVLNNYFQDNGDGLELTRGAAFNLVANNHFISTSANPEPSQGIEILWGNDNAVVGNKFENYSDGLQINWGKRNYIAYNELTNNSNGFNLTGDGNIFDSNKVHGNRVGIAIRSEKDANAHITLTKNQIWNNGQDIKRCEAGGSCVPNQRVGAIIFDIPGLEHAHFVGSRGHGVKIDPANLQKTCQQPNEQGCNAQPNQGIQAPKLSYAKGQVTVEVKGQPNQRYQIEFFGNTSASSNEAEFYLGSAVAATNGQGLAKLLWKPTNKFASVTANITDRLGATSELSSAVKLK
41,UPI0014871D08,MISLRLSALAIGLAVSGLTMAESYVVDRYQDDSEKGSLRWAIEQANAKPTEASEILIQAVGTAPHTIKVNSPLPEIKAPVKITGTQWAKTGEFIAIDGSNYIKGTGVEACPGAVEGQFGTNVRTTTLPGLVLRDINGVTIQGVEIRRFCIGILMNRASNNLIQNNRIMHNYGGAGVMLTGDDGKGNPTATTTNNNKVLNNYFQDNGDGLELTRGAAFNLVANNHFISTSANPEPSQGIEILWGNDNAVVGNKFENYSDGLQINWGKRNYIAYNELTNNSNGFNLTGDGNIFDSNKVHGNRVGIAIRSEKDANAHITLTKNQIWNNGQDIKRCEAGGSCVPNLRVGAIIFDIPGLEHAHFVGSRGHGVKIDPANLQKTCQQPNEQGCNAQPNQGIQAPKLSYAKGQVTVEVKGQPKQRYQVEFFGNTSASSNEAEFYLGSAVAATNGQGLAKLLWKPTNKVASVTANITDRLGATSELSSAVKLK
42,UPI001487CFCA,MISLRLTTLALGLAVSGLAMAESYVVDRYQDDHEKGSLRWAIEQANSKPSEASEILIQAVGQAPYAIKVNSPLPEIKAPVKIIGTQWAKTGEFIAIDGSNYIKGTGVEACPGAVEGQFGTNVRTTTLPGIVLRDINGVSIQGLEIRRFCIGILMNRASNNLIQNNRIMHNYGGAGVMLTGDDGKGNPTATTTNNNKVLNNYFQDNGDGLELTRGAAFNLVANNHFISTAANPEPSQGIEILWGNDNAVIGNKFENYSDGLQINWGKRNYIAYNELTNNSNGFNLTGDGNIFDSNKVHGNRVGVAIRSEKDANARITLTKNQIWNNGKDIKRCEAGGSCVPNQRLGAIIFDIPGLEHAHFVGSRGHGVKIVPANLQKTCQQPNEQGCNPQPNQNIQAPKLTLAKGQITVEVKGQPNQRYQVEFFGNSQASANEAEFYLGSSTVATNAQGTASMTWKPTMKVASVTANITDRLGATSELSSAVKLK
43,UPI0014887713,MISLRLSALAIGLAVSGLAMAESYVVDRYQDDSEKGSLRWAIEQANAKPTEASEILIQAVGTAPYTIKVNSPLPEIKAPVKITGTQWAKTGEFIAIDGSNYIKGTGVEACPGAVEGQFGTNVRTTTLPGLVLRDINGVTIQGVEIRRFCIGILMNRASNNLIQNNRIMHNYGGAGVMLTGDDGKGNPTATTTNNNKVLNNYFQDNGDGLELTRGAAFNLVANNHFISTSANPEPSQGIEILWGNDNAVVGNKFENYSDGLQINWGKRNYIAYNELTNNSNGFNLTGDGNIFDSNKVHGNRVGIAIRSEKDANAHITLTKNQIWNNGQDIKRCEAGGSCVPNQRVGAIIFDIPGLEHAHFVGSRGHGVKIDPANLQKTCQQPNEQGCNAQPNQGIQAPKLSYAKGQVTVEVKGQPNQRYQVEFFGNTSASSNEAEFYLGSAVAATNGQGLAKLLWKPTNKVASVTANITDRLGATSELSSAVKLK
44,UPI0014890E2C,MISLRLSALAIGLAVSGLTMAESYVVDRYQDDSEKGSLRWAIEQANAKPTEASEILIQAVGTAPYTIKVNSPLPEIKAPVKITGTQWAKTGEFIAIDGSNYIKGTGVEACPGAVEGQFGTNVRTTTLPGLVLRDINGVTIQGVEIRRFCIGILMNRASNNLIQNNRIMHNYGGAGVMLTGDDGKGNPTATTTNNNKVLNNYFQDNGDGLELTRGAAFNLVANNHFISTSANPEPSQGIEILWGNDNAVVGNKFENYSDGLQINWGKRNYIAYNELTNNSNGFNLTGDGNIFDSNKVHGNRVGIAIRSEKDANAHITLTKNQIWNNGQDIKRCEAGGSCVPNQRVGAIIFDIPGLEHAHFVGSRGHGVKIDPANLQKTCQQPNEQGCNAQPNQGIQAPKLSYAKGQVTVEVKGQPNQRYQIEFFGNTSASSNEAEFYLGSAVAATNGQGLAKLLWKPTNKVASVTANITDRLGATSELSSAVKLK
45,UPI0014899E94,MISLRLTTLALGLAVSGLAMAESYVVDRYQDDSEKGSLRWAIEQANSKPSETSEILIQAVGQAPYAIKVNSPLPEIKAPVKIIGTQWAKTGEFIAIDGSNYIKGTGVEACPGAVEGQFGTNVRTTTLPGIVLRDINGVSIQGLEIRRFCIGILMNRASNNLIQNNRIMHNYGGAGVMLTGDDGKGNPTATTTNNNKVLNNYFQDNGDGLELTRGAAFNLVANNHFISTAANPEPSQGIEILWGNDNAVIGNKFENYSDGLQINWGKRNYIAYNELTNNSNGFNLTGDGNIFDSNKVHGNRVGVAIRSEKDANARITLTKNQIWNNGKDIKRCEAGGSCVPNQRLGAIIFDIPGLEHAHFVGSRGHGVKIDPANLQKTCQQPNEQGCNPQPNQNIQAPKLTLAKGQIAVEVKGQPNQRYQVEFFGNSQASANEAEFYLGSSTVATNAQGTASVTWKPTMKVASITANITDRLGATSELSSAVKLK
46,UPI00148A914A,MISLRLSALAMGLAVSGLTMAESYVVDRYQDDSEKGSLRWAIEQANAKPTEASEILIQAVGTAPYTIKVNSPLPEIKAPVKITGTQWAKTGEFIAIDGSNYIKGTGVEACPGAVEGQFGTNVRTTTLPGLVLRDINGVTIQGVEIRRFCIGILMNRASNNLIQNNRIMHNYGGAGVMLTGDDGKGNPTATTTNNNKVLNNYFQDNGDGLELTRGAAFNLVANNHFISTSANPEPSQGIEILWGNDNAVVGNKFENYSDGLQINWGKRNYIAYNELTNNSNGFNLTGDGNIFDSNKVHGNRVGIAIRSEKDANAHITLTKNQIWNNGQDIKRCEAGGSCVPNQRVGAIIFDIPGLEHVHFVGSRGHGVKIDPANLQKTCQQPNEQGCNAQPNQGIQAPKLSYAKGQVTVEVKGQPNQRYQIEFFGNTSASSNEAEFYLGSAVAATNGQGLAKLLWKPTNKVASVTANITDRLGATSELSSAVKLK
47,UPI00148B8F93,MISLRLTTLALGLAVSGLAMAESYVVDRYQDDSEKGSLRWAIEQANSKPSEASEILIQAVGQAPYAIKVNSPLPEIKAPVKIIGTQWAKTGEFIAIDGSNYIKGTGVEACPGAVEGQFGTNVRTTTLPGIVLRDINGVSIQGLEIRRFCIGILMNRASNNLIQNNRIMHNYGGAGVMLTGDDGKGNPTATTTNNNKVLNNYFQDNGDGLELTRGAAFNLVANNHFISTAANPEPSQGIEILWGNDNAVIGNKFENYSDGLQINWGKRNYIAYNELTNNSNGFNLTGDGNIFDSNKVHGNRVGVAIRSEKDANARITLTKNQIWNNGKDIKRCEAGGSCVPNQRLGAIIFDIPGLEHAHFVGSRGHGVKIDPANLQKTCQQPNEQGCNPQPNQNIQAPKLTLAKGQIAVEVKGQPNQRYQVEFFGNSQASANEAEFYLGSSTVATNAQGTASVTWKPTMKVASVTANITDRLGATSELSSAVKLK
48,UPI00148E820D,MISLRLSALAIGLAVSGLTMAESYVVDRYQDDSEKGSLRWAIEQANAKPTEASEILIQAVGTAPYTIKVNSPLPEIKAPVKITGTQWAKTGEFIAIDGSNYIKGTGVEACPGAVEGQFGTNVRTTTLPGLVLRDINGVTIQGVEIRRFCIGILMNRASNNLIQNNRIMHNYGGAGVMLTGDDGKGNPTATTTNNNKVLNNYFQDNGDGLELTRGAAFNLVANNHFISTSANPEPSQGIEILWGNDNAVVGNKFENYSDGLQINWGKRNYIAYNELTNNSNGFNLTGDGNIFDSNKVHGNRVGIAIRSEKDANAHITLTKNQIWNNGQDIQRCEAGGSCVPNQRVGAIIFDIPGLEHAHFVGSRGHGVKIDPANLQKTCQQPNEQGCNAQPNQGIQAPKLSYAKGQVTVEVKGQPNQRYQVEFFGNTSASSNEAEFYLGSAVAATNGQGLAKLLWKPTNKVASVTANITDRLGATSELSSAVKLK
49,UPI00148E91EE,MISLRLSALAIGLAVSGLAMAESYVVDRYQDDSEKGSLRWAIEQANAKPTEASEILIQAVGTAPYTIKVNSPLPEIKAPVKITGTQWAKTGEFIAIDGSNYIKGTGVEACPGAVEGQFGTNVRTTTLPGLVLRDINGVTIQGVEIRRFCIGILMNRASNNLIQNNRIMHNYGGAGVMLTGDDGKGNPTATTTNNNKVLNNYFQDNGDGLELTRGAAFNLVANNHFISTSANPEPSQGIEILWGNDNAVVGNKFENYSDGLQINWGKRNYIAYNELTNNSNGFNLTGEGNIFDSNKVHGNRVGIAIRSEKDANAHITLTKNQIWNNGQDIKRCEAGGSCVPNQRVGAIIFDIPGLEHAHFVGSRGHGVKIDPANLQKTCQQPNEQGCNAQPNQGIQAPKLSYAKGQVTVEVKGQPNQRYQIEFFGNTSASSNEAEFYLGSAVAATNGQGLAKLLWKPTNKVASVTANITDRLGATSELSSAVKLK
50,UPI00148EC694,MISLRLSALAIGLAVSGLTMAESYVVDRYQDDSEKGSLRWAIEQANAKPTEASEILIQAVGTAPYTIKVNGPLPEIKAPVKITGTQWAKTGEFIAIDGSNYIKGTGVEACPGAVEGQFGTNVRTTTLPGLVLRDINGVTIQGVEIRRFCIGILMNRASNNLIQNNRIMHNYGGAGVMLTGDDGKGNPTATTTNNNKVLNNYFQDNGDGLELTRGAAFNLVANNHFISTSANPEPSQGIEILWGNDNAVVGNKFENYSDGLQINWGKRNYIAYNELTNNSNGFNLTGDGNIFDSNKVHGNRVGIAIRSEKDANAHITLTKNQIWNNGQDIKRCEAGGSCVPNQRVGAIIFDIPGLEHAHFVGSRGHGVKIDPANLQKTCQQPNEQGCNAQPNQGIQAPKLSYAKGQVTVEVKGQPNQRYQVEFFGNTSASSNEAEFYLGSAVAATNGQGLAKLLWKPTNKVASVTANITDRLGATSELSSAVKLK
51,UPI00148EF945,MTSLRLSALAIGLAVSGLAMAESYVVDRYQDDSEKGSLRWAIEQANAKPTEASEILIQAVGTAPYTIKVNSPLPEIKAPVKITGTQWAKTGEFIAIDGSNYIKGTGVEACPGAVEGQFGTNVRTTTLPGLVLRDINGVTIQGVEIRRFCIGILMNRASNNLIQNNRIMHNYGGAGVMLTGDDGKGNPTATTTNNNKVLNNYFQDNGDGLELTRGAAFNLVANNHFISTSANPEPSQGIEILWGNDNAVVGNKFENYSDGLQINWGKRNYIAYNELTNNSNGFNLTGDGNIFDSNKVHGNRVGIAIRSEKDANAHITLTKNQIWNNGQDIKRCEAGGSCVPNQRIGAIIFDIPGLEHAHFVGSRGHGVKIDPANLQKTCQQPNEQGCNAQPNQGIQAPKLSYAKGQVTVEVKGQPNQRYQVEFFGNTSASSNEAEFYLGSAVAATNGQGLAKLLWKPTNKVASLTANITDRLGATSELSSAVKLK
52,UPI00148EFE0E,MISLRLTTLALGLVVSGLAMAESYVVDRYQDDHEKGSLRWAIEQANSKPSEASEILIQAVGQAPYAIKVNSPLPEIKAPVKIIGTQWAKTGEFIAIDGSNYIKGTGVEACPGAVEGQFGTNVRTTTLPGIVLRDINGVSIQGLEIRRFCIGILMNRASNNLIQNNRIMHNYGGAGVMLTGDDGKGNPTATTTNNNKVLNNYFQDNGDGLELTRGAAFNLVANNHFISTAANPEPSQGIEILWGNDNAVIGNKFENYSDGLQINWGKRNYIAYNELTNNSNGFNLTGDGNIFDSNKVHGNRVGVAIRSEKDANARITLTKNQIWNNGKDIKRCEAGGSCVPKQRLGAIIFDIPGLEHAHFVGSRGHGVKIDPANLQKTCQQPNEQGCNAQPNQNIQAPKISLAKGQIAVEVKGQPNQRYQIEFFGNSQANANEAEFYLGSSTVATNAQGTASVTWKPTMKVASVTANITDRLGATSELSSALKLK
53,UPI00148F0731,MISLRLSALAIGLAVSGLTMAESYVVDRYQDDSEKGSLRWAIEQTNAKPTEASEILIQAVGTAPYTIKVNSPLPEIKAPVKITGTQWAKTGEFIAIDGSNYIKGTGVEACPGAVEGQFGTNVRTTTLPGLVLRDINGVTIQGVEIRRFCIGILMNRASNNLIQNNRIMHNYGGAGVMLTGDDGKGNPTATTTNNNKVLNNYFQDNGDGLELTRGAAFNLVANNHFISTSANPEPSQGIEILWGNDNAVVGNKFENYSDGLQINWGKRNYIAYNELTNNSNGFNLTGDGNIFDSNKVHGNRVGIAIRSEKDANAHITLTKNQIWNNGQDIKRCEAGGSCVPNQRVGAIIFDIPGLEHAHFVGSRGHGVKIDPANLQKTCQQPNEQGCNAQPNQGIQAPKLSYAKGQVTVEVKGLPNQRYQVEFFGNTSASSNEAEFYLGSAVAATNGQGLAKLLWKPTNKVASVTANITDRLGATSELSSAVKLK
54,UPI00148F0998,MISLRLSALAIGLAVSGLTMAESYVVDRYQDDSEKGSLRWAIEQANAKPTEASEILIQAVGTVPYTIKVNSPLPEIKAPVKITGTQWAKTGEFIAIDGSNYIKGTGVEACPGAVEGQFGTNVRTTTLPGLVLRDINGVTIQGVEIRRFCIGILMNRASNNLIQNNRIMHNYGGAGVMLTGDDGKGNPTATTTNNNKVLNNYFQDNGDGLELTRGAAFNLVANNHFISTSANPEPSQGIEILWGNDNAVVGNKFENYSDGLQINWGKRNYIAYNELTNNSNGFNLTGDGNIFDSNKVHGNRVGIAIRSEKDANAHITLTKNQIWNNGQDIKRCEAGGSCVPNQRVGAIIFDIPGLEHAHFVGSRGHGVKIDPANLQKTCQQPNEQGCNAQPNQGIQAPKLSYAKGQVTVEVKGQPNQRYQVEFFGNTSASSNEAEFYLGSAVAATNGQGLAKLLWKPTNKLASVTANITDHLGATSELSSAVKLK
55,UPI00148F0A73,MISLRLTTLALGLAVSGLAMAESYVVDRYQDDHEKGSLRWAIEQANSKPSEASEILIQAVGQAPYAIKVNSPLPEIKAPVKIIGTQWAKTGEFIAIDGSNYIKGTGVEACPGAVEGQFGTNVRTTTLPGIVLRDINGVSIQGLEIRRFCIGILMNRASNNLIQNNRIMHNYGGAGVMLTGDDGKGNPTATTTNNNKVLNNYFQDNGDGLELTRGAAFNLVANNHFISTTANPEPSQGIEILWGNDNAVIGNKFENYSDGLQINWGKRNYIAYNELTNNSNGFNLTGDGNIFDSNKVHGNRVGVAIRSEKDANARITLTKNQIWNNGKDIKRCEAGGSCVPNQRLGAIIFDIPGLEHAHFVGSRGHGVKIDPANLQKTCQQPNEQGCNPQPNQNIQAPKLTLAKGQIAVEVKGQPNQRYQVEFFGNSQASANEAEFYLGSSTVATNAQGTASVTWKPTMKVASVTANITDRLGATSELSSAVKLK
56,UPI00148F1B88,MISLRLSALAIGLAVSGLTMAESYVVDRYQDDSDKGSLRWAIEQANAKPTEASEILIQAVGTAPYTIKVNSPLPEIKAPVKITGTQWAKTGEFIAIDGSNYIKGTGVEACPGAVEGQFGTNVRTTTLPGLVLRDINGVTIQGVEIRRFCIGILMNRASNNLIQNNRIMHNYGGAGVMLTGDDGKGNPTATTTNNNKVLNNYFQDNGDGLELTRGAAFNLVANNQFISTSANPEPSQGIEILWGNDNAVVGNKFENYSDGLQINWGKRNYIAYNELTNNSNGFNLTGDGNIFDSNKVHGNRVGIAIRSEKDANAHIMLTKNQIWNNGQDIKRCEAGGSCVPNQRVGAIIFDIPGLEHAHFVGSRGHGVKIDPANLQKTCQQPNEQGCNAQPNQGIQAPKLSYAKGQVTVEVKGQPNQRYQVEFFGNTSASSNEAEFYLGSAVAATNGQGLAKLLWKPTNKVASVTANITDHLGATSELSSAVKLK
57,UPI00148F20D7,MISLRLTTLALGLAVSGLAMAESYVVDRYQDDHEKGSLRWAIEQANSKPSEASEILIQAVGQAPYAIKVNSPLPEIKAPVKIIGTQWAKTGEFIAIDGSNYIKGTGVEACPGAVEGQFGTNVRTTTLPGIVLRDINGVSIQGLEIRRFCIGILMNRASNNLIQNNRIMHNYGGAGVMLTGDDGKGNPTATTTNNNKVLNNYFQDNGDGLELTRGAAFNLVANNHFISTAANPEPSQGIEILWGNDNAVIGNKFENYSDGLQINWGKRNYIAYNELTNNSNGFNLTGDGNIFDSNKVHGNRVGVAIRSEKDANARITLTKNQIWNNGKDIKRCEAGGSCVPNQRLGAIIFDIPGLEHAHFVGSRGHGVKIDPANLQKTCQQPNEQGCNPQPNQNIQAPKLTLAKGQIAVEVKGQPNQRYQVEFFGNSQASANEAEFYLGSSTVATNAQGTASVTWKPTMKVASVTANITDRLGATSELSSAVKLK
58,UPI00148F3037,MISLRLSALAIGLAVSGLTMAESYVVDRYQDDSDKGSLRWAIEQANAKPTEASEILIQAVGTAPYTIKVNSPLPEIKAPVKITGTQWAKTGEFIAIDGSNYIKGTGVEACPGAVEGQFGTNVRTTTLPGLVLRDINGVTIQGVEIRRFCIGILMNRASNNLIQNNRIMHNYGGAGVMLTGDDGKGNPTATTTNNNKVLNNYFQDNGDGLELTRGAAFNLVANNQFISTSANPEPSQGIEILWGNDNAVVGNKFENYSDGLQINWGKRNYIAYNELTNNSNGFNLTGDGNIFDSNKVHGNRVGIAIRSEKDANAHIMLTKNQIWNNGQDIKRCEAGGSCVPNQRVGAIIFDIPGLEHAHFVGSRGHGVKIDPANLQKTCQQPNEQGCNAQPNQGIQAPKLSYAKGQVTVEVKGQPNQRYQVEFFGNTSASSNEAEFYLGSAVAATNGQGLAKLLWKPTNKVASVTANITDRLGATSELSSAVKLK
59,UPI00148F373C,MISLRLSALAIGLAVSGLAMAESYVVDRYQDDSEKGSLRWAIEQANAKPTEASEILIQAVGTAPYTIKVNSPLPEIKAPVKIMGTQWAKTGEFIAIDGSNYIKGTGVEACPGAVEGQFGTNVRTTTLPGLVLRDINGVTIQGVEIRRFCIGILMNRASNNLIQNNRIMHNYGGAGVMLTGDDGKGNPTATTTNNNKVLNNYFQDNGDGLELTRGAAFNLVANNHFISTSANPEPSQGIEILWGNDNAVVGNKFENYSDGLQINWGKRNYIAYNELTNNSNGFNLTGDGNIFDSNKVHGNRVGIAIRSEKDANAHITLTKNQIWNNGQDIKRCEAGGSCVPNQRVGAIIFDIPGLEHAHFVGSRGHGVKIDPANLQKTCQQPNEQGCNAQPNQGIQAPQLSYAKGQVTVEVKGQPNQRYQVEFFGNTSASSNEAEFYLGSAVAATNGQGLAKLLWKPTNKVASVTANITDHLGATSELSSAVKLK
60,UPI00148F4035,MISLRLSALAIGLAVSGLTMAESYVVDRYQDDSEKGSLRWAIEQANAKPTEASEILIQAVGTAPYTIKVNSPLPEIKAPVKITGTQWAKTGEFIAIDGSNYIKGTGVEACPGAVEGQFGTNVRTTTLPGLVLRDINGVTIQGVEIRRFCIGILMNRASNNLIQNNRIMHNYGGAGVMLTGDDGKGNPTVTTTNNNKVLNNYFQDNGDGLELTRGAAFNLVANNHFISTSANPEPSQGIEILWGNDNAVVGNKFENYSDGLQINWGKRNYIAYNELTNNSNGFNLTGDGNIFDSNKVHGNRVGIAIRSEKDANAHITLTKNQIWNNGQDIKRCEAGGSCVPNQRVGAIIFDIPGLEHAHFVGSRGHGVKIDPANLQKTCQQPNEQGCNAQPNQGIQAPKLSYAKGQVTVEVKGQPNQRYQVEFFGNTSASSNEAEFYLGSAVAATNGQGLAKLLWKPTNKVASVTANITDRLGATSELSSAVKLK
61,UPI00157FDF74,MISLRLSALAIGLAVSGLAMAESYVVDRYQDDSEKGSLRWAIEQANAKPTEASEILIQAVGTAPYTIKVNSPLPEIKAPVKITGTQWAKTGEFIAIDGSNYIKGTGVEACPGAVEGQFGTNVRTTTLPGLVLRDINGVTIQGVEIRRFCIGILMNRASNNLIQNNRIMHNYGGAGVMLTGDDGKGNPTATTTNNNKVLNNYFQDNGDGLELTRGAAFNLVANNHFISTSANPEPSQGIEILWGNDNAVVGNKFENYSDGLQINWGKRNYIAYNELTNNSNGFNLTGDGNIFDSNKVHGNRVGIAIRSEKDANAHITLTKNQIWNNGQDIKRCEAGGSCVPNQRVGAIIFDIPGLEHAHFVGSRGHGVKIDPANLQKTCQQPNEQGCNAQPNQGIQAPKLSYAKGQVTVEVKGQPNQRYQIEFFGNTSASSNEAEFYLGSAVAATNGQGLAKLLWKPTNKVASVTANITDRLGATSELSSAVKLK
62,UPI0018AA89E3,MISLRLSALAIGLAVSGLSMAESYVVDRYQDDSEKGSLRWAIEQANAKPTEASEILIQAVGTAPYIIKVNAPLPEIKAPVKITGTQWAKTGEFIAIDGSNYIKGTGVEACPGAVEGQFGTNVRTTTLPGLVLRDINGVTIQGVEIRRFCIGILMNRASNNLIQNNRIMHNYGGAGVMLTGDDGKGNPTATTTNNNKVLNNYFQDNGDGLELTRGAAFNLVANNHFISTSANPEPSQGIEILWGNDNAVVGNKFENYSDGLQINWGKRNYIAYNELTNNSNGFNLTGDGNIFDSNKVHGNRVGIAIRSEKDANAHITLTKNQIWNNGQDIKRCEAGGSCVPNQRVGAIIFDVPGLEHAHFVGSRGHGVKIDPANLQKTCQQPNQQGCNAQPNQGIQAPQLSYAKGQVSVEVKGQPNQRYQIEFFGNTSANSNEAEFYLGSAIAATNEQGLAKILWKPTNKVASITANITDRLGATSELSSAVKLK
63,UPI0018FF4BDA,MISLRLSALAIGLAVSGLAMAESYVVDRYQDDSEKGSLRWAIEQANTKPTEASEILIQAVGTAPYTIKVNSPLPEIKAPVKITGTQWAKTGEFIAIDGSNYIKGTGVEACPGAVEGQFGTNVRTTTLPGLVLRDINGVTIQGVEIRRFCIGILMNRASNNLIQNNRIMHNYGGAGVMLTGDDGKGNPTATTTNNNKVLNNYFQDNGDGLELTRGAAFNLVANNHFISTSANPEPSQGIEILWGNDNAVVGNKFENYSDGLQINWGKRNYIAYNELTNNSNGFNLTGDGNIFDSNKVHGNRVGIAIRSEKDANAHITLTKNQIWNNGQDIKRCEAGGSCVPNQRVGAIIFDIPGLEHAHFVGSRGHGVKIDPANLQKTCQQPNEQGCNAQPNQGIQAPKLSYAKGQVTVEVKGQPNQRYQVEFFGNTSASSNEAEFYLGSAVAATNGQGLAKLLWKPTNKVASVTANITDHLGATSELSSAVKLK
64,UPI0018FF59E9,MISLRLSALAIGLAVSGLTMAESYVVDRYQDDSEKGSLRWAIEQTNAKPTEASEILIQAVGTAPYTIKVNSPLPEIKAPVKITGTQWAKTGEFIAIDGSNYIKGTGVEACPGAVEGQFGTNVRTTTLPGLVLRDINGVTIQGVEIRRFCIGILMNRASNNLIQNNRIMHNYGGAGVMLTGDDGKGNPTATTTNNNKVLNNYFQDNGDGLELTRGAAFNLVANNHFISTSANPEPSQGIEILWGNDNAVVGNKFENYSDGLQINWGKRNYIAYNELTNNSNGFNLTGDGNIFDSNKVHGNRVGIAIRSEKDANAHITLTKNQIWNNGQDIKRCEAGGSCVPNQRVGAIIFDIPGLEHAHFVGSRGHGVKIDPANLQKTCQQPNEQDCNAQPNQGIQAPKLSYAKGQVTVEVKGQPNQRYQIEFFGNTSASSNEAEFYLGSAVAATNGQGLAKLLWKPTNKVASVTANITDRLGATSELSSAVKLK
65,UPI0018FFFCAE,MKVISLRLSALAIGLAVSGLAAAETYVVDRYQDDSEKGSLRWAIEQANTKPTEASEILIQAVGQAPYAIKVNSPLPEIKAPVKIIGTQWAKTGEFVAVDGSNYIKGRGVEACPGAVEGQFGTNVRTTTLPGIVLRDINGVTIQGLEIRHFCIGILMNRASNNLIQHNRIMHNYGGAGVMLTGDDGKGNPTATTTNNNKVLDNYFQDNGDGLELTRGAAFNLVANNHFISTSANPEPSQGIEILWGNDNAVVGNKFENYSDGLQINWGKRNYIAYNELTNNSNGFNLTGDGNIFDSNKVHGNRVGIAIRSEKDANAHITLTKNQIWNNGKDIKRCEAGGSCVPNQRLGAIIFDIPGLEHAHFVGSRGHGVKIDPANLQKTCLEPNQQGCNQQPNQGIQAPTLSLSKGQVVVEVKGQPHQRYQVELFGNSSANANEAEFYLGSIVAKTNAEGIAKVAYKPTSKVASVTANVTDHLGATSELSSAVKFK
66,UPI0019003C07,MISLRLSALSIGLVVSGLAMAESYVVDRYQDDSEKGSLRWAIEQANAKPTEVSEILIQAVGTAPYTIKVNSPLPEIKAPVKITGTQWAKTGEFIAIDGSNYIKGTGVEACPGAVEGQFGTNVRTTTLPGLVLRDINGVTIQGVEIRRFCIGILMNRASNNLIQNNRIMHNYGGAGVMLTGDDGKGNPTATTTNNNKVLNNYFQDNGDGLELTRGAAFNLVANNHFISTSANPEPSQGIEILWGNDNAVVGNKFENYSDGLQINWGKRNYIAYNELTNNSNGFNLTGDGNIFDSNKVHGNRVGIAIRSEKDANAHITLTKNQIWNNGQDIKRCEAGGSCVPNQRVGAIIFDIPGLEHAHFVGSRGHGVKIDPANLQKTCQQPNEQGCNAQPNQGIQAPKLSYAKGQVTVEVKGQPNQRYQVEFFGNTSASSNEAEFYLGSAVAATNGQGLAKLLWKPTNKVASVTANITDHLGATSELSSAVKLK
67,UPI001900A447,MKTTYVRLSIFAIAMAVSGWAAAETYIVDRYQDDAEKGSLRWAIEQANRKPTESSEILIQAVGKAPYAIKVNRPLPEIKAPVKIIGTQWAKTGEFIAVDGSNYIKGTGVEACPGAVEGQFGTNVRTTTLPGIVLRDINGVTIQGLEIRHFCIGILMNRASNNLIQNNRIMHNYGGAGVMLTGDDGKGNPTATTTNNNKVLNNYFQDNGDGLELTRGAAFNLVANNHFISTAANPEPSQGIEILWGNDNAVIGNKFENYSDGLQINWGKRNYIAYNELTNNSNGFNLTGDGNIFDSNKVHGNRVGIAIRSEKDADAHITLTKNQIWNNGKEIKRCEAGGSCVPNQRVGAIIFDIPGLEHAHFVGSRGHGVKIDPANLQKTCKQANEQGCNAQPNQNIQAPKLSLSKGQIAVEVKAQPNQRYQVEFFGNSSANSNEAEFYLGSAVAATNAQGIATLTWKPIAQVASVTANITDRLGATSELSSAVKLK
68,UPI00190102E0,MNTIYLRLSTLAIAMAVSGWAAAETYIVDRYQDDADKGSLRWAIEQANSKPTESSEILIQAVGKAPYAIKVNRPLPEIKAPVKIIGTQWAKTGEFIAVDGSNYIKGTGVEACPGAVEGQFGTNVRTTTLPGIVLRDINGVTIQGLEIRHFCIGILLNRASNNLIQNNRIMHNYGGAGVMLTGDDGKGNPTATTTNNNKVLNNYFQDNGDGLELTRGAAFNLVANNHFISTAANPEPSQGIEILWGNDNAVIGNKFENYSDGLQINWGKRNYIAYNELTNNSNGFNLTGDGNIFDSNKVHGNRVGIAIRSEKDADAHITLTKNQIWNNGKEIKRCEAGGSCVPNQRVGAIIFDIPGLEHAHFVGSRGHGVKIDPANLQKTCKQANEQGCNAQPNQNIQAPKLTLSKGQIAVEVKGQPNQRYQVEFFGNSSANSNEAEFYLDSAVAATNAQGIATLTWKPTAQVASVTANITDRLGATSELSSAVKPK
69,UPI001903D698,MISLRLSALAIGLAVSGLAMAESYVVDRYQDDSEKGSLRWAIEQANTKPTEASEILIQAVGTAPYTIKVNSPLPEIKAPVKITGTQWAKTGEFIAIDGSNYIKGTGVEACPGAVEGQFGTNVRTTTLPGLVLRDINGVTIQGVEIRRFCIGILMNRASNNLIQNNRIMHNYGGAGVMLTGDDGKGNPTATTTNNNKVLNNYFQDNGDGLELTRGAAFNLVANNHFISTSANPEPSQGIEILWGNDNAVVGNKFENYSDGLQINWGKRNYIAYNELTNNSNGFNLTGDGNIFDSNKVHGNRVGIAIRSEKDANAHITLTKNQIWNNGQDIKRCEAGGSCVPNQRVGAIIFDIPGLEHAHFVGSRGHGVKIDPANLQKTCQQPNEQGCNAQPNQGIQAPKLSYAKGQVTVEVKGQPNQRYQVEFFGNTSASSNEAEFYLGSAVAATNGQGLAKLLWKPTNKVASVTANITDRLGATSELSSAVKLK
70,UPI00192BD852,MKTIYLRLSTLAIAMAVSGWAAAETYIVDRYQDDADKGSLRWAIEQANSKPTEASEILIQAVGKAPYAIKVNSPLPEIKAPVKIIGTQWAKTGEFIAVDGSNYIKGTGVEACPGAVEGQFGTNVRTTTLPGIVLRDINGVTIQGLEIRHFCIGILMNRASNNLIQNNRIMHNYGGAGVMLTGDDGKGNPTATTTNNNKVLNNYFQDNGDGLELTRGAAFNLVANNHFISTAANPEPSQGIEILWGNDNAVVGNKFENYSDGLQINWGKRNYIAYNELTNNSNGFNLTGDGNIFDSNKVHGNRVGIAIRSEKDADAHITLTKNQIWNNGKEITRCEAGGSCVPNQRVGAIVFDVPGLEHAHFVGSRGHGVKIDPANLQKTCKQANEQGCNAQPNQNIQAPKLTLSKGQIAVEVKAQPNQRYQVEFFGNSSATSNEAEFYLGSAIAATNAQGIATLTWKPTAQVASVTANITDRLGATSELSSAVKLK
71,UPI001ABC2E07,MISLRLSALAIGLAVSGLTMAESYVVDRYQDDSEKGSLRWAIEQANAKPTEASEILIQAVGTAPYTIKVNGPLPEIKAPVKITGTQWAKTGEFIAIDGSNYIKGTGVEACPGAVEGQFGTNVRTTTLPGLVLRDINGVTIQGVEIRRFCIGILMNRASNNLIQNNRIMHNYGGAGVMLTGDDGKGNPTATTTNNNKVLNNYFQDNGDGLELTRGAAFNLVANNYFISTSANPEPSQGIEILWGNDNAVVGNKFENYSDGLQINWGKRNYIAYNELTNNSNGFNLTGDGNIFDSNKVHGNRVGIAIRSEKDANAHITLTKNQIWNNGQDIKRCEAGGSCVPNQRVGAIIFDIPGLEHAHFVGSRGHGVKIDPANLQKTCQQPNEQGCNAQPNQGIQAPKLSYAKGQVTVEVKGQPNQRYQIEFFGNTSASSNEAEFYLGSAVATTNRQGLAKLLWKPTNKVASVTANITDRLGATSELSSAVKLK
72,UPI001AE708B9,MISLRLTTLALGLAISGLAMAESYVVDRYQDDSEKGSLRWAIEQANSKPSEASEILIQAVGQAPYAIKVNSPLPEIKAPVKIIGTQWAKTGEFIAIDGSNYIKGTGVEACPGAVEGQFGTNVRTTTLPGIVLRDINGVSIQGLEIRRFCIGILMNRASNNLIQNNRIMHNYGGAGVMLTGDDGKGNPTATTTNNNKVLNNYFQDNGDGLELTRGAAFNLVANNHFISTAANPEPSQGIEILWGNDNAVIGNKFENYSDGLQINWGKRNYIAYNELTNNSNGFNLTGDGNIFDSNKVHGNRVGVAIRSEKDANAHITLTKNQIWNNGKDIKRCEAGGSCVPNQRLGAIIFDIPGLEHAHFVGSRGHGVKIDPANLQKTCQQPNEQGCNPQPNQNIQAPKLTLAKGQIAVEVKGQPNQRYQVEFFGNSQASANEAEFYLGSSTVATNAQGTASVTWKPTMKVASVTANITDRLGATSELSSAVKLK
73,UPI001C927A85,MAVSGMAAAETYVVDRYQDDKDKGSLRWAIEQANSKPTEASEILIQAVGKAPYAIKVNSPLPEIKAPVKIIGTQWAKTGEFIAV
74,UPI001CD46C65,MISLRLTTLAVGLAVSGLAMAESYVVDRYQDDHEKGSLRWAIEQANSKPSEASEILIQAVGQAPYAIKVNSPLPEIKAPVKIIGTQWAKTGEFIAIDGSNYIKGTGVEACPGAVEGQFGTNVRTTTLPGIVLRDINGVSIQGLEIRRFCIGILMNRASNNLIQNNRIMHNYGGAGVMLTGDDGKGNPTATTTNNNKVLNNYFQDNGDGLELTRGAAFNLVANNHFISTAANPEPSQGIEILWGNDNAVIGNKFENYSDGLQINWGKRNYIAYNELTNNSNGFNLTGDGNIFDSNKVHGNRVGVAIRSEKDANARITLTKNQIWNNGKDIKRCEAGGSCVPNQRLGAIIFDIPGLEHAHFVGSRGHGVKIDPANLQKTCQQPNEQGCNPQPNQNIQAPKLTLAKGQITVEVKGQPNQRYQVEFFGNSQASANEAEFYLGSSTVATNAQGTASMTWKPTMKVASVTANITDRLGATSELSSAVKLK
75,UPI001EF10199,MISLRLTTLALGLAISGLAMAESYVVDRYQDDHEKGSLRWAIEQANSKPSEASEILIQAVGQAPYAIKVNSPLPEIKAPVKIIGTQWAKTGEFIAIDGSNYIKGTGVEACPGAVEGQFGTNVRTTTLPGIVLRDINGVSIQGLEIRRFCIGILMNRASNNLIQNNRIMHNYGGAGVMLTGDDGKGNPTATTTNNNKVLNNYFQDNGDGLELTRGAAFNLVANNHFISTAANPEPSQGIEILWGNDNAVIGNKFENYSDGLQINWGKRNYIAYNELTNNSNGFNLTGDGNIFDSNKVHGNRVGVAIRSEKDANAHITLTKNQIWNNGKDIKRCEAGGSCVPNQRLGAIIFDIPGLEHAHFVGSRGHGVKIDPANLQKTCQQPNEQGCNPQPNQNIQAPKLTLAKGQIAVEVKGQPNQRYQVEFFGNSQASANEAEFYLGSSTVATNAQGTASVTWKPTMKVASITANITDRLGATSELSSAVKLK
76,UPI001F2BD45A,MISLRLTTLALGLAISGLAMAESYVVDRYQDDHEKGSLRWAIEQANSKPSEASEILIQAVGQAPYAIKVNSPLPEIKAPVKIIGTQWAKTGEFIAIDGSNYIKGTGVEACPGAVEGQFGTNVRTTTLPGIVLRDINGVSIQGLEIRRFCIGILMNRASNNLIQNNRIMHNYGGAGVMLTGDDGKGNPTATSTNNNKVLNNYFQDNGDGLELTRGAAFNLVANNHFISTAANPEPSQGIEILWGNDNAVIGNKFENYSDGLQINWGKRNYIAYNELTNNSNGFNLTGDGNIFDSNKVHGNRVGIAIRSEKDANAHITLTKNQIWNNGKDIKRCEAGGSCVPNQRLGAIIFDIPGLEHAHFVGSRGHGVKIDPANLQKTCQQPNEQGCNPQPNQNIQAPKLTLAKGQIAVEVKGQPNQRYQVEFFGNSQASANEAEFYLGSSTVATNAQGTASVTWKPTMKVASITANITDRLGATSELSSAVKLK
77,UPI001F4A2BB2,MKSISLRLSTLAIGLAVSSLAAAETYVVDRYQDDTEKGSLRWAIEQANTKPSEASEILIQAVGKAPYAIKVNSPLPEIKAPVKIIGTQWAKTGEHIAIDGSNYIKGRGVEACPGAVEGQFGTNVRTTTLPGIVLRDINGVTIQGLEIRHFCIGILMNRASNSLIQHNRIMHNYGGAGVMLTGDDGQGNPTATTTNNNKVLDNYFQDNGDGLELTRGAAFNLVANNHFISTSANPEPSQGIEILWGNDNAVVGNKFENYSDGLQINWGQRNYIAYNELTNNSLGFNLTGDGNILDSNKIHGNRIGIAIRSEKDANARITLTKNQIWNNAKDIKRCEAGGNCVPNQRLGAIRFDIPGLEHAHFVGSRGHGVKIDPANLQKTCQQPNEQGCNAQPNQAIQAPKLTVSKGQIAVEVKGQPNQRYQIEFFGNASAQSNEAELYLASIVAVTNAQGVATVSWKPTTKVASVTANVTDHLGATSELSSAVQVK
78,UPI001F4A800D,MKTIYLRLSTLAIAMAVSGWAAAETYIVDRYQDDAEKGSLRWAIEQANSKPTEASEILIQAVGKGPYAIKVNSPLPEIKAPVKIIGTQWAKTGEFIAVDGSNYIKGTGVEACPGAVEGQFGTNVRTTTLPGIVLRDINGVSIQGLEIRHFCIGILMNRASNNLIQNNRIMHNYGGAGVMLTGDDGKGNPTATTTNNNKVLNNYFQDNGDGLELTRGAAFNLVANNHFISTAANPEPSQGIEILWGNDNAVVGNKFENYSDGLQINWGKRNYIAYNELTNNSNGFNLTGDGNIFDSNKVHGNRVGIAIRSEKDANAHITLTKNLIWNNGKDIKRCEAGGSCVPNQRVGAIIFDIPGLEHAHFVGSRGHGVKIDPANLQKTCNTPDEQGCNAQPNQNIQAPKLTLSKGQITVEVKGQPNQRYQVEFFGNTSANSNEAEFYLGSAVAATNAQGIATLTWKPTAQAASVTANITDRLGATSELSSAVKLK
79,UPI001F4AB6C2,MKAIYLRLSTLAVAMAVSGMAAAETYVVDRYQDDKDKGSLRWAIEQANSKPTEASEILIQAVGKAPYAIKVNSPLPEIKAPVKIIGTQWAKTGEFIAVDGSNYIKGTGVEACPGAVEGQFGTNVRTTTLPGIVLRDINGVTIQGLEIRHFCIGILMNRASNNLIQNNRIMHNYGGAGVMLTGDDGKGNPTATTTNNNKVLNNYFQDNGDGLELTRGAAFNLVANNHFISTAANPEPSQGIEILWGNDNAVVGNKFENYSDGLQINWGKRNYIAYNELTNNSNGFNLTGDGNIFDSNKVHGNRVGIAIRSEKDANAHITLTKNLIWNNGKDIKRCEAGGSCVPNQRVGAIIFDIPGLEHAHFVGSRGHGVKIDPANLQKTCNTSDEQGCNAQPNQNIQAPKLSVSKGQIAAEVKGQPNQRYQVEFFGNISANSNEAELYLGSAVAATNAQGIATLIWKPTAQVASVTATITDRLGATSELSSAIKLK
80,UPI001F4AF89E,MKLTSLRLSTLAIGLMASGFAVAETYVVDRYQDDSEKGSLRWAIEQANTKPTEASEILIQAVGQAPYAIKVNSPLPEIKAPVKIIGTQWAKTGEFIAVDGSNYIKGRGVEACPGAVEGQFGTNVRTTTLPGIVLRDINGVTIQGLEIRHFCIGILMNRASNNLIQHNRIMHNYGGAGVMLTGDDGKGNPTATTTNNNKVLDNYFQDNGDGLELTRGAAFNLVANNHFISTSANPEPSQGIEILWGNDNAVVGNKFENYSDGLQINWGKHNYIAYNELTNNSNGFNLTGDGNIFDSNKVHGNRVGIAIRSEKDANSHITLTKNQIWNNGKNIKRCEAGGSCIPNQRLGAIIFDIPGLEHAHFVGSRGHGVKIDPANLQKTCLQPNQQGCNQQPNQGIQAPTLSLSKGQIAVEIKGQPHQRYQVELFGNSSANANEAEFYLGSIVAVTNAEGVAKVSYKPTSKVASVTANVTDHLGATSELSSAVKFK
81,UPI001F4B2FE8,MNIISLRLSALAIGLALSGMAAAETYVVDRYQDDSEKGSLRWAIEQANTKPTETSEILIQAVGQAPYAIKVNSPLPEIKAPVKIIGTQWAKTGEFVAVDGSNYIKGRGVEACPGAVEGQFGTNVRTTTLPGIVLRDINGVTIQGLEIRHFCIGILMNRASNNLIQHNRIMHNYGGAGVMLTGDDGKGNPTATTTNNNKVLDNYFQDNGDGLELTRGAAFNLVANNHFISTSANPEPSQGIEILWGNDNAVVGNKFENYSDGLQINWGKRNYIAYNELTNNSNGFNLTGDGNIFDSNKVHGNRVGIAIRSEKDANAHITLTKNQIWNNGKDIKRCEAGGSCVPNQRLGAIIFDIPGLEHAHFVGSRGHGVKIDPANLQKTCQQPNQQGCNQQPNQGIQAPALSLSKGQVAVEVKGQPNQRYQVELFGNSSANANEAEFYLGSVLAVTNAEGIAKVAYKPTSKVASVTANVTDHLGATSELSSAVKFK
82,UPI001F4B778F,MNIISLRLSALAIGLAVSGMAAAETYVVDRYQDDTERGSLRWAIEQANTKPTEASEILIQAVGQAPYAIKVNSPLPEIKAPVKIIGTQWAKTGEFIAVDGSNYIKGRGVEACPGAVEGQFGTNVRTKTLPGIVLRDINGVTIQGLEIRHFCIGILMNRASNNLIQHNRIMHNYGGAGVMLTGDDGKGNPTATTTNNNKVLDNYFQDNGDGLELTRGAAFNLVANNHFISTSANPEPSQGIEILWGNDNAVVGNKFENYSDGLQINWGKHNYIAYNELTNNSNGFNLTGDGNIFDSNKVHGNRVGIAIRSEKDANAHITLTKNQIWNNGKDIKRCEAGGSCVPNQRLGAIIFDIPGLEHAHFVGSRGHGVKIDPANLQKTCLQPNQQGCNQQPNQGIQAPTLSLSKGQIAIEIKGQPNQRYQVELFGNSSANANEAEFYLGSIVAMTNAVGIAKVAYKPTSKVASVTANVTDHLGATSELSSAVKFK
83,UPI001F4B9F80,MKTTYVRLSTLAIAMAVSGWAAAETYIVDRYQDDADKGSLRWAIEQANSKPTEASEILIQAVGKAPYAIQVNSPLPEIKAPVKIIGTQWAKTGEFIAVDGSNYIKGTGVEACPGAVEGQFGTNVRTTTLPGIVLRDINGVTIQGLEIRHFCIGILMNRASNNLIQNNRIMHNYGGAGVMLTGDDGKGNPTATTTNNNKVLNNYFQDNGDGLELTRGAAFNLVANNHFISTAANPEPSQGIEILWGNDNAVVGNKFENYSDGLQINWGKRNYIAYNELTNNSNGFNLTGDGNIFDSNKVHGNRVGIAIRSEKDANAHITLTKNLIWNNGKDIKRCEAGGSCVPNQRVGAIIFDIPGLEHAHFVGSRGHGVKIDPANLQKTCNTPDEQGCNAQPNQNIQAPKLTLSKGQITVEVKGQPNQRYQVEFFGNTSANSNEAEFYLGSAVAATNAQGIATLTWKPTAQAASVTANITDRLGATSELSSAVKLK
84,UPI001F4BBEE6,MKVVSLRLSALAIGLAVSGLAAAETYVVDRYQDDAEKGSLRWAIEQANTKPSEASEILIQAVGQAPYAIKVNSPLPEIKAPVKIIGTQWAKTGEFIAVDGSNYIKGTGVEACPGAVEGQFGTNVRTTTLPSIVLRDINGVTIQGLEIRHFCIGILMNRASNNLIQHNRIMHNYGGAGVMLTGDDGKGNPTATTTNNNKVLDNYFQDNGDGLELTRGAAFNLVANNHFISTSANPEPSQGIEILWGNDNAVVGNKFENYSDGLQINWGKRNYIAYNELTNNSNGFNLTGDGNIFDSNKVHGNRVGIAIRSEKDANAHITLTKNQIWNNGKDIKRCEAGGSCVPSQRVGAIIFDIPGLEHAHFVGSRGHGVKIDPVKLQKTCQQPNEQGCNAQPNQGIQAPKLTLSKGHVVAQIKGQPNQRYQFEFFGNSSANSNEAELYLGSVVAVTNAEGIAIASWKPTTKVAAVTANVTDHLGATSELSSAVKFK
85,UPI001F618C0F,MKTTYVRLSTLAIAMAVSGWAAAETYIVDRYQDDADKGSLRWAIEQANSKPTEASEILIQAVGKAPYAIQVNSPLPEIKAPVKIIGTQWAKTGEFIAVDGSNYIKGTGVEACPGAVEGQFGTNVRTTTLPGIVLRDINGVTIQGLEIRHFCIGILMNRASNNLIQNNRIMHNYGGAGVMLTGDDGKGNPTATTTNNNKVLNNYFQDNGDGLELTRGAAFNLVANNHFISTAANPEPSQGIEILWGNDNAVVGNKFENYSDGLQINWGKRNYIAYNELTNNSNGFNLTGDGNIFDSNKVHGNRVGIAIRSEKDANAHITLTKNLIWNNGKDIKRCEAGGSCVPNQRVGAIIFDIPGLEHAHFVGSRGHGVKIDPANLQKTCNTPDEQGCNTQPNQNIQAPKLTLSKGQITVEVKGQPNQRYQVEFFGNTSANSNEAEFYLGSAVAATNAQGIATLTWKPTAQAASVTANITDRLGATSELSSAVKLK
86,UPI001FB39F62,MKIVSLRLSALAIGLAVSGLAAAETYVVDRYQDDSEKGSLRWAIEQANTKPTEASEILIQAVGQAPYAIKVNSPLPEIKAPVKIIGTQWAKTGEFVAVDGSNYIKGRGVEACPGAVEGQFGTNVRTTTLPGIVLRDINGVTIQGLEIRHFCIGILMNRASNNLIQHNRIMHNYGGAGVMLTGDDGKGNPTATTTNNNKVLDNYFQDNGDGLELTRGAAFNLVANNHFISTSANPEPSQGIEILWGNDNAVVGNKFENYSDGLQINWGKRNYIAYNELTNNSNGFNLTGDGNIFDSNKVHGNRVGIAIRSEKDANAHITLTKNQIWNNGKDIKRCEAGGSCVPNQRLGAIIFDIPGLEHAHFVGSRGHGVKIDPANLQKTCQEPNQQGCNQQPNQGIQAPTLSLSKGQIVVEVKGQPHQRYQVELFGNSSANANEAEFYLGSIVAVTNAEGSVKVAYKPTSKVASVTANVTDHLGATSELSSAVKFK
87,UPI001FBAEF7D,MISLRLTTLALGLAVSGLAMAESYVVDRYQDDHEKGSLRWAIEQANSKPSEASEILIQAVGQAPYAIKVNSPLPEIKAPVKIIGTQWAKTGEFIAIDGSNYIKGTGVEACPGAVEGQFGTNVRTTTLPGIVLRDINGVSIQGLEIRRFCIGILMNRASNNLIQNNRIMHNYGGAGVMLTGDDGKGNPTATTTNNNKVLNNYFQDNGDGLELTRGAAFNLVANNHFISTAANPEPSQGIEILWGNDNAVIGNKFENYSDGLQINWGKRNYIAYNELTNNSNGFNLTGDGNIFDSNKVHGNRVGVAIRSEKDANARITLTKNQIWNNGKDIKRCEAGGSCVPNQRLGAIIFDIPGLEHAHFVGSRGHGVKIDPANLQKTCQQPNEQGCNPQPNQNIQAPKLTLAKGQITVEAKGQPNQRYQVEFFGNSQASSNEAEFYLGSSTVATNAQGTASVTWKPTMKVASITANITDRLGATSELSSAVKLK
