  name,sequence,response
  parent,MLMTVFSSAPELALLGSTFAQVDPSNLSVSDSLTYGQFNLVYNAFSFAIAAMFASALFFFSAQALVGQRYRLALLVSAIVVSIAGYHYFRIFNSWDAAYVLENGVYSLTSEKFNDAYRYVDWLLTVPLLLVETVAVLTLPAKEARPLLIKLTVASVLMIATGYPGEISDDITTRIIWGTVSTIPFAYILYVLWVELSRSLVRQPAAVQTLVRNMRWLLLLSWGVYPIAYLLPMLGVSGTSAAVGVQVGYTIADVLAKPVFGLLVFAIALVKTKADQESSEPHAAIGAAANKSGGSLIS,1
  W122A,MLMTVFSSAPELALLGSTFAQVDPSNLSVSDSLTYGQFNLVYNAFSFAIAAMFASALFFFSAQALVGQRYRLALLVSAIVVSIAGYHYFRIFNSWDAAYVLENGVYSLTSEKFNDAYRYVDALLTVPLLLVETVAVLTLPAKEARPLLIKLTVASVLMIATGYPGEISDDITTRIIWGTVSTIPFAYILYVLWVELSRSLVRQPAAVQTLVRNMRWLLLLSWGVYPIAYLLPMLGVSGTSAAVGVQVGYTIADVLAKPVFGLLVFAIALVKTKADQESSEPHAAIGAAANKSGGSLIS,1
  W122G,MLMTVFSSAPELALLGSTFAQVDPSNLSVSDSLTYGQFNLVYNAFSFAIAAMFASALFFFSAQALVGQRYRLALLVSAIVVSIAGYHYFRIFNSWDAAYVLENGVYSLTSEKFNDAYRYVDGLLTVPLLLVETVAVLTLPAKEARPLLIKLTVASVLMIATGYPGEISDDITTRIIWGTVSTIPFAYILYVLWVELSRSLVRQPAAVQTLVRNMRWLLLLSWGVYPIAYLLPMLGVSGTSAAVGVQVGYTIADVLAKPVFGLLVFAIALVKTKADQESSEPHAAIGAAANKSGGSLIS,1
  W122R,MLMTVFSSAPELALLGSTFAQVDPSNLSVSDSLTYGQFNLVYNAFSFAIAAMFASALFFFSAQALVGQRYRLALLVSAIVVSIAGYHYFRIFNSWDAAYVLENGVYSLTSEKFNDAYRYVDRLLTVPLLLVETVAVLTLPAKEARPLLIKLTVASVLMIATGYPGEISDDITTRIIWGTVSTIPFAYILYVLWVELSRSLVRQPAAVQTLVRNMRWLLLLSWGVYPIAYLLPMLGVSGTSAAVGVQVGYTIADVLAKPVFGLLVFAIALVKTKADQESSEPHAAIGAAANKSGGSLIS,1
  V126A,MLMTVFSSAPELALLGSTFAQVDPSNLSVSDSLTYGQFNLVYNAFSFAIAAMFASALFFFSAQALVGQRYRLALLVSAIVVSIAGYHYFRIFNSWDAAYVLENGVYSLTSEKFNDAYRYVDWLLTAPLLLVETVAVLTLPAKEARPLLIKLTVASVLMIATGYPGEISDDITTRIIWGTVSTIPFAYILYVLWVELSRSLVRQPAAVQTLVRNMRWLLLLSWGVYPIAYLLPMLGVSGTSAAVGVQVGYTIADVLAKPVFGLLVFAIALVKTKADQESSEPHAAIGAAANKSGGSLIS,1
  V126D,MLMTVFSSAPELALLGSTFAQVDPSNLSVSDSLTYGQFNLVYNAFSFAIAAMFASALFFFSAQALVGQRYRLALLVSAIVVSIAGYHYFRIFNSWDAAYVLENGVYSLTSEKFNDAYRYVDWLLTDPLLLVETVAVLTLPAKEARPLLIKLTVASVLMIATGYPGEISDDITTRIIWGTVSTIPFAYILYVLWVELSRSLVRQPAAVQTLVRNMRWLLLLSWGVYPIAYLLPMLGVSGTSAAVGVQVGYTIADVLAKPVFGLLVFAIALVKTKADQESSEPHAAIGAAANKSGGSLIS,1
  V126T,MLMTVFSSAPELALLGSTFAQVDPSNLSVSDSLTYGQFNLVYNAFSFAIAAMFASALFFFSAQALVGQRYRLALLVSAIVVSIAGYHYFRIFNSWDAAYVLENGVYSLTSEKFNDAYRYVDWLLTTPLLLVETVAVLTLPAKEARPLLIKLTVASVLMIATGYPGEISDDITTRIIWGTVSTIPFAYILYVLWVELSRSLVRQPAAVQTLVRNMRWLLLLSWGVYPIAYLLPMLGVSGTSAAVGVQVGYTIADVLAKPVFGLLVFAIALVKTKADQESSEPHAAIGAAANKSGGSLIS,1
  M158A,MLMTVFSSAPELALLGSTFAQVDPSNLSVSDSLTYGQFNLVYNAFSFAIAAMFASALFFFSAQALVGQRYRLALLVSAIVVSIAGYHYFRIFNSWDAAYVLENGVYSLTSEKFNDAYRYVDWLLTVPLLLVETVAVLTLPAKEARPLLIKLTVASVLAIATGYPGEISDDITTRIIWGTVSTIPFAYILYVLWVELSRSLVRQPAAVQTLVRNMRWLLLLSWGVYPIAYLLPMLGVSGTSAAVGVQVGYTIADVLAKPVFGLLVFAIALVKTKADQESSEPHAAIGAAANKSGGSLIS,1
  M158L,MLMTVFSSAPELALLGSTFAQVDPSNLSVSDSLTYGQFNLVYNAFSFAIAAMFASALFFFSAQALVGQRYRLALLVSAIVVSIAGYHYFRIFNSWDAAYVLENGVYSLTSEKFNDAYRYVDWLLTVPLLLVETVAVLTLPAKEARPLLIKLTVASVLLIATGYPGEISDDITTRIIWGTVSTIPFAYILYVLWVELSRSLVRQPAAVQTLVRNMRWLLLLSWGVYPIAYLLPMLGVSGTSAAVGVQVGYTIADVLAKPVFGLLVFAIALVKTKADQESSEPHAAIGAAANKSGGSLIS,1
  G162C,MLMTVFSSAPELALLGSTFAQVDPSNLSVSDSLTYGQFNLVYNAFSFAIAAMFASALFFFSAQALVGQRYRLALLVSAIVVSIAGYHYFRIFNSWDAAYVLENGVYSLTSEKFNDAYRYVDWLLTVPLLLVETVAVLTLPAKEARPLLIKLTVASVLMIATCYPGEISDDITTRIIWGTVSTIPFAYILYVLWVELSRSLVRQPAAVQTLVRNMRWLLLLSWGVYPIAYLLPMLGVSGTSAAVGVQVGYTIADVLAKPVFGLLVFAIALVKTKADQESSEPHAAIGAAANKSGGSLIS,1
  G162L,MLMTVFSSAPELALLGSTFAQVDPSNLSVSDSLTYGQFNLVYNAFSFAIAAMFASALFFFSAQALVGQRYRLALLVSAIVVSIAGYHYFRIFNSWDAAYVLENGVYSLTSEKFNDAYRYVDWLLTVPLLLVETVAVLTLPAKEARPLLIKLTVASVLMIATLYPGEISDDITTRIIWGTVSTIPFAYILYVLWVELSRSLVRQPAAVQTLVRNMRWLLLLSWGVYPIAYLLPMLGVSGTSAAVGVQVGYTIADVLAKPVFGLLVFAIALVKTKADQESSEPHAAIGAAANKSGGSLIS,1
  G162S,MLMTVFSSAPELALLGSTFAQVDPSNLSVSDSLTYGQFNLVYNAFSFAIAAMFASALFFFSAQALVGQRYRLALLVSAIVVSIAGYHYFRIFNSWDAAYVLENGVYSLTSEKFNDAYRYVDWLLTVPLLLVETVAVLTLPAKEARPLLIKLTVASVLMIATSYPGEISDDITTRIIWGTVSTIPFAYILYVLWVELSRSLVRQPAAVQTLVRNMRWLLLLSWGVYPIAYLLPMLGVSGTSAAVGVQVGYTIADVLAKPVFGLLVFAIALVKTKADQESSEPHAAIGAAANKSGGSLIS,1
  G162V,MLMTVFSSAPELALLGSTFAQVDPSNLSVSDSLTYGQFNLVYNAFSFAIAAMFASALFFFSAQALVGQRYRLALLVSAIVVSIAGYHYFRIFNSWDAAYVLENGVYSLTSEKFNDAYRYVDWLLTVPLLLVETVAVLTLPAKEARPLLIKLTVASVLMIATVYPGEISDDITTRIIWGTVSTIPFAYILYVLWVELSRSLVRQPAAVQTLVRNMRWLLLLSWGVYPIAYLLPMLGVSGTSAAVGVQVGYTIADVLAKPVFGLLVFAIALVKTKADQESSEPHAAIGAAANKSGGSLIS,1
  E166L,MLMTVFSSAPELALLGSTFAQVDPSNLSVSDSLTYGQFNLVYNAFSFAIAAMFASALFFFSAQALVGQRYRLALLVSAIVVSIAGYHYFRIFNSWDAAYVLENGVYSLTSEKFNDAYRYVDWLLTVPLLLVETVAVLTLPAKEARPLLIKLTVASVLMIATGYPGLISDDITTRIIWGTVSTIPFAYILYVLWVELSRSLVRQPAAVQTLVRNMRWLLLLSWGVYPIAYLLPMLGVSGTSAAVGVQVGYTIADVLAKPVFGLLVFAIALVKTKADQESSEPHAAIGAAANKSGGSLIS,1
  E166M,MLMTVFSSAPELALLGSTFAQVDPSNLSVSDSLTYGQFNLVYNAFSFAIAAMFASALFFFSAQALVGQRYRLALLVSAIVVSIAGYHYFRIFNSWDAAYVLENGVYSLTSEKFNDAYRYVDWLLTVPLLLVETVAVLTLPAKEARPLLIKLTVASVLMIATGYPGMISDDITTRIIWGTVSTIPFAYILYVLWVELSRSLVRQPAAVQTLVRNMRWLLLLSWGVYPIAYLLPMLGVSGTSAAVGVQVGYTIADVLAKPVFGLLVFAIALVKTKADQESSEPHAAIGAAANKSGGSLIS,1
  E166P,MLMTVFSSAPELALLGSTFAQVDPSNLSVSDSLTYGQFNLVYNAFSFAIAAMFASALFFFSAQALVGQRYRLALLVSAIVVSIAGYHYFRIFNSWDAAYVLENGVYSLTSEKFNDAYRYVDWLLTVPLLLVETVAVLTLPAKEARPLLIKLTVASVLMIATGYPGPISDDITTRIIWGTVSTIPFAYILYVLWVELSRSLVRQPAAVQTLVRNMRWLLLLSWGVYPIAYLLPMLGVSGTSAAVGVQVGYTIADVLAKPVFGLLVFAIALVKTKADQESSEPHAAIGAAANKSGGSLIS,1
  E166W,MLMTVFSSAPELALLGSTFAQVDPSNLSVSDSLTYGQFNLVYNAFSFAIAAMFASALFFFSAQALVGQRYRLALLVSAIVVSIAGYHYFRIFNSWDAAYVLENGVYSLTSEKFNDAYRYVDWLLTVPLLLVETVAVLTLPAKEARPLLIKLTVASVLMIATGYPGWISDDITTRIIWGTVSTIPFAYILYVLWVELSRSLVRQPAAVQTLVRNMRWLLLLSWGVYPIAYLLPMLGVSGTSAAVGVQVGYTIADVLAKPVFGLLVFAIALVKTKADQESSEPHAAIGAAANKSGGSLIS,1
  G178Q,MLMTVFSSAPELALLGSTFAQVDPSNLSVSDSLTYGQFNLVYNAFSFAIAAMFASALFFFSAQALVGQRYRLALLVSAIVVSIAGYHYFRIFNSWDAAYVLENGVYSLTSEKFNDAYRYVDWLLTVPLLLVETVAVLTLPAKEARPLLIKLTVASVLMIATGYPGEISDDITTRIIWQTVSTIPFAYILYVLWVELSRSLVRQPAAVQTLVRNMRWLLLLSWGVYPIAYLLPMLGVSGTSAAVGVQVGYTIADVLAKPVFGLLVFAIALVKTKADQESSEPHAAIGAAANKSGGSLIS,1
  S181A,MLMTVFSSAPELALLGSTFAQVDPSNLSVSDSLTYGQFNLVYNAFSFAIAAMFASALFFFSAQALVGQRYRLALLVSAIVVSIAGYHYFRIFNSWDAAYVLENGVYSLTSEKFNDAYRYVDWLLTVPLLLVETVAVLTLPAKEARPLLIKLTVASVLMIATGYPGEISDDITTRIIWGTVATIPFAYILYVLWVELSRSLVRQPAAVQTLVRNMRWLLLLSWGVYPIAYLLPMLGVSGTSAAVGVQVGYTIADVLAKPVFGLLVFAIALVKTKADQESSEPHAAIGAAANKSGGSLIS,1
  S181G,MLMTVFSSAPELALLGSTFAQVDPSNLSVSDSLTYGQFNLVYNAFSFAIAAMFASALFFFSAQALVGQRYRLALLVSAIVVSIAGYHYFRIFNSWDAAYVLENGVYSLTSEKFNDAYRYVDWLLTVPLLLVETVAVLTLPAKEARPLLIKLTVASVLMIATGYPGEISDDITTRIIWGTVGTIPFAYILYVLWVELSRSLVRQPAAVQTLVRNMRWLLLLSWGVYPIAYLLPMLGVSGTSAAVGVQVGYTIADVLAKPVFGLLVFAIALVKTKADQESSEPHAAIGAAANKSGGSLIS,1
  S181P,MLMTVFSSAPELALLGSTFAQVDPSNLSVSDSLTYGQFNLVYNAFSFAIAAMFASALFFFSAQALVGQRYRLALLVSAIVVSIAGYHYFRIFNSWDAAYVLENGVYSLTSEKFNDAYRYVDWLLTVPLLLVETVAVLTLPAKEARPLLIKLTVASVLMIATGYPGEISDDITTRIIWGTVPTIPFAYILYVLWVELSRSLVRQPAAVQTLVRNMRWLLLLSWGVYPIAYLLPMLGVSGTSAAVGVQVGYTIADVLAKPVFGLLVFAIALVKTKADQESSEPHAAIGAAANKSGGSLIS,1
  A256C,MLMTVFSSAPELALLGSTFAQVDPSNLSVSDSLTYGQFNLVYNAFSFAIAAMFASALFFFSAQALVGQRYRLALLVSAIVVSIAGYHYFRIFNSWDAAYVLENGVYSLTSEKFNDAYRYVDWLLTVPLLLVETVAVLTLPAKEARPLLIKLTVASVLMIATGYPGEISDDITTRIIWGTVSTIPFAYILYVLWVELSRSLVRQPAAVQTLVRNMRWLLLLSWGVYPIAYLLPMLGVSGTSAAVGVQVGYTIADVLCKPVFGLLVFAIALVKTKADQESSEPHAAIGAAANKSGGSLIS,1
  A256D,MLMTVFSSAPELALLGSTFAQVDPSNLSVSDSLTYGQFNLVYNAFSFAIAAMFASALFFFSAQALVGQRYRLALLVSAIVVSIAGYHYFRIFNSWDAAYVLENGVYSLTSEKFNDAYRYVDWLLTVPLLLVETVAVLTLPAKEARPLLIKLTVASVLMIATGYPGEISDDITTRIIWGTVSTIPFAYILYVLWVELSRSLVRQPAAVQTLVRNMRWLLLLSWGVYPIAYLLPMLGVSGTSAAVGVQVGYTIADVLDKPVFGLLVFAIALVKTKADQESSEPHAAIGAAANKSGGSLIS,1
  A256G,MLMTVFSSAPELALLGSTFAQVDPSNLSVSDSLTYGQFNLVYNAFSFAIAAMFASALFFFSAQALVGQRYRLALLVSAIVVSIAGYHYFRIFNSWDAAYVLENGVYSLTSEKFNDAYRYVDWLLTVPLLLVETVAVLTLPAKEARPLLIKLTVASVLMIATGYPGEISDDITTRIIWGTVSTIPFAYILYVLWVELSRSLVRQPAAVQTLVRNMRWLLLLSWGVYPIAYLLPMLGVSGTSAAVGVQVGYTIADVLGKPVFGLLVFAIALVKTKADQESSEPHAAIGAAANKSGGSLIS,1
  A256S,MLMTVFSSAPELALLGSTFAQVDPSNLSVSDSLTYGQFNLVYNAFSFAIAAMFASALFFFSAQALVGQRYRLALLVSAIVVSIAGYHYFRIFNSWDAAYVLENGVYSLTSEKFNDAYRYVDWLLTVPLLLVETVAVLTLPAKEARPLLIKLTVASVLMIATGYPGEISDDITTRIIWGTVSTIPFAYILYVLWVELSRSLVRQPAAVQTLVRNMRWLLLLSWGVYPIAYLLPMLGVSGTSAAVGVQVGYTIADVLSKPVFGLLVFAIALVKTKADQESSEPHAAIGAAANKSGGSLIS,1
  G162S/E166W/S181G/A256S,MLMTVFSSAPELALLGSTFAQVDPSNLSVSDSLTYGQFNLVYNAFSFAIAAMFASALFFFSAQALVGQRYRLALLVSAIVVSIAGYHYFRIFNSWDAAYVLENGVYSLTSEKFNDAYRYVDWLLTVPLLLVETVAVLTLPAKEARPLLIKLTVASVLMIATSYPGWISDDITTRIIWGTVGTIPFAYILYVLWVELSRSLVRQPAAVQTLVRNMRWLLLLSWGVYPIAYLLPMLGVSGTSAAVGVQVGYTIADVLSKPVFGLLVFAIALVKTKADQESSEPHAAIGAAANKSGGSLIS,1
  G162C/E166W/S181G/A256S,MLMTVFSSAPELALLGSTFAQVDPSNLSVSDSLTYGQFNLVYNAFSFAIAAMFASALFFFSAQALVGQRYRLALLVSAIVVSIAGYHYFRIFNSWDAAYVLENGVYSLTSEKFNDAYRYVDWLLTVPLLLVETVAVLTLPAKEARPLLIKLTVASVLMIATCYPGWISDDITTRIIWGTVGTIPFAYILYVLWVELSRSLVRQPAAVQTLVRNMRWLLLLSWGVYPIAYLLPMLGVSGTSAAVGVQVGYTIADVLSKPVFGLLVFAIALVKTKADQESSEPHAAIGAAANKSGGSLIS,1
  G162L/E166W/A256C,MLMTVFSSAPELALLGSTFAQVDPSNLSVSDSLTYGQFNLVYNAFSFAIAAMFASALFFFSAQALVGQRYRLALLVSAIVVSIAGYHYFRIFNSWDAAYVLENGVYSLTSEKFNDAYRYVDWLLTVPLLLVETVAVLTLPAKEARPLLIKLTVASVLMIATLYPGWISDDITTRIIWGTVSTIPFAYILYVLWVELSRSLVRQPAAVQTLVRNMRWLLLLSWGVYPIAYLLPMLGVSGTSAAVGVQVGYTIADVLCKPVFGLLVFAIALVKTKADQESSEPHAAIGAAANKSGGSLIS,1
  G162L/E166W/S181G/A256S,MLMTVFSSAPELALLGSTFAQVDPSNLSVSDSLTYGQFNLVYNAFSFAIAAMFASALFFFSAQALVGQRYRLALLVSAIVVSIAGYHYFRIFNSWDAAYVLENGVYSLTSEKFNDAYRYVDWLLTVPLLLVETVAVLTLPAKEARPLLIKLTVASVLMIATLYPGWISDDITTRIIWGTVGTIPFAYILYVLWVELSRSLVRQPAAVQTLVRNMRWLLLLSWGVYPIAYLLPMLGVSGTSAAVGVQVGYTIADVLSKPVFGLLVFAIALVKTKADQESSEPHAAIGAAANKSGGSLIS,1
  G162V/E166W/S181G/A256S,MLMTVFSSAPELALLGSTFAQVDPSNLSVSDSLTYGQFNLVYNAFSFAIAAMFASALFFFSAQALVGQRYRLALLVSAIVVSIAGYHYFRIFNSWDAAYVLENGVYSLTSEKFNDAYRYVDWLLTVPLLLVETVAVLTLPAKEARPLLIKLTVASVLMIATVYPGWISDDITTRIIWGTVGTIPFAYILYVLWVELSRSLVRQPAAVQTLVRNMRWLLLLSWGVYPIAYLLPMLGVSGTSAAVGVQVGYTIADVLSKPVFGLLVFAIALVKTKADQESSEPHAAIGAAANKSGGSLIS,1
  G162L/E166W/A256S,MLMTVFSSAPELALLGSTFAQVDPSNLSVSDSLTYGQFNLVYNAFSFAIAAMFASALFFFSAQALVGQRYRLALLVSAIVVSIAGYHYFRIFNSWDAAYVLENGVYSLTSEKFNDAYRYVDWLLTVPLLLVETVAVLTLPAKEARPLLIKLTVASVLMIATLYPGWISDDITTRIIWGTVSTIPFAYILYVLWVELSRSLVRQPAAVQTLVRNMRWLLLLSWGVYPIAYLLPMLGVSGTSAAVGVQVGYTIADVLSKPVFGLLVFAIALVKTKADQESSEPHAAIGAAANKSGGSLIS,1
  E166W/S181G/A256S,MLMTVFSSAPELALLGSTFAQVDPSNLSVSDSLTYGQFNLVYNAFSFAIAAMFASALFFFSAQALVGQRYRLALLVSAIVVSIAGYHYFRIFNSWDAAYVLENGVYSLTSEKFNDAYRYVDWLLTVPLLLVETVAVLTLPAKEARPLLIKLTVASVLMIATGYPGWISDDITTRIIWGTVGTIPFAYILYVLWVELSRSLVRQPAAVQTLVRNMRWLLLLSWGVYPIAYLLPMLGVSGTSAAVGVQVGYTIADVLSKPVFGLLVFAIALVKTKADQESSEPHAAIGAAANKSGGSLIS,1
  G162L/E166W/S181G/A256C,MLMTVFSSAPELALLGSTFAQVDPSNLSVSDSLTYGQFNLVYNAFSFAIAAMFASALFFFSAQALVGQRYRLALLVSAIVVSIAGYHYFRIFNSWDAAYVLENGVYSLTSEKFNDAYRYVDWLLTVPLLLVETVAVLTLPAKEARPLLIKLTVASVLMIATLYPGWISDDITTRIIWGTVGTIPFAYILYVLWVELSRSLVRQPAAVQTLVRNMRWLLLLSWGVYPIAYLLPMLGVSGTSAAVGVQVGYTIADVLCKPVFGLLVFAIALVKTKADQESSEPHAAIGAAANKSGGSLIS,1
  W122L/G162L/E166W/A256S,MLMTVFSSAPELALLGSTFAQVDPSNLSVSDSLTYGQFNLVYNAFSFAIAAMFASALFFFSAQALVGQRYRLALLVSAIVVSIAGYHYFRIFNSWDAAYVLENGVYSLTSEKFNDAYRYVDLLLTVPLLLVETVAVLTLPAKEARPLLIKLTVASVLMIATLYPGWISDDITTRIIWGTVSTIPFAYILYVLWVELSRSLVRQPAAVQTLVRNMRWLLLLSWGVYPIAYLLPMLGVSGTSAAVGVQVGYTIADVLSKPVFGLLVFAIALVKTKADQESSEPHAAIGAAANKSGGSLIS,1
  W122M/G162L/E166W/A256S,MLMTVFSSAPELALLGSTFAQVDPSNLSVSDSLTYGQFNLVYNAFSFAIAAMFASALFFFSAQALVGQRYRLALLVSAIVVSIAGYHYFRIFNSWDAAYVLENGVYSLTSEKFNDAYRYVDMLLTVPLLLVETVAVLTLPAKEARPLLIKLTVASVLMIATLYPGWISDDITTRIIWGTVSTIPFAYILYVLWVELSRSLVRQPAAVQTLVRNMRWLLLLSWGVYPIAYLLPMLGVSGTSAAVGVQVGYTIADVLSKPVFGLLVFAIALVKTKADQESSEPHAAIGAAANKSGGSLIS,1
  L129T/G162L/E166W/A256S,MLMTVFSSAPELALLGSTFAQVDPSNLSVSDSLTYGQFNLVYNAFSFAIAAMFASALFFFSAQALVGQRYRLALLVSAIVVSIAGYHYFRIFNSWDAAYVLENGVYSLTSEKFNDAYRYVDWLLTVPLTLVETVAVLTLPAKEARPLLIKLTVASVLMIATLYPGWISDDITTRIIWGTVSTIPFAYILYVLWVELSRSLVRQPAAVQTLVRNMRWLLLLSWGVYPIAYLLPMLGVSGTSAAVGVQVGYTIADVLSKPVFGLLVFAIALVKTKADQESSEPHAAIGAAANKSGGSLIS,1
  M158G/G162L/E166W/A256S,MLMTVFSSAPELALLGSTFAQVDPSNLSVSDSLTYGQFNLVYNAFSFAIAAMFASALFFFSAQALVGQRYRLALLVSAIVVSIAGYHYFRIFNSWDAAYVLENGVYSLTSEKFNDAYRYVDWLLTVPLLLVETVAVLTLPAKEARPLLIKLTVASVLGIATLYPGWISDDITTRIIWGTVSTIPFAYILYVLWVELSRSLVRQPAAVQTLVRNMRWLLLLSWGVYPIAYLLPMLGVSGTSAAVGVQVGYTIADVLSKPVFGLLVFAIALVKTKADQESSEPHAAIGAAANKSGGSLIS,1
  G162L/E166W/G178S/A256S,MLMTVFSSAPELALLGSTFAQVDPSNLSVSDSLTYGQFNLVYNAFSFAIAAMFASALFFFSAQALVGQRYRLALLVSAIVVSIAGYHYFRIFNSWDAAYVLENGVYSLTSEKFNDAYRYVDWLLTVPLLLVETVAVLTLPAKEARPLLIKLTVASVLMIATLYPGWISDDITTRIIWSTVSTIPFAYILYVLWVELSRSLVRQPAAVQTLVRNMRWLLLLSWGVYPIAYLLPMLGVSGTSAAVGVQVGYTIADVLSKPVFGLLVFAIALVKTKADQESSEPHAAIGAAANKSGGSLIS,1
  G162L/E166W/F185G/A256S,MLMTVFSSAPELALLGSTFAQVDPSNLSVSDSLTYGQFNLVYNAFSFAIAAMFASALFFFSAQALVGQRYRLALLVSAIVVSIAGYHYFRIFNSWDAAYVLENGVYSLTSEKFNDAYRYVDWLLTVPLLLVETVAVLTLPAKEARPLLIKLTVASVLMIATLYPGWISDDITTRIIWGTVSTIPGAYILYVLWVELSRSLVRQPAAVQTLVRNMRWLLLLSWGVYPIAYLLPMLGVSGTSAAVGVQVGYTIADVLSKPVFGLLVFAIALVKTKADQESSEPHAAIGAAANKSGGSLIS,1
  G162L/E166W/F185A/A256S,MLMTVFSSAPELALLGSTFAQVDPSNLSVSDSLTYGQFNLVYNAFSFAIAAMFASALFFFSAQALVGQRYRLALLVSAIVVSIAGYHYFRIFNSWDAAYVLENGVYSLTSEKFNDAYRYVDWLLTVPLLLVETVAVLTLPAKEARPLLIKLTVASVLMIATLYPGWISDDITTRIIWGTVSTIPAAYILYVLWVELSRSLVRQPAAVQTLVRNMRWLLLLSWGVYPIAYLLPMLGVSGTSAAVGVQVGYTIADVLSKPVFGLLVFAIALVKTKADQESSEPHAAIGAAANKSGGSLIS,1
  G162L/E166W/Y229G/A256S,MLMTVFSSAPELALLGSTFAQVDPSNLSVSDSLTYGQFNLVYNAFSFAIAAMFASALFFFSAQALVGQRYRLALLVSAIVVSIAGYHYFRIFNSWDAAYVLENGVYSLTSEKFNDAYRYVDWLLTVPLLLVETVAVLTLPAKEARPLLIKLTVASVLMIATLYPGWISDDITTRIIWGTVSTIPFAYILYVLWVELSRSLVRQPAAVQTLVRNMRWLLLLSWGVYPIAGLLPMLGVSGTSAAVGVQVGYTIADVLSKPVFGLLVFAIALVKTKADQESSEPHAAIGAAANKSGGSLIS,1
  G162L/E166W/Y229T/A256S,MLMTVFSSAPELALLGSTFAQVDPSNLSVSDSLTYGQFNLVYNAFSFAIAAMFASALFFFSAQALVGQRYRLALLVSAIVVSIAGYHYFRIFNSWDAAYVLENGVYSLTSEKFNDAYRYVDWLLTVPLLLVETVAVLTLPAKEARPLLIKLTVASVLMIATLYPGWISDDITTRIIWGTVSTIPFAYILYVLWVELSRSLVRQPAAVQTLVRNMRWLLLLSWGVYPIATLLPMLGVSGTSAAVGVQVGYTIADVLSKPVFGLLVFAIALVKTKADQESSEPHAAIGAAANKSGGSLIS,1
  W122M,MLMTVFSSAPELALLGSTFAQVDPSNLSVSDSLTYGQFNLVYNAFSFAIAAMFASALFFFSAQALVGQRYRLALLVSAIVVSIAGYHYFRIFNSWDAAYVLENGVYSLTSEKFNDAYRYVDMLLTVPLLLVETVAVLTLPAKEARPLLIKLTVASVLMIATGYPGEISDDITTRIIWGTVSTIPFAYILYVLWVELSRSLVRQPAAVQTLVRNMRWLLLLSWGVYPIAYLLPMLGVSGTSAAVGVQVGYTIADVLAKPVFGLLVFAIALVKTKADQESSEPHAAIGAAANKSGGSLIS,1
  W122L,MLMTVFSSAPELALLGSTFAQVDPSNLSVSDSLTYGQFNLVYNAFSFAIAAMFASALFFFSAQALVGQRYRLALLVSAIVVSIAGYHYFRIFNSWDAAYVLENGVYSLTSEKFNDAYRYVDLLLTVPLLLVETVAVLTLPAKEARPLLIKLTVASVLMIATGYPGEISDDITTRIIWGTVSTIPFAYILYVLWVELSRSLVRQPAAVQTLVRNMRWLLLLSWGVYPIAYLLPMLGVSGTSAAVGVQVGYTIADVLAKPVFGLLVFAIALVKTKADQESSEPHAAIGAAANKSGGSLIS,1
  L129T,MLMTVFSSAPELALLGSTFAQVDPSNLSVSDSLTYGQFNLVYNAFSFAIAAMFASALFFFSAQALVGQRYRLALLVSAIVVSIAGYHYFRIFNSWDAAYVLENGVYSLTSEKFNDAYRYVDWLLTVPLTLVETVAVLTLPAKEARPLLIKLTVASVLMIATGYPGEISDDITTRIIWGTVSTIPFAYILYVLWVELSRSLVRQPAAVQTLVRNMRWLLLLSWGVYPIAYLLPMLGVSGTSAAVGVQVGYTIADVLAKPVFGLLVFAIALVKTKADQESSEPHAAIGAAANKSGGSLIS,1
  G178S,MLMTVFSSAPELALLGSTFAQVDPSNLSVSDSLTYGQFNLVYNAFSFAIAAMFASALFFFSAQALVGQRYRLALLVSAIVVSIAGYHYFRIFNSWDAAYVLENGVYSLTSEKFNDAYRYVDWLLTVPLLLVETVAVLTLPAKEARPLLIKLTVASVLMIATGYPGEISDDITTRIIWSTVSTIPFAYILYVLWVELSRSLVRQPAAVQTLVRNMRWLLLLSWGVYPIAYLLPMLGVSGTSAAVGVQVGYTIADVLAKPVFGLLVFAIALVKTKADQESSEPHAAIGAAANKSGGSLIS,1
  F185G,MLMTVFSSAPELALLGSTFAQVDPSNLSVSDSLTYGQFNLVYNAFSFAIAAMFASALFFFSAQALVGQRYRLALLVSAIVVSIAGYHYFRIFNSWDAAYVLENGVYSLTSEKFNDAYRYVDWLLTVPLLLVETVAVLTLPAKEARPLLIKLTVASVLMIATGYPGEISDDITTRIIWGTVSTIPGAYILYVLWVELSRSLVRQPAAVQTLVRNMRWLLLLSWGVYPIAYLLPMLGVSGTSAAVGVQVGYTIADVLAKPVFGLLVFAIALVKTKADQESSEPHAAIGAAANKSGGSLIS,1
  F185A,MLMTVFSSAPELALLGSTFAQVDPSNLSVSDSLTYGQFNLVYNAFSFAIAAMFASALFFFSAQALVGQRYRLALLVSAIVVSIAGYHYFRIFNSWDAAYVLENGVYSLTSEKFNDAYRYVDWLLTVPLLLVETVAVLTLPAKEARPLLIKLTVASVLMIATGYPGEISDDITTRIIWGTVSTIPAAYILYVLWVELSRSLVRQPAAVQTLVRNMRWLLLLSWGVYPIAYLLPMLGVSGTSAAVGVQVGYTIADVLAKPVFGLLVFAIALVKTKADQESSEPHAAIGAAANKSGGSLIS,1
  Y229G,MLMTVFSSAPELALLGSTFAQVDPSNLSVSDSLTYGQFNLVYNAFSFAIAAMFASALFFFSAQALVGQRYRLALLVSAIVVSIAGYHYFRIFNSWDAAYVLENGVYSLTSEKFNDAYRYVDWLLTVPLLLVETVAVLTLPAKEARPLLIKLTVASVLMIATGYPGEISDDITTRIIWGTVSTIPFAYILYVLWVELSRSLVRQPAAVQTLVRNMRWLLLLSWGVYPIAGLLPMLGVSGTSAAVGVQVGYTIADVLAKPVFGLLVFAIALVKTKADQESSEPHAAIGAAANKSGGSLIS,1
  Y229T,MLMTVFSSAPELALLGSTFAQVDPSNLSVSDSLTYGQFNLVYNAFSFAIAAMFASALFFFSAQALVGQRYRLALLVSAIVVSIAGYHYFRIFNSWDAAYVLENGVYSLTSEKFNDAYRYVDWLLTVPLLLVETVAVLTLPAKEARPLLIKLTVASVLMIATGYPGEISDDITTRIIWGTVSTIPFAYILYVLWVELSRSLVRQPAAVQTLVRNMRWLLLLSWGVYPIATLLPMLGVSGTSAAVGVQVGYTIADVLAKPVFGLLVFAIALVKTKADQESSEPHAAIGAAANKSGGSLIS,1
  T125C,MLMTVFSSAPELALLGSTFAQVDPSNLSVSDSLTYGQFNLVYNAFSFAIAAMFASALFFFSAQALVGQRYRLALLVSAIVVSIAGYHYFRIFNSWDAAYVLENGVYSLTSEKFNDAYRYVDWLLCVPLLLVETVAVLTLPAKEARPLLIKLTVASVLMIATGYPGEISDDITTRIIWGTVSTIPFAYILYVLWVELSRSLVRQPAAVQTLVRNMRWLLLLSWGVYPIAYLLPMLGVSGTSAAVGVQVGYTIADVLAKPVFGLLVFAIALVKTKADQESSEPHAAIGAAANKSGGSLIS,1
  T125D,MLMTVFSSAPELALLGSTFAQVDPSNLSVSDSLTYGQFNLVYNAFSFAIAAMFASALFFFSAQALVGQRYRLALLVSAIVVSIAGYHYFRIFNSWDAAYVLENGVYSLTSEKFNDAYRYVDWLLDVPLLLVETVAVLTLPAKEARPLLIKLTVASVLMIATGYPGEISDDITTRIIWGTVSTIPFAYILYVLWVELSRSLVRQPAAVQTLVRNMRWLLLLSWGVYPIAYLLPMLGVSGTSAAVGVQVGYTIADVLAKPVFGLLVFAIALVKTKADQESSEPHAAIGAAANKSGGSLIS,1
  T125G,MLMTVFSSAPELALLGSTFAQVDPSNLSVSDSLTYGQFNLVYNAFSFAIAAMFASALFFFSAQALVGQRYRLALLVSAIVVSIAGYHYFRIFNSWDAAYVLENGVYSLTSEKFNDAYRYVDWLLGVPLLLVETVAVLTLPAKEARPLLIKLTVASVLMIATGYPGEISDDITTRIIWGTVSTIPFAYILYVLWVELSRSLVRQPAAVQTLVRNMRWLLLLSWGVYPIAYLLPMLGVSGTSAAVGVQVGYTIADVLAKPVFGLLVFAIALVKTKADQESSEPHAAIGAAANKSGGSLIS,1
  T125L,MLMTVFSSAPELALLGSTFAQVDPSNLSVSDSLTYGQFNLVYNAFSFAIAAMFASALFFFSAQALVGQRYRLALLVSAIVVSIAGYHYFRIFNSWDAAYVLENGVYSLTSEKFNDAYRYVDWLLLVPLLLVETVAVLTLPAKEARPLLIKLTVASVLMIATGYPGEISDDITTRIIWGTVSTIPFAYILYVLWVELSRSLVRQPAAVQTLVRNMRWLLLLSWGVYPIAYLLPMLGVSGTSAAVGVQVGYTIADVLAKPVFGLLVFAIALVKTKADQESSEPHAAIGAAANKSGGSLIS,1
  T125N,MLMTVFSSAPELALLGSTFAQVDPSNLSVSDSLTYGQFNLVYNAFSFAIAAMFASALFFFSAQALVGQRYRLALLVSAIVVSIAGYHYFRIFNSWDAAYVLENGVYSLTSEKFNDAYRYVDWLLNVPLLLVETVAVLTLPAKEARPLLIKLTVASVLMIATGYPGEISDDITTRIIWGTVSTIPFAYILYVLWVELSRSLVRQPAAVQTLVRNMRWLLLLSWGVYPIAYLLPMLGVSGTSAAVGVQVGYTIADVLAKPVFGLLVFAIALVKTKADQESSEPHAAIGAAANKSGGSLIS,1
  T125V,MLMTVFSSAPELALLGSTFAQVDPSNLSVSDSLTYGQFNLVYNAFSFAIAAMFASALFFFSAQALVGQRYRLALLVSAIVVSIAGYHYFRIFNSWDAAYVLENGVYSLTSEKFNDAYRYVDWLLVVPLLLVETVAVLTLPAKEARPLLIKLTVASVLMIATGYPGEISDDITTRIIWGTVSTIPFAYILYVLWVELSRSLVRQPAAVQTLVRNMRWLLLLSWGVYPIAYLLPMLGVSGTSAAVGVQVGYTIADVLAKPVFGLLVFAIALVKTKADQESSEPHAAIGAAANKSGGSLIS,1
  V126M,MLMTVFSSAPELALLGSTFAQVDPSNLSVSDSLTYGQFNLVYNAFSFAIAAMFASALFFFSAQALVGQRYRLALLVSAIVVSIAGYHYFRIFNSWDAAYVLENGVYSLTSEKFNDAYRYVDWLLTMPLLLVETVAVLTLPAKEARPLLIKLTVASVLMIATGYPGEISDDITTRIIWGTVSTIPFAYILYVLWVELSRSLVRQPAAVQTLVRNMRWLLLLSWGVYPIAYLLPMLGVSGTSAAVGVQVGYTIADVLAKPVFGLLVFAIALVKTKADQESSEPHAAIGAAANKSGGSLIS,1
  L129K,MLMTVFSSAPELALLGSTFAQVDPSNLSVSDSLTYGQFNLVYNAFSFAIAAMFASALFFFSAQALVGQRYRLALLVSAIVVSIAGYHYFRIFNSWDAAYVLENGVYSLTSEKFNDAYRYVDWLLTVPLKLVETVAVLTLPAKEARPLLIKLTVASVLMIATGYPGEISDDITTRIIWGTVSTIPFAYILYVLWVELSRSLVRQPAAVQTLVRNMRWLLLLSWGVYPIAYLLPMLGVSGTSAAVGVQVGYTIADVLAKPVFGLLVFAIALVKTKADQESSEPHAAIGAAANKSGGSLIS,1
  L129W,MLMTVFSSAPELALLGSTFAQVDPSNLSVSDSLTYGQFNLVYNAFSFAIAAMFASALFFFSAQALVGQRYRLALLVSAIVVSIAGYHYFRIFNSWDAAYVLENGVYSLTSEKFNDAYRYVDWLLTVPLWLVETVAVLTLPAKEARPLLIKLTVASVLMIATGYPGEISDDITTRIIWGTVSTIPFAYILYVLWVELSRSLVRQPAAVQTLVRNMRWLLLLSWGVYPIAYLLPMLGVSGTSAAVGVQVGYTIADVLAKPVFGLLVFAIALVKTKADQESSEPHAAIGAAANKSGGSLIS,1
  I159S,MLMTVFSSAPELALLGSTFAQVDPSNLSVSDSLTYGQFNLVYNAFSFAIAAMFASALFFFSAQALVGQRYRLALLVSAIVVSIAGYHYFRIFNSWDAAYVLENGVYSLTSEKFNDAYRYVDWLLTVPLLLVETVAVLTLPAKEARPLLIKLTVASVLMSATGYPGEISDDITTRIIWGTVSTIPFAYILYVLWVELSRSLVRQPAAVQTLVRNMRWLLLLSWGVYPIAYLLPMLGVSGTSAAVGVQVGYTIADVLAKPVFGLLVFAIALVKTKADQESSEPHAAIGAAANKSGGSLIS,1
  F185T,MLMTVFSSAPELALLGSTFAQVDPSNLSVSDSLTYGQFNLVYNAFSFAIAAMFASALFFFSAQALVGQRYRLALLVSAIVVSIAGYHYFRIFNSWDAAYVLENGVYSLTSEKFNDAYRYVDWLLTVPLLLVETVAVLTLPAKEARPLLIKLTVASVLMIATGYPGEISDDITTRIIWGTVSTIPTAYILYVLWVELSRSLVRQPAAVQTLVRNMRWLLLLSWGVYPIAYLLPMLGVSGTSAAVGVQVGYTIADVLAKPVFGLLVFAIALVKTKADQESSEPHAAIGAAANKSGGSLIS,1
  F185W,MLMTVFSSAPELALLGSTFAQVDPSNLSVSDSLTYGQFNLVYNAFSFAIAAMFASALFFFSAQALVGQRYRLALLVSAIVVSIAGYHYFRIFNSWDAAYVLENGVYSLTSEKFNDAYRYVDWLLTVPLLLVETVAVLTLPAKEARPLLIKLTVASVLMIATGYPGEISDDITTRIIWGTVSTIPWAYILYVLWVELSRSLVRQPAAVQTLVRNMRWLLLLSWGVYPIAYLLPMLGVSGTSAAVGVQVGYTIADVLAKPVFGLLVFAIALVKTKADQESSEPHAAIGAAANKSGGSLIS,1
  W222L,MLMTVFSSAPELALLGSTFAQVDPSNLSVSDSLTYGQFNLVYNAFSFAIAAMFASALFFFSAQALVGQRYRLALLVSAIVVSIAGYHYFRIFNSWDAAYVLENGVYSLTSEKFNDAYRYVDWLLTVPLLLVETVAVLTLPAKEARPLLIKLTVASVLMIATGYPGEISDDITTRIIWGTVSTIPFAYILYVLWVELSRSLVRQPAAVQTLVRNMRWLLLLSLGVYPIAYLLPMLGVSGTSAAVGVQVGYTIADVLAKPVFGLLVFAIALVKTKADQESSEPHAAIGAAANKSGGSLIS,1
  W222M,MLMTVFSSAPELALLGSTFAQVDPSNLSVSDSLTYGQFNLVYNAFSFAIAAMFASALFFFSAQALVGQRYRLALLVSAIVVSIAGYHYFRIFNSWDAAYVLENGVYSLTSEKFNDAYRYVDWLLTVPLLLVETVAVLTLPAKEARPLLIKLTVASVLMIATGYPGEISDDITTRIIWGTVSTIPFAYILYVLWVELSRSLVRQPAAVQTLVRNMRWLLLLSMGVYPIAYLLPMLGVSGTSAAVGVQVGYTIADVLAKPVFGLLVFAIALVKTKADQESSEPHAAIGAAANKSGGSLIS,1
  Y225A,MLMTVFSSAPELALLGSTFAQVDPSNLSVSDSLTYGQFNLVYNAFSFAIAAMFASALFFFSAQALVGQRYRLALLVSAIVVSIAGYHYFRIFNSWDAAYVLENGVYSLTSEKFNDAYRYVDWLLTVPLLLVETVAVLTLPAKEARPLLIKLTVASVLMIATGYPGEISDDITTRIIWGTVSTIPFAYILYVLWVELSRSLVRQPAAVQTLVRNMRWLLLLSWGVAPIAYLLPMLGVSGTSAAVGVQVGYTIADVLAKPVFGLLVFAIALVKTKADQESSEPHAAIGAAANKSGGSLIS,1
  P226I,MLMTVFSSAPELALLGSTFAQVDPSNLSVSDSLTYGQFNLVYNAFSFAIAAMFASALFFFSAQALVGQRYRLALLVSAIVVSIAGYHYFRIFNSWDAAYVLENGVYSLTSEKFNDAYRYVDWLLTVPLLLVETVAVLTLPAKEARPLLIKLTVASVLMIATGYPGEISDDITTRIIWGTVSTIPFAYILYVLWVELSRSLVRQPAAVQTLVRNMRWLLLLSWGVYIIAYLLPMLGVSGTSAAVGVQVGYTIADVLAKPVFGLLVFAIALVKTKADQESSEPHAAIGAAANKSGGSLIS,1
  P226V,MLMTVFSSAPELALLGSTFAQVDPSNLSVSDSLTYGQFNLVYNAFSFAIAAMFASALFFFSAQALVGQRYRLALLVSAIVVSIAGYHYFRIFNSWDAAYVLENGVYSLTSEKFNDAYRYVDWLLTVPLLLVETVAVLTLPAKEARPLLIKLTVASVLMIATGYPGEISDDITTRIIWGTVSTIPFAYILYVLWVELSRSLVRQPAAVQTLVRNMRWLLLLSWGVYVIAYLLPMLGVSGTSAAVGVQVGYTIADVLAKPVFGLLVFAIALVKTKADQESSEPHAAIGAAANKSGGSLIS,1
  D253E,MLMTVFSSAPELALLGSTFAQVDPSNLSVSDSLTYGQFNLVYNAFSFAIAAMFASALFFFSAQALVGQRYRLALLVSAIVVSIAGYHYFRIFNSWDAAYVLENGVYSLTSEKFNDAYRYVDWLLTVPLLLVETVAVLTLPAKEARPLLIKLTVASVLMIATGYPGEISDDITTRIIWGTVSTIPFAYILYVLWVELSRSLVRQPAAVQTLVRNMRWLLLLSWGVYPIAYLLPMLGVSGTSAAVGVQVGYTIAEVLAKPVFGLLVFAIALVKTKADQESSEPHAAIGAAANKSGGSLIS,1
  D253T,MLMTVFSSAPELALLGSTFAQVDPSNLSVSDSLTYGQFNLVYNAFSFAIAAMFASALFFFSAQALVGQRYRLALLVSAIVVSIAGYHYFRIFNSWDAAYVLENGVYSLTSEKFNDAYRYVDWLLTVPLLLVETVAVLTLPAKEARPLLIKLTVASVLMIATGYPGEISDDITTRIIWGTVSTIPFAYILYVLWVELSRSLVRQPAAVQTLVRNMRWLLLLSWGVYPIAYLLPMLGVSGTSAAVGVQVGYTIATVLAKPVFGLLVFAIALVKTKADQESSEPHAAIGAAANKSGGSLIS,1
  A256M,MLMTVFSSAPELALLGSTFAQVDPSNLSVSDSLTYGQFNLVYNAFSFAIAAMFASALFFFSAQALVGQRYRLALLVSAIVVSIAGYHYFRIFNSWDAAYVLENGVYSLTSEKFNDAYRYVDWLLTVPLLLVETVAVLTLPAKEARPLLIKLTVASVLMIATGYPGEISDDITTRIIWGTVSTIPFAYILYVLWVELSRSLVRQPAAVQTLVRNMRWLLLLSWGVYPIAYLLPMLGVSGTSAAVGVQVGYTIADVLMKPVFGLLVFAIALVKTKADQESSEPHAAIGAAANKSGGSLIS,1
  T125C/A256M,MLMTVFSSAPELALLGSTFAQVDPSNLSVSDSLTYGQFNLVYNAFSFAIAAMFASALFFFSAQALVGQRYRLALLVSAIVVSIAGYHYFRIFNSWDAAYVLENGVYSLTSEKFNDAYRYVDWLLCVPLLLVETVAVLTLPAKEARPLLIKLTVASVLMIATGYPGEISDDITTRIIWGTVSTIPFAYILYVLWVELSRSLVRQPAAVQTLVRNMRWLLLLSWGVYPIAYLLPMLGVSGTSAAVGVQVGYTIADVLMKPVFGLLVFAIALVKTKADQESSEPHAAIGAAANKSGGSLIS,1
  T125V/A256M,MLMTVFSSAPELALLGSTFAQVDPSNLSVSDSLTYGQFNLVYNAFSFAIAAMFASALFFFSAQALVGQRYRLALLVSAIVVSIAGYHYFRIFNSWDAAYVLENGVYSLTSEKFNDAYRYVDWLLVVPLLLVETVAVLTLPAKEARPLLIKLTVASVLMIATGYPGEISDDITTRIIWGTVSTIPFAYILYVLWVELSRSLVRQPAAVQTLVRNMRWLLLLSWGVYPIAYLLPMLGVSGTSAAVGVQVGYTIADVLMKPVFGLLVFAIALVKTKADQESSEPHAAIGAAANKSGGSLIS,1
  T125V/W222M,MLMTVFSSAPELALLGSTFAQVDPSNLSVSDSLTYGQFNLVYNAFSFAIAAMFASALFFFSAQALVGQRYRLALLVSAIVVSIAGYHYFRIFNSWDAAYVLENGVYSLTSEKFNDAYRYVDWLLVVPLLLVETVAVLTLPAKEARPLLIKLTVASVLMIATGYPGEISDDITTRIIWGTVSTIPFAYILYVLWVELSRSLVRQPAAVQTLVRNMRWLLLLSMGVYPIAYLLPMLGVSGTSAAVGVQVGYTIADVLAKPVFGLLVFAIALVKTKADQESSEPHAAIGAAANKSGGSLIS,1
  T125D/A256M,MLMTVFSSAPELALLGSTFAQVDPSNLSVSDSLTYGQFNLVYNAFSFAIAAMFASALFFFSAQALVGQRYRLALLVSAIVVSIAGYHYFRIFNSWDAAYVLENGVYSLTSEKFNDAYRYVDWLLDVPLLLVETVAVLTLPAKEARPLLIKLTVASVLMIATGYPGEISDDITTRIIWGTVSTIPFAYILYVLWVELSRSLVRQPAAVQTLVRNMRWLLLLSWGVYPIAYLLPMLGVSGTSAAVGVQVGYTIADVLMKPVFGLLVFAIALVKTKADQESSEPHAAIGAAANKSGGSLIS,1
  T125D/L129W,MLMTVFSSAPELALLGSTFAQVDPSNLSVSDSLTYGQFNLVYNAFSFAIAAMFASALFFFSAQALVGQRYRLALLVSAIVVSIAGYHYFRIFNSWDAAYVLENGVYSLTSEKFNDAYRYVDWLLDVPLWLVETVAVLTLPAKEARPLLIKLTVASVLMIATGYPGEISDDITTRIIWGTVSTIPFAYILYVLWVELSRSLVRQPAAVQTLVRNMRWLLLLSWGVYPIAYLLPMLGVSGTSAAVGVQVGYTIADVLAKPVFGLLVFAIALVKTKADQESSEPHAAIGAAANKSGGSLIS,1
  T125C/W222M/A256M,MLMTVFSSAPELALLGSTFAQVDPSNLSVSDSLTYGQFNLVYNAFSFAIAAMFASALFFFSAQALVGQRYRLALLVSAIVVSIAGYHYFRIFNSWDAAYVLENGVYSLTSEKFNDAYRYVDWLLCVPLLLVETVAVLTLPAKEARPLLIKLTVASVLMIATGYPGEISDDITTRIIWGTVSTIPFAYILYVLWVELSRSLVRQPAAVQTLVRNMRWLLLLSMGVYPIAYLLPMLGVSGTSAAVGVQVGYTIADVLMKPVFGLLVFAIALVKTKADQESSEPHAAIGAAANKSGGSLIS,1
  T125C/W222M,MLMTVFSSAPELALLGSTFAQVDPSNLSVSDSLTYGQFNLVYNAFSFAIAAMFASALFFFSAQALVGQRYRLALLVSAIVVSIAGYHYFRIFNSWDAAYVLENGVYSLTSEKFNDAYRYVDWLLCVPLLLVETVAVLTLPAKEARPLLIKLTVASVLMIATGYPGEISDDITTRIIWGTVSTIPFAYILYVLWVELSRSLVRQPAAVQTLVRNMRWLLLLSMGVYPIAYLLPMLGVSGTSAAVGVQVGYTIADVLAKPVFGLLVFAIALVKTKADQESSEPHAAIGAAANKSGGSLIS,1
  D121E/T125C/A256M,MLMTVFSSAPELALLGSTFAQVDPSNLSVSDSLTYGQFNLVYNAFSFAIAAMFASALFFFSAQALVGQRYRLALLVSAIVVSIAGYHYFRIFNSWDAAYVLENGVYSLTSEKFNDAYRYVEWLLCVPLLLVETVAVLTLPAKEARPLLIKLTVASVLMIATGYPGEISDDITTRIIWGTVSTIPFAYILYVLWVELSRSLVRQPAAVQTLVRNMRWLLLLSWGVYPIAYLLPMLGVSGTSAAVGVQVGYTIADVLMKPVFGLLVFAIALVKTKADQESSEPHAAIGAAANKSGGSLIS,1
  T125C/F185T/A256M,MLMTVFSSAPELALLGSTFAQVDPSNLSVSDSLTYGQFNLVYNAFSFAIAAMFASALFFFSAQALVGQRYRLALLVSAIVVSIAGYHYFRIFNSWDAAYVLENGVYSLTSEKFNDAYRYVDWLLCVPLLLVETVAVLTLPAKEARPLLIKLTVASVLMIATGYPGEISDDITTRIIWGTVSTIPTAYILYVLWVELSRSLVRQPAAVQTLVRNMRWLLLLSWGVYPIAYLLPMLGVSGTSAAVGVQVGYTIADVLMKPVFGLLVFAIALVKTKADQESSEPHAAIGAAANKSGGSLIS,1
  W122G/T125C/A256M,MLMTVFSSAPELALLGSTFAQVDPSNLSVSDSLTYGQFNLVYNAFSFAIAAMFASALFFFSAQALVGQRYRLALLVSAIVVSIAGYHYFRIFNSWDAAYVLENGVYSLTSEKFNDAYRYVDGLLCVPLLLVETVAVLTLPAKEARPLLIKLTVASVLMIATGYPGEISDDITTRIIWGTVSTIPFAYILYVLWVELSRSLVRQPAAVQTLVRNMRWLLLLSWGVYPIAYLLPMLGVSGTSAAVGVQVGYTIADVLMKPVFGLLVFAIALVKTKADQESSEPHAAIGAAANKSGGSLIS,1
  D121E/T125C/F185T/A256M,MLMTVFSSAPELALLGSTFAQVDPSNLSVSDSLTYGQFNLVYNAFSFAIAAMFASALFFFSAQALVGQRYRLALLVSAIVVSIAGYHYFRIFNSWDAAYVLENGVYSLTSEKFNDAYRYVEWLLCVPLLLVETVAVLTLPAKEARPLLIKLTVASVLMIATGYPGEISDDITTRIIWGTVSTIPTAYILYVLWVELSRSLVRQPAAVQTLVRNMRWLLLLSWGVYPIAYLLPMLGVSGTSAAVGVQVGYTIADVLMKPVFGLLVFAIALVKTKADQESSEPHAAIGAAANKSGGSLIS,1
  ,,
