  name,sequence
  WT,MSAPFAKFPSSASISPNPFTVSIPDEQLDDLKTLVRLSKIAPPTYESLQADGRFGITSEWLTTMREKWLSEFDWRPFEARLNSFPQFTTEIEGLTIHFAALFSEREDAVPIALLHGWPGSFVEFYPILQLFREEYTPETLPFHLVVPSLPGYTFSSGPPLDKDFGLMDNARVVDQLMKDLGFGSGYIIQGGDIGSFVGRLLGVGFDACKAVHLNLCAMRAPPEGPSIESLSAAEKEGIARMEKFMTDGLAYAMEHSTRPSTIGHVLSSSPIALLAWIGEKYLQWVDKPLPSETILEMVSLYWLTESFPRAIHTYRETTPTASAPNGATMLQKELYIHKPFGFSFFPKDLCPVPRSWIATTGNLVFFRDHAEGGHFAALERPRELKTDLTAFVEQVWQK
  B_1,MSAPFAKFPSSASISPNPFTVSIPDEQLDDLKTLVRLSKIAPPTYESLQADGRFGITSEWLTTMREKWLSEFDWRPFEARLNSFPQFTTEIEGLTIHFAALFSEREDAVPIALLHGWPGSFVEFYPILQLFREEYTPETLPFHLVVPSLPGYTFSSGPPLDKDFGLMDNARVVDQLMKDLGFGSGYIIQGGDIGSFVGRLLGVGFDACKAVHLNFCAMDAPPEGPSIESLSAAEKEGIARMEKFMTDGLAYAMEHSTRPSTIGHVLSSSPIALLAWIGEKYLQWVDKPLPSETILEMVSLYWLTESFPRAIHTYRETTPTASAPNGATMLQKELYIHKPFGFSFFPKDLCPVPRSWIATTGNLVFFRDHAEGGHFAALERPRELKTDLTAFVEQVWQK
  D_1,MSAPFAKFPSSASISPNPFTVSIPDEQLDDLKTLVRLSKIAPPTYESLQADGRFGITSEWLTTMREKWLSEFDWRPFEARLNSFPQFTTEIEGLTIHFAALFSEREDAVPIALLHGWPGSFVEFYPILQLFREEYTPETLPFHLVVPSLPGYTFSSGPPLDKDFGLMDNARVVDQLMKDLGFGSGYIIQGGDIGSFVGRLLGVGFDACKAVHLNLCAMRAPPEGPSIESLSAAEKEGIARMEKFMTDGLAYAMEHSTRPSTIGHVLSSSPIALLAWIGEKYLQWVDKPLPSETILEMVSLYWLTESFPRAIHTYRETTPTASAPNGATMLQKELYIHKPFGFSFFPKDVHPVPRSWIATTGNLVFFRDHAEGGHFAALERPRELKTDLTAFVEQVWQK
  D_2,MSAPFAKFPSSASISPNPFTVSIPDEQLDDLKTLVRLSKIAPPTYESLQADGRFGITSEWLTTMREKWLSEFDWRPFEARLNSFPQFTTEIEGLTIHFAALFSEREDAVPIALLHGWPGSFVEFYPILQLFREEYTPETLPFHLVVPSLPGYTFSSGPPLDKDFGLMDNARVVDQLMKDLGFGSGYIIQGGDIGSFVGRLLGVGFDACKAVHLNLCAMRAPPEGPSIESLSAAEKEGIARMEKFMTDGLAYAMEHSTRPSTIGHVLSSSPIALLAWIGEKYLQWVDKPLPSETILEMVSLYWLTESFPRAIHTYRETTPTASAPNGATMLQKELYIHKPFGFSFFPKDVYPVPRSWIATTGNLVFFRDHAEGGHFAALERPRELKTDLTAFVEQVWQK
  E_1,MSAPFAKFPSSASISPNPFTVSIPDEQLDDLKTLVRLSKIAPPTYESLQADGRFGITSEWLTTMREKWLSEFDWRPFEARLNSFPQFTTEIEGLTIHFAALFSEREDAVPIALLHGWPGSFVEFYPILQLFREEYTPETLPFHLVVPSLPGYTFSSGPPLDKDFGLMDNARVVDQLMKDLGFGSGYIIQGGDIGSFVGRLLGVGFDACKAVHLNLCAMRAPPEGPSIESLSAAEKEGIARMEKFMTDGLAYAMEHSTRPSTIGHVLSSSPIALLAWIGEKYLQWVDKPLPSETILEMVSLYWLTESFPRAIHTYREFFPTASAPNGATMLQKELYIHKPFGFSFFPKDLCPVPRSWIATTGNLVFFRDHAEGGHFAALERPRELKTDLTAFVEQVWQK
  E_2,MSAPFAKFPSSASISPNPFTVSIPDEQLDDLKTLVRLSKIAPPTYESLQADGRFGITSEWLTTMREKWLSEFDWRPFEARLNSFPQFTTEIEGLTIHFAALFSEREDAVPIALLHGWPGSFVEFYPILQLFREEYTPETLPFHLVVPSLPGYTFSSGPPLDKDFGLMDNARVVDQLMKDLGFGSGYIIQGGDIGSFVGRLLGVGFDACKAVHLNLCAMRAPPEGPSIESLSAAEKEGIARMEKFMTDGLAYAMEHSTRPSTIGHVLSSSPIALLAWIGEKYLQWVDKPLPSETILEMVSLYWLTESFPRAIHTYRECFPTASAPNGATMLQKELYIHKPFGFSFFPKDLCPVPRSWIATTGNLVFFRDHAEGGHFAALERPRELKTDLTAFVEQVWQK
  E_3,MSAPFAKFPSSASISPNPFTVSIPDEQLDDLKTLVRLSKIAPPTYESLQADGRFGITSEWLTTMREKWLSEFDWRPFEARLNSFPQFTTEIEGLTIHFAALFSEREDAVPIALLHGWPGSFVEFYPILQLFREEYTPETLPFHLVVPSLPGYTFSSGPPLDKDFGLMDNARVVDQLMKDLGFGSGYIIQGGDIGSFVGRLLGVGFDACKAVHLNLCAMRAPPEGPSIESLSAAEKEGIARMEKFMTDGLAYAMEHSTRPSTIGHVLSSSPIALLAWIGEKYLQWVDKPLPSETILEMVSLYWLTESFPRAIHTYREFCPTASAPNGATMLQKELYIHKPFGFSFFPKDLCPVPRSWIATTGNLVFFRDHAEGGHFAALERPRELKTDLTAFVEQVWQK
  E_4,MSAPFAKFPSSASISPNPFTVSIPDEQLDDLKTLVRLSKIAPPTYESLQADGRFGITSEWLTTMREKWLSEFDWRPFEARLNSFPQFTTEIEGLTIHFAALFSEREDAVPIALLHGWPGSFVEFYPILQLFREEYTPETLPFHLVVPSLPGYTFSSGPPLDKDFGLMDNARVVDQLMKDLGFGSGYIIQGGDIGSFVGRLLGVGFDACKAVHLNLCAMRAPPEGPSIESLSAAEKEGIARMEKFMTDGLAYAMEHSTRPSTIGHVLSSSPIALLAWIGEKYLQWVDKPLPSETILEMVSLYWLTESFPRAIHTYREFSPTASAPNGATMLQKELYIHKPFGFSFFPKDLCPVPRSWIATTGNLVFFRDHAEGGHFAALERPRELKTDLTAFVEQVWQK
  E_5,MSAPFAKFPSSASISPNPFTVSIPDEQLDDLKTLVRLSKIAPPTYESLQADGRFGITSEWLTTMREKWLSEFDWRPFEARLNSFPQFTTEIEGLTIHFAALFSEREDAVPIALLHGWPGSFVEFYPILQLFREEYTPETLPFHLVVPSLPGYTFSSGPPLDKDFGLMDNARVVDQLMKDLGFGSGYIIQGGDIGSFVGRLLGVGFDACKAVHLNLCAMRAPPEGPSIESLSAAEKEGIARMEKFMTDGLAYAMEHSTRPSTIGHVLSSSPIALLAWIGEKYLQWVDKPLPSETILEMVSLYWLTESFPRAIHTYREGFPTASAPNGATMLQKELYIHKPFGFSFFPKDLCPVPRSWIATTGNLVFFRDHAEGGHFAALERPRELKTDLTAFVEQVWQK
  E_6,MSAPFAKFPSSASISPNPFTVSIPDEQLDDLKTLVRLSKIAPPTYESLQADGRFGITSEWLTTMREKWLSEFDWRPFEARLNSFPQFTTEIEGLTIHFAALFSEREDAVPIALLHGWPGSFVEFYPILQLFREEYTPETLPFHLVVPSLPGYTFSSGPPLDKDFGLMDNARVVDQLMKDLGFGSGYIIQGGDIGSFVGRLLGVGFDACKAVHLNLCAMRAPPEGPSIESLSAAEKEGIARMEKFMTDGLAYAMEHSTRPSTIGHVLSSSPIALLAWIGEKYLQWVDKPLPSETILEMVSLYWLTESFPRAIHTYREFGPTASAPNGATMLQKELYIHKPFGFSFFPKDLCPVPRSWIATTGNLVFFRDHAEGGHFAALERPRELKTDLTAFVEQVWQK
  F_1,MSAPFAKFPSSASISPNPFTVSIPDEQLDDLKTLVRLSKIAPPTYESLQADGRFGITSEWLTTMREKWLSEFDWRPFEARLNSFPQFTTEIEGLTIHFAALFSEREDAVPIALLHGWPGSFVEFYPILQLFREEYTPETLPFHLVVPSLPGYTFSSGPPLDKDFGLMDNARVVDQLMKDLGFGSGYIIQGGDIGSFVGRLLGVGFDACKAVHLNLCAMRAPPEGPSIESLSAAEKEGIARMEKFMTDGFAYAMEHSTRPSTIGHVLSSSPIALLAWIGEKYLQWVDKPLPSETILEMVSLYWLTESFPRAIHTYRETTPTASAPNGATMLQKELYIHKPFGFSFFPKDLCPVPRSWIATTGNLVFFRDHAEGGHFAALERPRELKTDLTAFVEQVWQK
  F_2,MSAPFAKFPSSASISPNPFTVSIPDEQLDDLKTLVRLSKIAPPTYESLQADGRFGITSEWLTTMREKWLSEFDWRPFEARLNSFPQFTTEIEGLTIHFAALFSEREDAVPIALLHGWPGSFVEFYPILQLFREEYTPETLPFHLVVPSLPGYTFSSGPPLDKDFGLMDNARVVDQLMKDLGFGSGYIIQGGDIGSFVGRLLGVGFDACKAVHLNLCAMRAPPEGPSIESLSAAEKEGIARMEKFMTDGSAYAMEHSTRPSTIGHVLSSSPIALLAWIGEKYLQWVDKPLPSETILEMVSLYWLTESFPRAIHTYRETTPTASAPNGATMLQKELYIHKPFGFSFFPKDLCPVPRSWIATTGNLVFFRDHAEGGHFAALERPRELKTDLTAFVEQVWQK
  F_3,MSAPFAKFPSSASISPNPFTVSIPDEQLDDLKTLVRLSKIAPPTYESLQADGRFGITSEWLTTMREKWLSEFDWRPFEARLNSFPQFTTEIEGLTIHFAALFSEREDAVPIALLHGWPGSFVEFYPILQLFREEYTPETLPFHLVVPSLPGYTFSSGPPLDKDFGLMDNARVVDQLMKDLGFGSGYIIQGGDIGSFVGRLLGVGFDACKAVHLNLCAMRAPPEGPSIESLSAAEKEGIARMEKFMTDGIAYAMEHSTRPSTIGHVLSSSPIALLAWIGEKYLQWVDKPLPSETILEMVSLYWLTESFPRAIHTYRETTPTASAPNGATMLQKELYIHKPFGFSFFPKDLCPVPRSWIATTGNLVFFRDHAEGGHFAALERPRELKTDLTAFVEQVWQK
  BD_1,MSAPFAKFPSSASISPNPFTVSIPDEQLDDLKTLVRLSKIAPPTYESLQADGRFGITSEWLTTMREKWLSEFDWRPFEARLNSFPQFTTEIEGLTIHFAALFSEREDAVPIALLHGWPGSFVEFYPILQLFREEYTPETLPFHLVVPSLPGYTFSSGPPLDKDFGLMDNARVVDQLMKDLGFGSGYIIQGGDIGSFVGRLLGVGFDACKAVHLNFCAMDAPPEGPSIESLSAAEKEGIARMEKFMTDGLAYAMEHSTRPSTIGHVLSSSPIALLAWIGEKYLQWVDKPLPSETILEMVSLYWLTESFPRAIHTYRETTPTASAPNGATMLQKELYIHKPFGFSFFPKDLVPVPRSWIATTGNLVFFRDHAEGGHFAALERPRELKTDLTAFVEQVWQK
  BE_1,MSAPFAKFPSSASISPNPFTVSIPDEQLDDLKTLVRLSKIAPPTYESLQADGRFGITSEWLTTMREKWLSEFDWRPFEARLNSFPQFTTEIEGLTIHFAALFSEREDAVPIALLHGWPGSFVEFYPILQLFREEYTPETLPFHLVVPSLPGYTFSSGPPLDKDFGLMDNARVVDQLMKDLGFGSGYIIQGGDIGSFVGRLLGVGFDACKAVHLNFCAMDAPPEGPSIESLSAAEKEGIARMEKFMTDGLAYAMEHSTRPSTIGHVLSSSPIALLAWIGEKYLQWVDKPLPSETILEMVSLYWLTESFPRAIHTYRECFPTASAPNGATMLQKELYIHKPFGFSFFPKDLCPVPRSWIATTGNLVFFRDHAEGGHFAALERPRELKTDLTAFVEQVWQK
  BF_1,MSAPFAKFPSSASISPNPFTVSIPDEQLDDLKTLVRLSKIAPPTYESLQADGRFGITSEWLTTMREKWLSEFDWRPFEARLNSFPQFTTEIEGLTIHFAALFSEREDAVPIALLHGWPGSFVEFYPILQLFREEYTPETLPFHLVVPSLPGYTFSSGPPLDKDFGLMDNARVVDQLMKDLGFGSGYIIQGGDIGSFVGRLLGVGFDACKAVHLNFCAMDAPPEGPSIESLSAAEKEGIARMEKFMTDGYAYAMEHSTRPSTIGHVLSSSPIALLAWIGEKYLQWVDKPLPSETILEMVSLYWLTESFPRAIHTYRETTPTASAPNGATMLQKELYIHKPFGFSFFPKDLCPVPRSWIATTGNLVFFRDHAEGGHFAALERPRELKTDLTAFVEQVWQK
  BF_2,MSAPFAKFPSSASISPNPFTVSIPDEQLDDLKTLVRLSKIAPPTYESLQADGRFGITSEWLTTMREKWLSEFDWRPFEARLNSFPQFTTEIEGLTIHFAALFSEREDAVPIALLHGWPGSFVEFYPILQLFREEYTPETLPFHLVVPSLPGYTFSSGPPLDKDFGLMDNARVVDQLMKDLGFGSGYIIQGGDIGSFVGRLLGVGFDACKAVHLNFCAMDAPPEGPSIESLSAAEKEGIARMEKYMTDGYAYAMEHSTRPSTIGHVLSSSPIALLAWIGEKYLQWVDKPLPSETILEMVSLYWLTESFPRAIHTYRETTPTASAPNGATMLQKELYIHKPFGFSFFPKDLCPVPRSWIATTGNLVFFRDHAEGGHFAALERPRELKTDLTAFVEQVWQK
  DB_1,MSAPFAKFPSSASISPNPFTVSIPDEQLDDLKTLVRLSKIAPPTYESLQADGRFGITSEWLTTMREKWLSEFDWRPFEARLNSFPQFTTEIEGLTIHFAALFSEREDAVPIALLHGWPGSFVEFYPILQLFREEYTPETLPFHLVVPSLPGYTFSSGPPLDKDFGLMDNARVVDQLMKDLGFGSGYIIQGGDIGSFVGRLLGVGFDACKAVHLNFCAMDAPPEGPSIESLSAAEKEGIARMEKFMTDGLAYAMEHSTRPSTIGHVLSSSPIALLAWIGEKYLQWVDKPLPSETILEMVSLYWLTESFPRAIHTYRETTPTASAPNGATMLQKELYIHKPFGFSFFPKDVHPVPRSWIATTGNLVFFRDHAEGGHFAALERPRELKTDLTAFVEQVWQK
  DE_1,MSAPFAKFPSSASISPNPFTVSIPDEQLDDLKTLVRLSKIAPPTYESLQADGRFGITSEWLTTMREKWLSEFDWRPFEARLNSFPQFTTEIEGLTIHFAALFSEREDAVPIALLHGWPGSFVEFYPILQLFREEYTPETLPFHLVVPSLPGYTFSSGPPLDKDFGLMDNARVVDQLMKDLGFGSGYIIQGGDIGSFVGRLLGVGFDACKAVHLNLCAMRAPPEGPSIESLSAAEKEGIARMEKFMTDGLAYAMEHSTRPSTIGHVLSSSPIALLAWIGEKYLQWVDKPLPSETILEMVSLYWLTESFPRAIHTYRECFPTASAPNGATMLQKELYIHKPFGFSFFPKDVHPVPRSWIATTGNLVFFRDHAEGGHFAALERPRELKTDLTAFVEQVWQK
  DE_2,MSAPFAKFPSSASISPNPFTVSIPDEQLDDLKTLVRLSKIAPPTYESLQADGRFGITSEWLTTMREKWLSEFDWRPFEARLNSFPQFTTEIEGLTIHFAALFSEREDAVPIALLHGWPGSFVEFYPILQLFREEYTPETLPFHLVVPSLPGYTFSSGPPLDKDFGLMDNARVVDQLMKDLGFGSGYIIQGGDIGSFVGRLLGVGFDACKAVHLNLCAMRAPPEGPSIESLSAAEKEGIARMEKFMTDGLAYAMEHSTRPSTIGHVLSSSPIALLAWIGEKYLQWVDKPLPSETILEMVSLYWLTESFPRAIHTYREFCPTASAPNGATMLQKELYIHKPFGFSFFPKDVHPVPRSWIATTGNLVFFRDHAEGGHFAALERPRELKTDLTAFVEQVWQK
  DE_3,MSAPFAKFPSSASISPNPFTVSIPDEQLDDLKTLVRLSKIAPPTYESLQADGRFGITSEWLTTMREKWLSEFDWRPFEARLNSFPQFTTEIEGLTIHFAALFSEREDAVPIALLHGWPGSFVEFYPILQLFREEYTPETLPFHLVVPSLPGYTFSSGPPLDKDFGLMDNARVVDQLMKDLGFGSGYIIQGGDIGSFVGRLLGVGFDACKAVHLNLCAMRAPPEGPSIESLSAAEKEGIARMEKFMTDGLAYAMEHSTRPSTIGHVLSSSPIALLAWIGEKYLQWVDKPLPSETILEMVSLYWLTESFPRAIHTYREFYPTASAPNGATMLQKELYIHKPFGFSFFPKDVHPVPRSWIATTGNLVFFRDHAEGGHFAALERPRELKTDLTAFVEQVWQK
  DF_1,MSAPFAKFPSSASISPNPFTVSIPDEQLDDLKTLVRLSKIAPPTYESLQADGRFGITSEWLTTMREKWLSEFDWRPFEARLNSFPQFTTEIEGLTIHFAALFSEREDAVPIALLHGWPGSFVEFYPILQLFREEYTPETLPFHLVVPSLPGYTFSSGPPLDKDFGLMDNARVVDQLMKDLGFGSGYIIQGGDIGSFVGRLLGVGFDACKAVHLNLCAMRAPPEGPSIESLSAAEKEGIARMEKFMTDGYAYAMEHSTRPSTIGHVLSSSPIALLAWIGEKYLQWVDKPLPSETILEMVSLYWLTESFPRAIHTYRETTPTASAPNGATMLQKELYIHKPFGFSFFPKDVHPVPRSWIATTGNLVFFRDHAEGGHFAALERPRELKTDLTAFVEQVWQK
  EB_1,MSAPFAKFPSSASISPNPFTVSIPDEQLDDLKTLVRLSKIAPPTYESLQADGRFGITSEWLTTMREKWLSEFDWRPFEARLNSFPQFTTEIEGLTIHFAALFSEREDAVPIALLHGWPGSFVEFYPILQLFREEYTPETLPFHLVVPSLPGYTFSSGPPLDKDFGLMDNARVVDQLMKDLGFGSGYIIQGGDIGSFVGRLLGVGFDACKAVHLNFCAMCAPPEGPSIESLSAAEKEGIARMEKFMTDGLAYAMEHSTRPSTIGHVLSSSPIALLAWIGEKYLQWVDKPLPSETILEMVSLYWLTESFPRAIHTYREFSPTASAPNGATMLQKELYIHKPFGFSFFPKDLCPVPRSWIATTGNLVFFRDHAEGGHFAALERPRELKTDLTAFVEQVWQK
  EB_2,MSAPFAKFPSSASISPNPFTVSIPDEQLDDLKTLVRLSKIAPPTYESLQADGRFGITSEWLTTMREKWLSEFDWRPFEARLNSFPQFTTEIEGLTIHFAALFSEREDAVPIALLHGWPGSFVEFYPILQLFREEYTPETLPFHLVVPSLPGYTFSSGPPLDKDFGLMDNARVVDQLMKDLGFGSGYIIQGGDIGSFVGRLLGVGFDACKAVHLNFCAMVAPPEGPSIESLSAAEKEGIARMEKFMTDGLAYAMEHSTRPSTIGHVLSSSPIALLAWIGEKYLQWVDKPLPSETILEMVSLYWLTESFPRAIHTYREFSPTASAPNGATMLQKELYIHKPFGFSFFPKDLCPVPRSWIATTGNLVFFRDHAEGGHFAALERPRELKTDLTAFVEQVWQK
  ED_1,MSAPFAKFPSSASISPNPFTVSIPDEQLDDLKTLVRLSKIAPPTYESLQADGRFGITSEWLTTMREKWLSEFDWRPFEARLNSFPQFTTEIEGLTIHFAALFSEREDAVPIALLHGWPGSFVEFYPILQLFREEYTPETLPFHLVVPSLPGYTFSSGPPLDKDFGLMDNARVVDQLMKDLGFGSGYIIQGGDIGSFVGRLLGVGFDACKAVHLNLCAMRAPPEGPSIESLSAAEKEGIARMEKFMTDGLAYAMEHSTRPSTIGHVLSSSPIALLAWIGEKYLQWVDKPLPSETILEMVSLYWLTESFPRAIHTYREFSPTASAPNGATMLQKELYIHKPFGFSFFPKDCSPVPRSWIATTGNLVFFRDHAEGGHFAALERPRELKTDLTAFVEQVWQK
  EF_1,MSAPFAKFPSSASISPNPFTVSIPDEQLDDLKTLVRLSKIAPPTYESLQADGRFGITSEWLTTMREKWLSEFDWRPFEARLNSFPQFTTEIEGLTIHFAALFSEREDAVPIALLHGWPGSFVEFYPILQLFREEYTPETLPFHLVVPSLPGYTFSSGPPLDKDFGLMDNARVVDQLMKDLGFGSGYIIQGGDIGSFVGRLLGVGFDACKAVHLNLCAMRAPPEGPSIESLSAAEKEGIARMEKFMTDGVAYAMEHSTRPSTIGHVLSSSPIALLAWIGEKYLQWVDKPLPSETILEMVSLYWLTESFPRAIHTYREFSPTASAPNGATMLQKELYIHKPFGFSFFPKDLCPVPRSWIATTGNLVFFRDHAEGGHFAALERPRELKTDLTAFVEQVWQK
  FB_1,MSAPFAKFPSSASISPNPFTVSIPDEQLDDLKTLVRLSKIAPPTYESLQADGRFGITSEWLTTMREKWLSEFDWRPFEARLNSFPQFTTEIEGLTIHFAALFSEREDAVPIALLHGWPGSFVEFYPILQLFREEYTPETLPFHLVVPSLPGYTFSSGPPLDKDFGLMDNARVVDQLMKDLGFGSGYIIQGGDIGSFVGRLLGVGFDACKAVHLNFCAMVAPPEGPSIESLSAAEKEGIARMEKFMTDGFAYAMEHSTRPSTIGHVLSSSPIALLAWIGEKYLQWVDKPLPSETILEMVSLYWLTESFPRAIHTYRETTPTASAPNGATMLQKELYIHKPFGFSFFPKDLCPVPRSWIATTGNLVFFRDHAEGGHFAALERPRELKTDLTAFVEQVWQK
  FB_2,MSAPFAKFPSSASISPNPFTVSIPDEQLDDLKTLVRLSKIAPPTYESLQADGRFGITSEWLTTMREKWLSEFDWRPFEARLNSFPQFTTEIEGLTIHFAALFSEREDAVPIALLHGWPGSFVEFYPILQLFREEYTPETLPFHLVVPSLPGYTFSSGPPLDKDFGLMDNARVVDQLMKDLGFGSGYIIQGGDIGSFVGRLLGVGFDACKAVHLNICAMSAPPEGPSIESLSAAEKEGIARMEKFMTDGFAYAMEHSTRPSTIGHVLSSSPIALLAWIGEKYLQWVDKPLPSETILEMVSLYWLTESFPRAIHTYRETTPTASAPNGATMLQKELYIHKPFGFSFFPKDLCPVPRSWIATTGNLVFFRDHAEGGHFAALERPRELKTDLTAFVEQVWQK
  FD_1,MSAPFAKFPSSASISPNPFTVSIPDEQLDDLKTLVRLSKIAPPTYESLQADGRFGITSEWLTTMREKWLSEFDWRPFEARLNSFPQFTTEIEGLTIHFAALFSEREDAVPIALLHGWPGSFVEFYPILQLFREEYTPETLPFHLVVPSLPGYTFSSGPPLDKDFGLMDNARVVDQLMKDLGFGSGYIIQGGDIGSFVGRLLGVGFDACKAVHLNLCAMRAPPEGPSIESLSAAEKEGIARMEKFMTDGFAYAMEHSTRPSTIGHVLSSSPIALLAWIGEKYLQWVDKPLPSETILEMVSLYWLTESFPRAIHTYRETTPTASAPNGATMLQKELYIHKPFGFSFFPKDVHPVPRSWIATTGNLVFFRDHAEGGHFAALERPRELKTDLTAFVEQVWQK
  FE_1,MSAPFAKFPSSASISPNPFTVSIPDEQLDDLKTLVRLSKIAPPTYESLQADGRFGITSEWLTTMREKWLSEFDWRPFEARLNSFPQFTTEIEGLTIHFAALFSEREDAVPIALLHGWPGSFVEFYPILQLFREEYTPETLPFHLVVPSLPGYTFSSGPPLDKDFGLMDNARVVDQLMKDLGFGSGYIIQGGDIGSFVGRLLGVGFDACKAVHLNLCAMRAPPEGPSIESLSAAEKEGIARMEKFMTDGFAYAMEHSTRPSTIGHVLSSSPIALLAWIGEKYLQWVDKPLPSETILEMVSLYWLTESFPRAIHTYRECFPTASAPNGATMLQKELYIHKPFGFSFFPKDLCPVPRSWIATTGNLVFFRDHAEGGHFAALERPRELKTDLTAFVEQVWQK
  FE_2,MSAPFAKFPSSASISPNPFTVSIPDEQLDDLKTLVRLSKIAPPTYESLQADGRFGITSEWLTTMREKWLSEFDWRPFEARLNSFPQFTTEIEGLTIHFAALFSEREDAVPIALLHGWPGSFVEFYPILQLFREEYTPETLPFHLVVPSLPGYTFSSGPPLDKDFGLMDNARVVDQLMKDLGFGSGYIIQGGDIGSFVGRLLGVGFDACKAVHLNLCAMRAPPEGPSIESLSAAEKEGIARMEKFMTDGFAYAMEHSTRPSTIGHVLSSSPIALLAWIGEKYLQWVDKPLPSETILEMVSLYWLTESFPRAIHTYRELYPTASAPNGATMLQKELYIHKPFGFSFFPKDLCPVPRSWIATTGNLVFFRDHAEGGHFAALERPRELKTDLTAFVEQVWQK
  BDE_1,MSAPFAKFPSSASISPNPFTVSIPDEQLDDLKTLVRLSKIAPPTYESLQADGRFGITSEWLTTMREKWLSEFDWRPFEARLNSFPQFTTEIEGLTIHFAALFSEREDAVPIALLHGWPGSFVEFYPILQLFREEYTPETLPFHLVVPSLPGYTFSSGPPLDKDFGLMDNARVVDQLMKDLGFGSGYIIQGGDIGSFVGRLLGVGFDACKAVHLNFCAMDAPPEGPSIESLSAAEKEGIARMEKFMTDGLAYAMEHSTRPSTIGHVLSSSPIALLAWIGEKYLQWVDKPLPSETILEMVSLYWLTESFPRAIHTYRECFPTASAPNGATMLQKELYIHKPFGFSFFPKDLVPVPRSWIATTGNLVFFRDHAEGGHFAALERPRELKTDLTAFVEQVWQK
  BDF_1,MSAPFAKFPSSASISPNPFTVSIPDEQLDDLKTLVRLSKIAPPTYESLQADGRFGITSEWLTTMREKWLSEFDWRPFEARLNSFPQFTTEIEGLTIHFAALFSEREDAVPIALLHGWPGSFVEFYPILQLFREEYTPETLPFHLVVPSLPGYTFSSGPPLDKDFGLMDNARVVDQLMKDLGFGSGYIIQGGDIGSFVGRLLGVGFDACKAVHLNFCAMDAPPEGPSIESLSAAEKEGIARMEKFMTDGYAYAMEHSTRPSTIGHVLSSSPIALLAWIGEKYLQWVDKPLPSETILEMVSLYWLTESFPRAIHTYRETTPTASAPNGATMLQKELYIHKPFGFSFFPKDLVPVPRSWIATTGNLVFFRDHAEGGHFAALERPRELKTDLTAFVEQVWQK
  BED_1,MSAPFAKFPSSASISPNPFTVSIPDEQLDDLKTLVRLSKIAPPTYESLQADGRFGITSEWLTTMREKWLSEFDWRPFEARLNSFPQFTTEIEGLTIHFAALFSEREDAVPIALLHGWPGSFVEFYPILQLFREEYTPETLPFHLVVPSLPGYTFSSGPPLDKDFGLMDNARVVDQLMKDLGFGSGYIIQGGDIGSFVGRLLGVGFDACKAVHLNFCAMDAPPEGPSIESLSAAEKEGIARMEKFMTDGLAYAMEHSTRPSTIGHVLSSSPIALLAWIGEKYLQWVDKPLPSETILEMVSLYWLTESFPRAIHTYRECFPTASAPNGATMLQKELYIHKPFGFSFFPKDLIPVPRSWIATTGNLVFFRDHAEGGHFAALERPRELKTDLTAFVEQVWQK
  BEF_1,MSAPFAKFPSSASISPNPFTVSIPDEQLDDLKTLVRLSKIAPPTYESLQADGRFGITSEWLTTMREKWLSEFDWRPFEARLNSFPQFTTEIEGLTIHFAALFSEREDAVPIALLHGWPGSFVEFYPILQLFREEYTPETLPFHLVVPSLPGYTFSSGPPLDKDFGLMDNARVVDQLMKDLGFGSGYIIQGGDIGSFVGRLLGVGFDACKAVHLNFCAMDAPPEGPSIESLSAAEKEGIARMEKFMTDGFAYAMEHSTRPSTIGHVLSSSPIALLAWIGEKYLQWVDKPLPSETILEMVSLYWLTESFPRAIHTYRECFPTASAPNGATMLQKELYIHKPFGFSFFPKDLCPVPRSWIATTGNLVFFRDHAEGGHFAALERPRELKTDLTAFVEQVWQK
  BEF_2,MSAPFAKFPSSASISPNPFTVSIPDEQLDDLKTLVRLSKIAPPTYESLQADGRFGITSEWLTTMREKWLSEFDWRPFEARLNSFPQFTTEIEGLTIHFAALFSEREDAVPIALLHGWPGSFVEFYPILQLFREEYTPETLPFHLVVPSLPGYTFSSGPPLDKDFGLMDNARVVDQLMKDLGFGSGYIIQGGDIGSFVGRLLGVGFDACKAVHLNFCAMDAPPEGPSIESLSAAEKEGIARMEKIMTDGIAYAMEHSTRPSTIGHVLSSSPIALLAWIGEKYLQWVDKPLPSETILEMVSLYWLTESFPRAIHTYRECFPTASAPNGATMLQKELYIHKPFGFSFFPKDLCPVPRSWIATTGNLVFFRDHAEGGHFAALERPRELKTDLTAFVEQVWQK
  BFE_1,MSAPFAKFPSSASISPNPFTVSIPDEQLDDLKTLVRLSKIAPPTYESLQADGRFGITSEWLTTMREKWLSEFDWRPFEARLNSFPQFTTEIEGLTIHFAALFSEREDAVPIALLHGWPGSFVEFYPILQLFREEYTPETLPFHLVVPSLPGYTFSSGPPLDKDFGLMDNARVVDQLMKDLGFGSGYIIQGGDIGSFVGRLLGVGFDACKAVHLNFCAMDAPPEGPSIESLSAAEKEGIARMEKFMTDGYAYAMEHSTRPSTIGHVLSSSPIALLAWIGEKYLQWVDKPLPSETILEMVSLYWLTESFPRAIHTYREFSPTASAPNGATMLQKELYIHKPFGFSFFPKDLCPVPRSWIATTGNLVFFRDHAEGGHFAALERPRELKTDLTAFVEQVWQK
  DBE_1,MSAPFAKFPSSASISPNPFTVSIPDEQLDDLKTLVRLSKIAPPTYESLQADGRFGITSEWLTTMREKWLSEFDWRPFEARLNSFPQFTTEIEGLTIHFAALFSEREDAVPIALLHGWPGSFVEFYPILQLFREEYTPETLPFHLVVPSLPGYTFSSGPPLDKDFGLMDNARVVDQLMKDLGFGSGYIIQGGDIGSFVGRLLGVGFDACKAVHLNFCAMDAPPEGPSIESLSAAEKEGIARMEKFMTDGLAYAMEHSTRPSTIGHVLSSSPIALLAWIGEKYLQWVDKPLPSETILEMVSLYWLTESFPRAIHTYREIFPTASAPNGATMLQKELYIHKPFGFSFFPKDVHPVPRSWIATTGNLVFFRDHAEGGHFAALERPRELKTDLTAFVEQVWQK
  DBF_1,MSAPFAKFPSSASISPNPFTVSIPDEQLDDLKTLVRLSKIAPPTYESLQADGRFGITSEWLTTMREKWLSEFDWRPFEARLNSFPQFTTEIEGLTIHFAALFSEREDAVPIALLHGWPGSFVEFYPILQLFREEYTPETLPFHLVVPSLPGYTFSSGPPLDKDFGLMDNARVVDQLMKDLGFGSGYIIQGGDIGSFVGRLLGVGFDACKAVHLNFCAMDAPPEGPSIESLSAAEKEGIARMEKFMTDGYAYAMEHSTRPSTIGHVLSSSPIALLAWIGEKYLQWVDKPLPSETILEMVSLYWLTESFPRAIHTYRETTPTASAPNGATMLQKELYIHKPFGFSFFPKDVHPVPRSWIATTGNLVFFRDHAEGGHFAALERPRELKTDLTAFVEQVWQK
  DBF_2,MSAPFAKFPSSASISPNPFTVSIPDEQLDDLKTLVRLSKIAPPTYESLQADGRFGITSEWLTTMREKWLSEFDWRPFEARLNSFPQFTTEIEGLTIHFAALFSEREDAVPIALLHGWPGSFVEFYPILQLFREEYTPETLPFHLVVPSLPGYTFSSGPPLDKDFGLMDNARVVDQLMKDLGFGSGYIIQGGDIGSFVGRLLGVGFDACKAVHLNFCAMDAPPEGPSIESLSAAEKEGIARMEKFMTDGFAYAMEHSTRPSTIGHVLSSSPIALLAWIGEKYLQWVDKPLPSETILEMVSLYWLTESFPRAIHTYRETTPTASAPNGATMLQKELYIHKPFGFSFFPKDVHPVPRSWIATTGNLVFFRDHAEGGHFAALERPRELKTDLTAFVEQVWQK
  DEB_1,MSAPFAKFPSSASISPNPFTVSIPDEQLDDLKTLVRLSKIAPPTYESLQADGRFGITSEWLTTMREKWLSEFDWRPFEARLNSFPQFTTEIEGLTIHFAALFSEREDAVPIALLHGWPGSFVEFYPILQLFREEYTPETLPFHLVVPSLPGYTFSSGPPLDKDFGLMDNARVVDQLMKDLGFGSGYIIQGGDIGSFVGRLLGVGFDACKAVHLNFCAMDAPPEGPSIESLSAAEKEGIARMEKFMTDGLAYAMEHSTRPSTIGHVLSSSPIALLAWIGEKYLQWVDKPLPSETILEMVSLYWLTESFPRAIHTYRECFPTASAPNGATMLQKELYIHKPFGFSFFPKDVHPVPRSWIATTGNLVFFRDHAEGGHFAALERPRELKTDLTAFVEQVWQK
  DEB_2,MSAPFAKFPSSASISPNPFTVSIPDEQLDDLKTLVRLSKIAPPTYESLQADGRFGITSEWLTTMREKWLSEFDWRPFEARLNSFPQFTTEIEGLTIHFAALFSEREDAVPIALLHGWPGSFVEFYPILQLFREEYTPETLPFHLVVPSLPGYTFSSGPPLDKDFGLMDNARVVDQLMKDLGFGSGYIIQGGDIGSFVGRLLGVGFDACKAVHLNFCAMNAPPEGPSIESLSAAEKEGIARMEKFMTDGLAYAMEHSTRPSTIGHVLSSSPIALLAWIGEKYLQWVDKPLPSETILEMVSLYWLTESFPRAIHTYRECFPTASAPNGATMLQKELYIHKPFGFSFFPKDVHPVPRSWIATTGNLVFFRDHAEGGHFAALERPRELKTDLTAFVEQVWQK
  DEF_1,MSAPFAKFPSSASISPNPFTVSIPDEQLDDLKTLVRLSKIAPPTYESLQADGRFGITSEWLTTMREKWLSEFDWRPFEARLNSFPQFTTEIEGLTIHFAALFSEREDAVPIALLHGWPGSFVEFYPILQLFREEYTPETLPFHLVVPSLPGYTFSSGPPLDKDFGLMDNARVVDQLMKDLGFGSGYIIQGGDIGSFVGRLLGVGFDACKAVHLNLCAMRAPPEGPSIESLSAAEKEGIARMEKIMTDGIAYAMEHSTRPSTIGHVLSSSPIALLAWIGEKYLQWVDKPLPSETILEMVSLYWLTESFPRAIHTYRECFPTASAPNGATMLQKELYIHKPFGFSFFPKDVHPVPRSWIATTGNLVFFRDHAEGGHFAALERPRELKTDLTAFVEQVWQK
  DEF_2,MSAPFAKFPSSASISPNPFTVSIPDEQLDDLKTLVRLSKIAPPTYESLQADGRFGITSEWLTTMREKWLSEFDWRPFEARLNSFPQFTTEIEGLTIHFAALFSEREDAVPIALLHGWPGSFVEFYPILQLFREEYTPETLPFHLVVPSLPGYTFSSGPPLDKDFGLMDNARVVDQLMKDLGFGSGYIIQGGDIGSFVGRLLGVGFDACKAVHLNLCAMRAPPEGPSIESLSAAEKEGIARMEKIMTDGVAYAMEHSTRPSTIGHVLSSSPIALLAWIGEKYLQWVDKPLPSETILEMVSLYWLTESFPRAIHTYRECFPTASAPNGATMLQKELYIHKPFGFSFFPKDVHPVPRSWIATTGNLVFFRDHAEGGHFAALERPRELKTDLTAFVEQVWQK
  DFE_1,MSAPFAKFPSSASISPNPFTVSIPDEQLDDLKTLVRLSKIAPPTYESLQADGRFGITSEWLTTMREKWLSEFDWRPFEARLNSFPQFTTEIEGLTIHFAALFSEREDAVPIALLHGWPGSFVEFYPILQLFREEYTPETLPFHLVVPSLPGYTFSSGPPLDKDFGLMDNARVVDQLMKDLGFGSGYIIQGGDIGSFVGRLLGVGFDACKAVHLNLCAMRAPPEGPSIESLSAAEKEGIARMEKFMTDGYAYAMEHSTRPSTIGHVLSSSPIALLAWIGEKYLQWVDKPLPSETILEMVSLYWLTESFPRAIHTYREVFPTASAPNGATMLQKELYIHKPFGFSFFPKDVHPVPRSWIATTGNLVFFRDHAEGGHFAALERPRELKTDLTAFVEQVWQK
  DFE_2,MSAPFAKFPSSASISPNPFTVSIPDEQLDDLKTLVRLSKIAPPTYESLQADGRFGITSEWLTTMREKWLSEFDWRPFEARLNSFPQFTTEIEGLTIHFAALFSEREDAVPIALLHGWPGSFVEFYPILQLFREEYTPETLPFHLVVPSLPGYTFSSGPPLDKDFGLMDNARVVDQLMKDLGFGSGYIIQGGDIGSFVGRLLGVGFDACKAVHLNLCAMRAPPEGPSIESLSAAEKEGIARMEKFMTDGYAYAMEHSTRPSTIGHVLSSSPIALLAWIGEKYLQWVDKPLPSETILEMVSLYWLTESFPRAIHTYREFFPTASAPNGATMLQKELYIHKPFGFSFFPKDVHPVPRSWIATTGNLVFFRDHAEGGHFAALERPRELKTDLTAFVEQVWQK
  DFE_3,MSAPFAKFPSSASISPNPFTVSIPDEQLDDLKTLVRLSKIAPPTYESLQADGRFGITSEWLTTMREKWLSEFDWRPFEARLNSFPQFTTEIEGLTIHFAALFSEREDAVPIALLHGWPGSFVEFYPILQLFREEYTPETLPFHLVVPSLPGYTFSSGPPLDKDFGLMDNARVVDQLMKDLGFGSGYIIQGGDIGSFVGRLLGVGFDACKAVHLNLCAMRAPPEGPSIESLSAAEKEGIARMEKFMTDGYAYAMEHSTRPSTIGHVLSSSPIALLAWIGEKYLQWVDKPLPSETILEMVSLYWLTESFPRAIHTYREFCPTASAPNGATMLQKELYIHKPFGFSFFPKDVHPVPRSWIATTGNLVFFRDHAEGGHFAALERPRELKTDLTAFVEQVWQK
  EBD_1,MSAPFAKFPSSASISPNPFTVSIPDEQLDDLKTLVRLSKIAPPTYESLQADGRFGITSEWLTTMREKWLSEFDWRPFEARLNSFPQFTTEIEGLTIHFAALFSEREDAVPIALLHGWPGSFVEFYPILQLFREEYTPETLPFHLVVPSLPGYTFSSGPPLDKDFGLMDNARVVDQLMKDLGFGSGYIIQGGDIGSFVGRLLGVGFDACKAVHLNFCAMCAPPEGPSIESLSAAEKEGIARMEKFMTDGLAYAMEHSTRPSTIGHVLSSSPIALLAWIGEKYLQWVDKPLPSETILEMVSLYWLTESFPRAIHTYREFSPTASAPNGATMLQKELYIHKPFGFSFFPKDLVPVPRSWIATTGNLVFFRDHAEGGHFAALERPRELKTDLTAFVEQVWQK
  EBF_1,MSAPFAKFPSSASISPNPFTVSIPDEQLDDLKTLVRLSKIAPPTYESLQADGRFGITSEWLTTMREKWLSEFDWRPFEARLNSFPQFTTEIEGLTIHFAALFSEREDAVPIALLHGWPGSFVEFYPILQLFREEYTPETLPFHLVVPSLPGYTFSSGPPLDKDFGLMDNARVVDQLMKDLGFGSGYIIQGGDIGSFVGRLLGVGFDACKAVHLNFCAMCAPPEGPSIESLSAAEKEGIARMEKIMTDGFAYAMEHSTRPSTIGHVLSSSPIALLAWIGEKYLQWVDKPLPSETILEMVSLYWLTESFPRAIHTYREFSPTASAPNGATMLQKELYIHKPFGFSFFPKDLCPVPRSWIATTGNLVFFRDHAEGGHFAALERPRELKTDLTAFVEQVWQK
  EBF_2,MSAPFAKFPSSASISPNPFTVSIPDEQLDDLKTLVRLSKIAPPTYESLQADGRFGITSEWLTTMREKWLSEFDWRPFEARLNSFPQFTTEIEGLTIHFAALFSEREDAVPIALLHGWPGSFVEFYPILQLFREEYTPETLPFHLVVPSLPGYTFSSGPPLDKDFGLMDNARVVDQLMKDLGFGSGYIIQGGDIGSFVGRLLGVGFDACKAVHLNFCAMCAPPEGPSIESLSAAEKEGIARMEKYMTDGFAYAMEHSTRPSTIGHVLSSSPIALLAWIGEKYLQWVDKPLPSETILEMVSLYWLTESFPRAIHTYREFSPTASAPNGATMLQKELYIHKPFGFSFFPKDLCPVPRSWIATTGNLVFFRDHAEGGHFAALERPRELKTDLTAFVEQVWQK
  EDB_1,MSAPFAKFPSSASISPNPFTVSIPDEQLDDLKTLVRLSKIAPPTYESLQADGRFGITSEWLTTMREKWLSEFDWRPFEARLNSFPQFTTEIEGLTIHFAALFSEREDAVPIALLHGWPGSFVEFYPILQLFREEYTPETLPFHLVVPSLPGYTFSSGPPLDKDFGLMDNARVVDQLMKDLGFGSGYIIQGGDIGSFVGRLLGVGFDACKAVHLNFCAMRAPPEGPSIESLSAAEKEGIARMEKFMTDGLAYAMEHSTRPSTIGHVLSSSPIALLAWIGEKYLQWVDKPLPSETILEMVSLYWLTESFPRAIHTYREFSPTASAPNGATMLQKELYIHKPFGFSFFPKDCSPVPRSWIATTGNLVFFRDHAEGGHFAALERPRELKTDLTAFVEQVWQK
  EDB_2,MSAPFAKFPSSASISPNPFTVSIPDEQLDDLKTLVRLSKIAPPTYESLQADGRFGITSEWLTTMREKWLSEFDWRPFEARLNSFPQFTTEIEGLTIHFAALFSEREDAVPIALLHGWPGSFVEFYPILQLFREEYTPETLPFHLVVPSLPGYTFSSGPPLDKDFGLMDNARVVDQLMKDLGFGSGYIIQGGDIGSFVGRLLGVGFDACKAVHLNFCAMVAPPEGPSIESLSAAEKEGIARMEKFMTDGLAYAMEHSTRPSTIGHVLSSSPIALLAWIGEKYLQWVDKPLPSETILEMVSLYWLTESFPRAIHTYREFSPTASAPNGATMLQKELYIHKPFGFSFFPKDCSPVPRSWIATTGNLVFFRDHAEGGHFAALERPRELKTDLTAFVEQVWQK
  EDF_2,MSAPFAKFPSSASISPNPFTVSIPDEQLDDLKTLVRLSKIAPPTYESLQADGRFGITSEWLTTMREKWLSEFDWRPFEARLNSFPQFTTEIEGLTIHFAALFSEREDAVPIALLHGWPGSFVEFYPILQLFREEYTPETLPFHLVVPSLPGYTFSSGPPLDKDFGLMDNARVVDQLMKDLGFGSGYIIQGGDIGSFVGRLLGVGFDACKAVHLNLCAMRAPPEGPSIESLSAAEKEGIARMEKFMTDGIAYAMEHSTRPSTIGHVLSSSPIALLAWIGEKYLQWVDKPLPSETILEMVSLYWLTESFPRAIHTYREFSPTASAPNGATMLQKELYIHKPFGFSFFPKDCSPVPRSWIATTGNLVFFRDHAEGGHFAALERPRELKTDLTAFVEQVWQK
  EFB_1,MSAPFAKFPSSASISPNPFTVSIPDEQLDDLKTLVRLSKIAPPTYESLQADGRFGITSEWLTTMREKWLSEFDWRPFEARLNSFPQFTTEIEGLTIHFAALFSEREDAVPIALLHGWPGSFVEFYPILQLFREEYTPETLPFHLVVPSLPGYTFSSGPPLDKDFGLMDNARVVDQLMKDLGFGSGYIIQGGDIGSFVGRLLGVGFDACKAVHLNFCAMRAPPEGPSIESLSAAEKEGIARMEKFMTDGVAYAMEHSTRPSTIGHVLSSSPIALLAWIGEKYLQWVDKPLPSETILEMVSLYWLTESFPRAIHTYREFSPTASAPNGATMLQKELYIHKPFGFSFFPKDLCPVPRSWIATTGNLVFFRDHAEGGHFAALERPRELKTDLTAFVEQVWQK
  EFB_2,MSAPFAKFPSSASISPNPFTVSIPDEQLDDLKTLVRLSKIAPPTYESLQADGRFGITSEWLTTMREKWLSEFDWRPFEARLNSFPQFTTEIEGLTIHFAALFSEREDAVPIALLHGWPGSFVEFYPILQLFREEYTPETLPFHLVVPSLPGYTFSSGPPLDKDFGLMDNARVVDQLMKDLGFGSGYIIQGGDIGSFVGRLLGVGFDACKAVHLNFCAMVAPPEGPSIESLSAAEKEGIARMEKFMTDGVAYAMEHSTRPSTIGHVLSSSPIALLAWIGEKYLQWVDKPLPSETILEMVSLYWLTESFPRAIHTYREFSPTASAPNGATMLQKELYIHKPFGFSFFPKDLCPVPRSWIATTGNLVFFRDHAEGGHFAALERPRELKTDLTAFVEQVWQK
  EFD_1,MSAPFAKFPSSASISPNPFTVSIPDEQLDDLKTLVRLSKIAPPTYESLQADGRFGITSEWLTTMREKWLSEFDWRPFEARLNSFPQFTTEIEGLTIHFAALFSEREDAVPIALLHGWPGSFVEFYPILQLFREEYTPETLPFHLVVPSLPGYTFSSGPPLDKDFGLMDNARVVDQLMKDLGFGSGYIIQGGDIGSFVGRLLGVGFDACKAVHLNLCAMRAPPEGPSIESLSAAEKEGIARMEKFMTDGVAYAMEHSTRPSTIGHVLSSSPIALLAWIGEKYLQWVDKPLPSETILEMVSLYWLTESFPRAIHTYREFSPTASAPNGATMLQKELYIHKPFGFSFFPKDLSPVPRSWIATTGNLVFFRDHAEGGHFAALERPRELKTDLTAFVEQVWQK
  EFD_2,MSAPFAKFPSSASISPNPFTVSIPDEQLDDLKTLVRLSKIAPPTYESLQADGRFGITSEWLTTMREKWLSEFDWRPFEARLNSFPQFTTEIEGLTIHFAALFSEREDAVPIALLHGWPGSFVEFYPILQLFREEYTPETLPFHLVVPSLPGYTFSSGPPLDKDFGLMDNARVVDQLMKDLGFGSGYIIQGGDIGSFVGRLLGVGFDACKAVHLNLCAMRAPPEGPSIESLSAAEKEGIARMEKFMTDGVAYAMEHSTRPSTIGHVLSSSPIALLAWIGEKYLQWVDKPLPSETILEMVSLYWLTESFPRAIHTYREFSPTASAPNGATMLQKELYIHKPFGFSFFPKDVCPVPRSWIATTGNLVFFRDHAEGGHFAALERPRELKTDLTAFVEQVWQK
  FBD_1,MSAPFAKFPSSASISPNPFTVSIPDEQLDDLKTLVRLSKIAPPTYESLQADGRFGITSEWLTTMREKWLSEFDWRPFEARLNSFPQFTTEIEGLTIHFAALFSEREDAVPIALLHGWPGSFVEFYPILQLFREEYTPETLPFHLVVPSLPGYTFSSGPPLDKDFGLMDNARVVDQLMKDLGFGSGYIIQGGDIGSFVGRLLGVGFDACKAVHLNFCAMVAPPEGPSIESLSAAEKEGIARMEKFMTDGFAYAMEHSTRPSTIGHVLSSSPIALLAWIGEKYLQWVDKPLPSETILEMVSLYWLTESFPRAIHTYRETTPTASAPNGATMLQKELYIHKPFGFSFFPKDLVPVPRSWIATTGNLVFFRDHAEGGHFAALERPRELKTDLTAFVEQVWQK
  FBE_1,MSAPFAKFPSSASISPNPFTVSIPDEQLDDLKTLVRLSKIAPPTYESLQADGRFGITSEWLTTMREKWLSEFDWRPFEARLNSFPQFTTEIEGLTIHFAALFSEREDAVPIALLHGWPGSFVEFYPILQLFREEYTPETLPFHLVVPSLPGYTFSSGPPLDKDFGLMDNARVVDQLMKDLGFGSGYIIQGGDIGSFVGRLLGVGFDACKAVHLNFCAMVAPPEGPSIESLSAAEKEGIARMEKFMTDGFAYAMEHSTRPSTIGHVLSSSPIALLAWIGEKYLQWVDKPLPSETILEMVSLYWLTESFPRAIHTYREFCPTASAPNGATMLQKELYIHKPFGFSFFPKDLCPVPRSWIATTGNLVFFRDHAEGGHFAALERPRELKTDLTAFVEQVWQK
  FBE_2,MSAPFAKFPSSASISPNPFTVSIPDEQLDDLKTLVRLSKIAPPTYESLQADGRFGITSEWLTTMREKWLSEFDWRPFEARLNSFPQFTTEIEGLTIHFAALFSEREDAVPIALLHGWPGSFVEFYPILQLFREEYTPETLPFHLVVPSLPGYTFSSGPPLDKDFGLMDNARVVDQLMKDLGFGSGYIIQGGDIGSFVGRLLGVGFDACKAVHLNFCAMVAPPEGPSIESLSAAEKEGIARMEKFMTDGFAYAMEHSTRPSTIGHVLSSSPIALLAWIGEKYLQWVDKPLPSETILEMVSLYWLTESFPRAIHTYREFIPTASAPNGATMLQKELYIHKPFGFSFFPKDLCPVPRSWIATTGNLVFFRDHAEGGHFAALERPRELKTDLTAFVEQVWQK
  FBE_3,MSAPFAKFPSSASISPNPFTVSIPDEQLDDLKTLVRLSKIAPPTYESLQADGRFGITSEWLTTMREKWLSEFDWRPFEARLNSFPQFTTEIEGLTIHFAALFSEREDAVPIALLHGWPGSFVEFYPILQLFREEYTPETLPFHLVVPSLPGYTFSSGPPLDKDFGLMDNARVVDQLMKDLGFGSGYIIQGGDIGSFVGRLLGVGFDACKAVHLNFCAMVAPPEGPSIESLSAAEKEGIARMEKFMTDGFAYAMEHSTRPSTIGHVLSSSPIALLAWIGEKYLQWVDKPLPSETILEMVSLYWLTESFPRAIHTYREVDPTASAPNGATMLQKELYIHKPFGFSFFPKDLCPVPRSWIATTGNLVFFRDHAEGGHFAALERPRELKTDLTAFVEQVWQK
  FBE_4,MSAPFAKFPSSASISPNPFTVSIPDEQLDDLKTLVRLSKIAPPTYESLQADGRFGITSEWLTTMREKWLSEFDWRPFEARLNSFPQFTTEIEGLTIHFAALFSEREDAVPIALLHGWPGSFVEFYPILQLFREEYTPETLPFHLVVPSLPGYTFSSGPPLDKDFGLMDNARVVDQLMKDLGFGSGYIIQGGDIGSFVGRLLGVGFDACKAVHLNFCAMVAPPEGPSIESLSAAEKEGIARMEKFMTDGFAYAMEHSTRPSTIGHVLSSSPIALLAWIGEKYLQWVDKPLPSETILEMVSLYWLTESFPRAIHTYREIHPTASAPNGATMLQKELYIHKPFGFSFFPKDLCPVPRSWIATTGNLVFFRDHAEGGHFAALERPRELKTDLTAFVEQVWQK
  FBE_5,MSAPFAKFPSSASISPNPFTVSIPDEQLDDLKTLVRLSKIAPPTYESLQADGRFGITSEWLTTMREKWLSEFDWRPFEARLNSFPQFTTEIEGLTIHFAALFSEREDAVPIALLHGWPGSFVEFYPILQLFREEYTPETLPFHLVVPSLPGYTFSSGPPLDKDFGLMDNARVVDQLMKDLGFGSGYIIQGGDIGSFVGRLLGVGFDACKAVHLNFCAMVAPPEGPSIESLSAAEKEGIARMEKFMTDGFAYAMEHSTRPSTIGHVLSSSPIALLAWIGEKYLQWVDKPLPSETILEMVSLYWLTESFPRAIHTYREINPTASAPNGATMLQKELYIHKPFGFSFFPKDLCPVPRSWIATTGNLVFFRDHAEGGHFAALERPRELKTDLTAFVEQVWQK
  FBE_6,MSAPFAKFPSSASISPNPFTVSIPDEQLDDLKTLVRLSKIAPPTYESLQADGRFGITSEWLTTMREKWLSEFDWRPFEARLNSFPQFTTEIEGLTIHFAALFSEREDAVPIALLHGWPGSFVEFYPILQLFREEYTPETLPFHLVVPSLPGYTFSSGPPLDKDFGLMDNARVVDQLMKDLGFGSGYIIQGGDIGSFVGRLLGVGFDACKAVHLNFCAMVAPPEGPSIESLSAAEKEGIARMEKFMTDGFAYAMEHSTRPSTIGHVLSSSPIALLAWIGEKYLQWVDKPLPSETILEMVSLYWLTESFPRAIHTYREISPTASAPNGATMLQKELYIHKPFGFSFFPKDLCPVPRSWIATTGNLVFFRDHAEGGHFAALERPRELKTDLTAFVEQVWQK
  FBE_7,MSAPFAKFPSSASISPNPFTVSIPDEQLDDLKTLVRLSKIAPPTYESLQADGRFGITSEWLTTMREKWLSEFDWRPFEARLNSFPQFTTEIEGLTIHFAALFSEREDAVPIALLHGWPGSFVEFYPILQLFREEYTPETLPFHLVVPSLPGYTFSSGPPLDKDFGLMDNARVVDQLMKDLGFGSGYIIQGGDIGSFVGRLLGVGFDACKAVHLNFCAMVAPPEGPSIESLSAAEKEGIARMEKFMTDGFAYAMEHSTRPSTIGHVLSSSPIALLAWIGEKYLQWVDKPLPSETILEMVSLYWLTESFPRAIHTYREIYPTASAPNGATMLQKELYIHKPFGFSFFPKDLCPVPRSWIATTGNLVFFRDHAEGGHFAALERPRELKTDLTAFVEQVWQK
  FBE_8,MSAPFAKFPSSASISPNPFTVSIPDEQLDDLKTLVRLSKIAPPTYESLQADGRFGITSEWLTTMREKWLSEFDWRPFEARLNSFPQFTTEIEGLTIHFAALFSEREDAVPIALLHGWPGSFVEFYPILQLFREEYTPETLPFHLVVPSLPGYTFSSGPPLDKDFGLMDNARVVDQLMKDLGFGSGYIIQGGDIGSFVGRLLGVGFDACKAVHLNFCAMVAPPEGPSIESLSAAEKEGIARMEKFMTDGFAYAMEHSTRPSTIGHVLSSSPIALLAWIGEKYLQWVDKPLPSETILEMVSLYWLTESFPRAIHTYREIDPTASAPNGATMLQKELYIHKPFGFSFFPKDLCPVPRSWIATTGNLVFFRDHAEGGHFAALERPRELKTDLTAFVEQVWQK
  FDB_1,MSAPFAKFPSSASISPNPFTVSIPDEQLDDLKTLVRLSKIAPPTYESLQADGRFGITSEWLTTMREKWLSEFDWRPFEARLNSFPQFTTEIEGLTIHFAALFSEREDAVPIALLHGWPGSFVEFYPILQLFREEYTPETLPFHLVVPSLPGYTFSSGPPLDKDFGLMDNARVVDQLMKDLGFGSGYIIQGGDIGSFVGRLLGVGFDACKAVHLNFCAMLAPPEGPSIESLSAAEKEGIARMEKFMTDGFAYAMEHSTRPSTIGHVLSSSPIALLAWIGEKYLQWVDKPLPSETILEMVSLYWLTESFPRAIHTYRETTPTASAPNGATMLQKELYIHKPFGFSFFPKDVHPVPRSWIATTGNLVFFRDHAEGGHFAALERPRELKTDLTAFVEQVWQK
  FDB_2,MSAPFAKFPSSASISPNPFTVSIPDEQLDDLKTLVRLSKIAPPTYESLQADGRFGITSEWLTTMREKWLSEFDWRPFEARLNSFPQFTTEIEGLTIHFAALFSEREDAVPIALLHGWPGSFVEFYPILQLFREEYTPETLPFHLVVPSLPGYTFSSGPPLDKDFGLMDNARVVDQLMKDLGFGSGYIIQGGDIGSFVGRLLGVGFDACKAVHLNFCAMYAPPEGPSIESLSAAEKEGIARMEKFMTDGFAYAMEHSTRPSTIGHVLSSSPIALLAWIGEKYLQWVDKPLPSETILEMVSLYWLTESFPRAIHTYRETTPTASAPNGATMLQKELYIHKPFGFSFFPKDVHPVPRSWIATTGNLVFFRDHAEGGHFAALERPRELKTDLTAFVEQVWQK
  FDE_1,MSAPFAKFPSSASISPNPFTVSIPDEQLDDLKTLVRLSKIAPPTYESLQADGRFGITSEWLTTMREKWLSEFDWRPFEARLNSFPQFTTEIEGLTIHFAALFSEREDAVPIALLHGWPGSFVEFYPILQLFREEYTPETLPFHLVVPSLPGYTFSSGPPLDKDFGLMDNARVVDQLMKDLGFGSGYIIQGGDIGSFVGRLLGVGFDACKAVHLNLCAMRAPPEGPSIESLSAAEKEGIARMEKFMTDGFAYAMEHSTRPSTIGHVLSSSPIALLAWIGEKYLQWVDKPLPSETILEMVSLYWLTESFPRAIHTYREVFPTASAPNGATMLQKELYIHKPFGFSFFPKDVHPVPRSWIATTGNLVFFRDHAEGGHFAALERPRELKTDLTAFVEQVWQK
  FDE_2,MSAPFAKFPSSASISPNPFTVSIPDEQLDDLKTLVRLSKIAPPTYESLQADGRFGITSEWLTTMREKWLSEFDWRPFEARLNSFPQFTTEIEGLTIHFAALFSEREDAVPIALLHGWPGSFVEFYPILQLFREEYTPETLPFHLVVPSLPGYTFSSGPPLDKDFGLMDNARVVDQLMKDLGFGSGYIIQGGDIGSFVGRLLGVGFDACKAVHLNLCAMRAPPEGPSIESLSAAEKEGIARMEKFMTDGFAYAMEHSTRPSTIGHVLSSSPIALLAWIGEKYLQWVDKPLPSETILEMVSLYWLTESFPRAIHTYREIDPTASAPNGATMLQKELYIHKPFGFSFFPKDVHPVPRSWIATTGNLVFFRDHAEGGHFAALERPRELKTDLTAFVEQVWQK
  FEB_2,MSAPFAKFPSSASISPNPFTVSIPDEQLDDLKTLVRLSKIAPPTYESLQADGRFGITSEWLTTMREKWLSEFDWRPFEARLNSFPQFTTEIEGLTIHFAALFSEREDAVPIALLHGWPGSFVEFYPILQLFREEYTPETLPFHLVVPSLPGYTFSSGPPLDKDFGLMDNARVVDQLMKDLGFGSGYIIQGGDIGSFVGRLLGVGFDACKAVHLNFCAMHAPPEGPSIESLSAAEKEGIARMEKFMTDGFAYAMEHSTRPSTIGHVLSSSPIALLAWIGEKYLQWVDKPLPSETILEMVSLYWLTESFPRAIHTYRECFPTASAPNGATMLQKELYIHKPFGFSFFPKDLCPVPRSWIATTGNLVFFRDHAEGGHFAALERPRELKTDLTAFVEQVWQK
  FEB_3,MSAPFAKFPSSASISPNPFTVSIPDEQLDDLKTLVRLSKIAPPTYESLQADGRFGITSEWLTTMREKWLSEFDWRPFEARLNSFPQFTTEIEGLTIHFAALFSEREDAVPIALLHGWPGSFVEFYPILQLFREEYTPETLPFHLVVPSLPGYTFSSGPPLDKDFGLMDNARVVDQLMKDLGFGSGYIIQGGDIGSFVGRLLGVGFDACKAVHLNFCAMVAPPEGPSIESLSAAEKEGIARMEKFMTDGFAYAMEHSTRPSTIGHVLSSSPIALLAWIGEKYLQWVDKPLPSETILEMVSLYWLTESFPRAIHTYRECFPTASAPNGATMLQKELYIHKPFGFSFFPKDLCPVPRSWIATTGNLVFFRDHAEGGHFAALERPRELKTDLTAFVEQVWQK
  FED_1,MSAPFAKFPSSASISPNPFTVSIPDEQLDDLKTLVRLSKIAPPTYESLQADGRFGITSEWLTTMREKWLSEFDWRPFEARLNSFPQFTTEIEGLTIHFAALFSEREDAVPIALLHGWPGSFVEFYPILQLFREEYTPETLPFHLVVPSLPGYTFSSGPPLDKDFGLMDNARVVDQLMKDLGFGSGYIIQGGDIGSFVGRLLGVGFDACKAVHLNLCAMRAPPEGPSIESLSAAEKEGIARMEKFMTDGFAYAMEHSTRPSTIGHVLSSSPIALLAWIGEKYLQWVDKPLPSETILEMVSLYWLTESFPRAIHTYRECFPTASAPNGATMLQKELYIHKPFGFSFFPKDVHPVPRSWIATTGNLVFFRDHAEGGHFAALERPRELKTDLTAFVEQVWQK
  BDEF_1,MSAPFAKFPSSASISPNPFTVSIPDEQLDDLKTLVRLSKIAPPTYESLQADGRFGITSEWLTTMREKWLSEFDWRPFEARLNSFPQFTTEIEGLTIHFAALFSEREDAVPIALLHGWPGSFVEFYPILQLFREEYTPETLPFHLVVPSLPGYTFSSGPPLDKDFGLMDNARVVDQLMKDLGFGSGYIIQGGDIGSFVGRLLGVGFDACKAVHLNFCAMDAPPEGPSIESLSAAEKEGIARMEKIMTDGIAYAMEHSTRPSTIGHVLSSSPIALLAWIGEKYLQWVDKPLPSETILEMVSLYWLTESFPRAIHTYRECFPTASAPNGATMLQKELYIHKPFGFSFFPKDLVPVPRSWIATTGNLVFFRDHAEGGHFAALERPRELKTDLTAFVEQVWQK
  BDEF_2,MSAPFAKFPSSASISPNPFTVSIPDEQLDDLKTLVRLSKIAPPTYESLQADGRFGITSEWLTTMREKWLSEFDWRPFEARLNSFPQFTTEIEGLTIHFAALFSEREDAVPIALLHGWPGSFVEFYPILQLFREEYTPETLPFHLVVPSLPGYTFSSGPPLDKDFGLMDNARVVDQLMKDLGFGSGYIIQGGDIGSFVGRLLGVGFDACKAVHLNFCAMDAPPEGPSIESLSAAEKEGIARMEKCMTDGLAYAMEHSTRPSTIGHVLSSSPIALLAWIGEKYLQWVDKPLPSETILEMVSLYWLTESFPRAIHTYRECFPTASAPNGATMLQKELYIHKPFGFSFFPKDLVPVPRSWIATTGNLVFFRDHAEGGHFAALERPRELKTDLTAFVEQVWQK
  BDEF_3,MSAPFAKFPSSASISPNPFTVSIPDEQLDDLKTLVRLSKIAPPTYESLQADGRFGITSEWLTTMREKWLSEFDWRPFEARLNSFPQFTTEIEGLTIHFAALFSEREDAVPIALLHGWPGSFVEFYPILQLFREEYTPETLPFHLVVPSLPGYTFSSGPPLDKDFGLMDNARVVDQLMKDLGFGSGYIIQGGDIGSFVGRLLGVGFDACKAVHLNFCAMDAPPEGPSIESLSAAEKEGIARMEKIMTDGLAYAMEHSTRPSTIGHVLSSSPIALLAWIGEKYLQWVDKPLPSETILEMVSLYWLTESFPRAIHTYRECFPTASAPNGATMLQKELYIHKPFGFSFFPKDLVPVPRSWIATTGNLVFFRDHAEGGHFAALERPRELKTDLTAFVEQVWQK
  BDFE_1,MSAPFAKFPSSASISPNPFTVSIPDEQLDDLKTLVRLSKIAPPTYESLQADGRFGITSEWLTTMREKWLSEFDWRPFEARLNSFPQFTTEIEGLTIHFAALFSEREDAVPIALLHGWPGSFVEFYPILQLFREEYTPETLPFHLVVPSLPGYTFSSGPPLDKDFGLMDNARVVDQLMKDLGFGSGYIIQGGDIGSFVGRLLGVGFDACKAVHLNFCAMDAPPEGPSIESLSAAEKEGIARMEKFMTDGYAYAMEHSTRPSTIGHVLSSSPIALLAWIGEKYLQWVDKPLPSETILEMVSLYWLTESFPRAIHTYRESSPTASAPNGATMLQKELYIHKPFGFSFFPKDLVPVPRSWIATTGNLVFFRDHAEGGHFAALERPRELKTDLTAFVEQVWQK
  BDFE_2,MSAPFAKFPSSASISPNPFTVSIPDEQLDDLKTLVRLSKIAPPTYESLQADGRFGITSEWLTTMREKWLSEFDWRPFEARLNSFPQFTTEIEGLTIHFAALFSEREDAVPIALLHGWPGSFVEFYPILQLFREEYTPETLPFHLVVPSLPGYTFSSGPPLDKDFGLMDNARVVDQLMKDLGFGSGYIIQGGDIGSFVGRLLGVGFDACKAVHLNFCAMDAPPEGPSIESLSAAEKEGIARMEKFMTDGYAYAMEHSTRPSTIGHVLSSSPIALLAWIGEKYLQWVDKPLPSETILEMVSLYWLTESFPRAIHTYREFVPTASAPNGATMLQKELYIHKPFGFSFFPKDLVPVPRSWIATTGNLVFFRDHAEGGHFAALERPRELKTDLTAFVEQVWQK
  BEDF_1,MSAPFAKFPSSASISPNPFTVSIPDEQLDDLKTLVRLSKIAPPTYESLQADGRFGITSEWLTTMREKWLSEFDWRPFEARLNSFPQFTTEIEGLTIHFAALFSEREDAVPIALLHGWPGSFVEFYPILQLFREEYTPETLPFHLVVPSLPGYTFSSGPPLDKDFGLMDNARVVDQLMKDLGFGSGYIIQGGDIGSFVGRLLGVGFDACKAVHLNFCAMDAPPEGPSIESLSAAEKEGIARMEKIMTDGIAYAMEHSTRPSTIGHVLSSSPIALLAWIGEKYLQWVDKPLPSETILEMVSLYWLTESFPRAIHTYRECFPTASAPNGATMLQKELYIHKPFGFSFFPKDLIPVPRSWIATTGNLVFFRDHAEGGHFAALERPRELKTDLTAFVEQVWQK
  BEDF_2,MSAPFAKFPSSASISPNPFTVSIPDEQLDDLKTLVRLSKIAPPTYESLQADGRFGITSEWLTTMREKWLSEFDWRPFEARLNSFPQFTTEIEGLTIHFAALFSEREDAVPIALLHGWPGSFVEFYPILQLFREEYTPETLPFHLVVPSLPGYTFSSGPPLDKDFGLMDNARVVDQLMKDLGFGSGYIIQGGDIGSFVGRLLGVGFDACKAVHLNFCAMDAPPEGPSIESLSAAEKEGIARMEKVMTDGIAYAMEHSTRPSTIGHVLSSSPIALLAWIGEKYLQWVDKPLPSETILEMVSLYWLTESFPRAIHTYRECFPTASAPNGATMLQKELYIHKPFGFSFFPKDLIPVPRSWIATTGNLVFFRDHAEGGHFAALERPRELKTDLTAFVEQVWQK
  BEFD_1,MSAPFAKFPSSASISPNPFTVSIPDEQLDDLKTLVRLSKIAPPTYESLQADGRFGITSEWLTTMREKWLSEFDWRPFEARLNSFPQFTTEIEGLTIHFAALFSEREDAVPIALLHGWPGSFVEFYPILQLFREEYTPETLPFHLVVPSLPGYTFSSGPPLDKDFGLMDNARVVDQLMKDLGFGSGYIIQGGDIGSFVGRLLGVGFDACKAVHLNFCAMDAPPEGPSIESLSAAEKEGIARMEKFMTDGFAYAMEHSTRPSTIGHVLSSSPIALLAWIGEKYLQWVDKPLPSETILEMVSLYWLTESFPRAIHTYRECFPTASAPNGATMLQKELYIHKPFGFSFFPKDNIPVPRSWIATTGNLVFFRDHAEGGHFAALERPRELKTDLTAFVEQVWQK
  BFDE_1,MSAPFAKFPSSASISPNPFTVSIPDEQLDDLKTLVRLSKIAPPTYESLQADGRFGITSEWLTTMREKWLSEFDWRPFEARLNSFPQFTTEIEGLTIHFAALFSEREDAVPIALLHGWPGSFVEFYPILQLFREEYTPETLPFHLVVPSLPGYTFSSGPPLDKDFGLMDNARVVDQLMKDLGFGSGYIIQGGDIGSFVGRLLGVGFDACKAVHLNFCAMDAPPEGPSIESLSAAEKEGIARMEKFMTDGYAYAMEHSTRPSTIGHVLSSSPIALLAWIGEKYLQWVDKPLPSETILEMVSLYWLTESFPRAIHTYREVFPTASAPNGATMLQKELYIHKPFGFSFFPKDLVPVPRSWIATTGNLVFFRDHAEGGHFAALERPRELKTDLTAFVEQVWQK
  BFED_1,MSAPFAKFPSSASISPNPFTVSIPDEQLDDLKTLVRLSKIAPPTYESLQADGRFGITSEWLTTMREKWLSEFDWRPFEARLNSFPQFTTEIEGLTIHFAALFSEREDAVPIALLHGWPGSFVEFYPILQLFREEYTPETLPFHLVVPSLPGYTFSSGPPLDKDFGLMDNARVVDQLMKDLGFGSGYIIQGGDIGSFVGRLLGVGFDACKAVHLNFCAMDAPPEGPSIESLSAAEKEGIARMEKFMTDGYAYAMEHSTRPSTIGHVLSSSPIALLAWIGEKYLQWVDKPLPSETILEMVSLYWLTESFPRAIHTYREFSPTASAPNGATMLQKELYIHKPFGFSFFPKDHCPVPRSWIATTGNLVFFRDHAEGGHFAALERPRELKTDLTAFVEQVWQK
  DBEF_1,MSAPFAKFPSSASISPNPFTVSIPDEQLDDLKTLVRLSKIAPPTYESLQADGRFGITSEWLTTMREKWLSEFDWRPFEARLNSFPQFTTEIEGLTIHFAALFSEREDAVPIALLHGWPGSFVEFYPILQLFREEYTPETLPFHLVVPSLPGYTFSSGPPLDKDFGLMDNARVVDQLMKDLGFGSGYIIQGGDIGSFVGRLLGVGFDACKAVHLNFCAMDAPPEGPSIESLSAAEKEGIARMEKIMTDGIAYAMEHSTRPSTIGHVLSSSPIALLAWIGEKYLQWVDKPLPSETILEMVSLYWLTESFPRAIHTYREIFPTASAPNGATMLQKELYIHKPFGFSFFPKDVHPVPRSWIATTGNLVFFRDHAEGGHFAALERPRELKTDLTAFVEQVWQK
  DBEF_2,MSAPFAKFPSSASISPNPFTVSIPDEQLDDLKTLVRLSKIAPPTYESLQADGRFGITSEWLTTMREKWLSEFDWRPFEARLNSFPQFTTEIEGLTIHFAALFSEREDAVPIALLHGWPGSFVEFYPILQLFREEYTPETLPFHLVVPSLPGYTFSSGPPLDKDFGLMDNARVVDQLMKDLGFGSGYIIQGGDIGSFVGRLLGVGFDACKAVHLNFCAMDAPPEGPSIESLSAAEKEGIARMEKVMTDGIAYAMEHSTRPSTIGHVLSSSPIALLAWIGEKYLQWVDKPLPSETILEMVSLYWLTESFPRAIHTYREIFPTASAPNGATMLQKELYIHKPFGFSFFPKDVHPVPRSWIATTGNLVFFRDHAEGGHFAALERPRELKTDLTAFVEQVWQK
  DBEF_3,MSAPFAKFPSSASISPNPFTVSIPDEQLDDLKTLVRLSKIAPPTYESLQADGRFGITSEWLTTMREKWLSEFDWRPFEARLNSFPQFTTEIEGLTIHFAALFSEREDAVPIALLHGWPGSFVEFYPILQLFREEYTPETLPFHLVVPSLPGYTFSSGPPLDKDFGLMDNARVVDQLMKDLGFGSGYIIQGGDIGSFVGRLLGVGFDACKAVHLNFCAMDAPPEGPSIESLSAAEKEGIARMEKVMTDGVAYAMEHSTRPSTIGHVLSSSPIALLAWIGEKYLQWVDKPLPSETILEMVSLYWLTESFPRAIHTYREIFPTASAPNGATMLQKELYIHKPFGFSFFPKDVHPVPRSWIATTGNLVFFRDHAEGGHFAALERPRELKTDLTAFVEQVWQK
  DBEF_4,MSAPFAKFPSSASISPNPFTVSIPDEQLDDLKTLVRLSKIAPPTYESLQADGRFGITSEWLTTMREKWLSEFDWRPFEARLNSFPQFTTEIEGLTIHFAALFSEREDAVPIALLHGWPGSFVEFYPILQLFREEYTPETLPFHLVVPSLPGYTFSSGPPLDKDFGLMDNARVVDQLMKDLGFGSGYIIQGGDIGSFVGRLLGVGFDACKAVHLNFCAMDAPPEGPSIESLSAAEKEGIARMEKFMTDGFAYAMEHSTRPSTIGHVLSSSPIALLAWIGEKYLQWVDKPLPSETILEMVSLYWLTESFPRAIHTYREIFPTASAPNGATMLQKELYIHKPFGFSFFPKDVHPVPRSWIATTGNLVFFRDHAEGGHFAALERPRELKTDLTAFVEQVWQK
  DBFE_1,MSAPFAKFPSSASISPNPFTVSIPDEQLDDLKTLVRLSKIAPPTYESLQADGRFGITSEWLTTMREKWLSEFDWRPFEARLNSFPQFTTEIEGLTIHFAALFSEREDAVPIALLHGWPGSFVEFYPILQLFREEYTPETLPFHLVVPSLPGYTFSSGPPLDKDFGLMDNARVVDQLMKDLGFGSGYIIQGGDIGSFVGRLLGVGFDACKAVHLNFCAMDAPPEGPSIESLSAAEKEGIARMEKFMTDGYAYAMEHSTRPSTIGHVLSSSPIALLAWIGEKYLQWVDKPLPSETILEMVSLYWLTESFPRAIHTYREFVPTASAPNGATMLQKELYIHKPFGFSFFPKDVHPVPRSWIATTGNLVFFRDHAEGGHFAALERPRELKTDLTAFVEQVWQK
  DEBF_1,MSAPFAKFPSSASISPNPFTVSIPDEQLDDLKTLVRLSKIAPPTYESLQADGRFGITSEWLTTMREKWLSEFDWRPFEARLNSFPQFTTEIEGLTIHFAALFSEREDAVPIALLHGWPGSFVEFYPILQLFREEYTPETLPFHLVVPSLPGYTFSSGPPLDKDFGLMDNARVVDQLMKDLGFGSGYIIQGGDIGSFVGRLLGVGFDACKAVHLNFCAMDAPPEGPSIESLSAAEKEGIARMEKIMTDGIAYAMEHSTRPSTIGHVLSSSPIALLAWIGEKYLQWVDKPLPSETILEMVSLYWLTESFPRAIHTYRECFPTASAPNGATMLQKELYIHKPFGFSFFPKDVHPVPRSWIATTGNLVFFRDHAEGGHFAALERPRELKTDLTAFVEQVWQK
  DEBF_2,MSAPFAKFPSSASISPNPFTVSIPDEQLDDLKTLVRLSKIAPPTYESLQADGRFGITSEWLTTMREKWLSEFDWRPFEARLNSFPQFTTEIEGLTIHFAALFSEREDAVPIALLHGWPGSFVEFYPILQLFREEYTPETLPFHLVVPSLPGYTFSSGPPLDKDFGLMDNARVVDQLMKDLGFGSGYIIQGGDIGSFVGRLLGVGFDACKAVHLNFCAMDAPPEGPSIESLSAAEKEGIARMEKVMTDGIAYAMEHSTRPSTIGHVLSSSPIALLAWIGEKYLQWVDKPLPSETILEMVSLYWLTESFPRAIHTYRECFPTASAPNGATMLQKELYIHKPFGFSFFPKDVHPVPRSWIATTGNLVFFRDHAEGGHFAALERPRELKTDLTAFVEQVWQK
  DEFB_1,MSAPFAKFPSSASISPNPFTVSIPDEQLDDLKTLVRLSKIAPPTYESLQADGRFGITSEWLTTMREKWLSEFDWRPFEARLNSFPQFTTEIEGLTIHFAALFSEREDAVPIALLHGWPGSFVEFYPILQLFREEYTPETLPFHLVVPSLPGYTFSSGPPLDKDFGLMDNARVVDQLMKDLGFGSGYIIQGGDIGSFVGRLLGVGFDACKAVHLNLCAMFAPPEGPSIESLSAAEKEGIARMEKIMTDGIAYAMEHSTRPSTIGHVLSSSPIALLAWIGEKYLQWVDKPLPSETILEMVSLYWLTESFPRAIHTYRECFPTASAPNGATMLQKELYIHKPFGFSFFPKDVHPVPRSWIATTGNLVFFRDHAEGGHFAALERPRELKTDLTAFVEQVWQK
  DEFB_2,MSAPFAKFPSSASISPNPFTVSIPDEQLDDLKTLVRLSKIAPPTYESLQADGRFGITSEWLTTMREKWLSEFDWRPFEARLNSFPQFTTEIEGLTIHFAALFSEREDAVPIALLHGWPGSFVEFYPILQLFREEYTPETLPFHLVVPSLPGYTFSSGPPLDKDFGLMDNARVVDQLMKDLGFGSGYIIQGGDIGSFVGRLLGVGFDACKAVHLNLCAMIAPPEGPSIESLSAAEKEGIARMEKIMTDGIAYAMEHSTRPSTIGHVLSSSPIALLAWIGEKYLQWVDKPLPSETILEMVSLYWLTESFPRAIHTYRECFPTASAPNGATMLQKELYIHKPFGFSFFPKDVHPVPRSWIATTGNLVFFRDHAEGGHFAALERPRELKTDLTAFVEQVWQK
  DEFB_3,MSAPFAKFPSSASISPNPFTVSIPDEQLDDLKTLVRLSKIAPPTYESLQADGRFGITSEWLTTMREKWLSEFDWRPFEARLNSFPQFTTEIEGLTIHFAALFSEREDAVPIALLHGWPGSFVEFYPILQLFREEYTPETLPFHLVVPSLPGYTFSSGPPLDKDFGLMDNARVVDQLMKDLGFGSGYIIQGGDIGSFVGRLLGVGFDACKAVHLNLCAMNAPPEGPSIESLSAAEKEGIARMEKIMTDGIAYAMEHSTRPSTIGHVLSSSPIALLAWIGEKYLQWVDKPLPSETILEMVSLYWLTESFPRAIHTYRECFPTASAPNGATMLQKELYIHKPFGFSFFPKDVHPVPRSWIATTGNLVFFRDHAEGGHFAALERPRELKTDLTAFVEQVWQK
  DEFB_4,MSAPFAKFPSSASISPNPFTVSIPDEQLDDLKTLVRLSKIAPPTYESLQADGRFGITSEWLTTMREKWLSEFDWRPFEARLNSFPQFTTEIEGLTIHFAALFSEREDAVPIALLHGWPGSFVEFYPILQLFREEYTPETLPFHLVVPSLPGYTFSSGPPLDKDFGLMDNARVVDQLMKDLGFGSGYIIQGGDIGSFVGRLLGVGFDACKAVHLNLCAMVAPPEGPSIESLSAAEKEGIARMEKIMTDGIAYAMEHSTRPSTIGHVLSSSPIALLAWIGEKYLQWVDKPLPSETILEMVSLYWLTESFPRAIHTYRECFPTASAPNGATMLQKELYIHKPFGFSFFPKDVHPVPRSWIATTGNLVFFRDHAEGGHFAALERPRELKTDLTAFVEQVWQK
  DEFB_5,MSAPFAKFPSSASISPNPFTVSIPDEQLDDLKTLVRLSKIAPPTYESLQADGRFGITSEWLTTMREKWLSEFDWRPFEARLNSFPQFTTEIEGLTIHFAALFSEREDAVPIALLHGWPGSFVEFYPILQLFREEYTPETLPFHLVVPSLPGYTFSSGPPLDKDFGLMDNARVVDQLMKDLGFGSGYIIQGGDIGSFVGRLLGVGFDACKAVHLNLCAMCAPPEGPSIESLSAAEKEGIARMEKIMTDGIAYAMEHSTRPSTIGHVLSSSPIALLAWIGEKYLQWVDKPLPSETILEMVSLYWLTESFPRAIHTYRECFPTASAPNGATMLQKELYIHKPFGFSFFPKDVHPVPRSWIATTGNLVFFRDHAEGGHFAALERPRELKTDLTAFVEQVWQK
  DEFB_6,MSAPFAKFPSSASISPNPFTVSIPDEQLDDLKTLVRLSKIAPPTYESLQADGRFGITSEWLTTMREKWLSEFDWRPFEARLNSFPQFTTEIEGLTIHFAALFSEREDAVPIALLHGWPGSFVEFYPILQLFREEYTPETLPFHLVVPSLPGYTFSSGPPLDKDFGLMDNARVVDQLMKDLGFGSGYIIQGGDIGSFVGRLLGVGFDACKAVHLNLCAMHAPPEGPSIESLSAAEKEGIARMEKIMTDGIAYAMEHSTRPSTIGHVLSSSPIALLAWIGEKYLQWVDKPLPSETILEMVSLYWLTESFPRAIHTYRECFPTASAPNGATMLQKELYIHKPFGFSFFPKDVHPVPRSWIATTGNLVFFRDHAEGGHFAALERPRELKTDLTAFVEQVWQK
  DEFB_7,MSAPFAKFPSSASISPNPFTVSIPDEQLDDLKTLVRLSKIAPPTYESLQADGRFGITSEWLTTMREKWLSEFDWRPFEARLNSFPQFTTEIEGLTIHFAALFSEREDAVPIALLHGWPGSFVEFYPILQLFREEYTPETLPFHLVVPSLPGYTFSSGPPLDKDFGLMDNARVVDQLMKDLGFGSGYIIQGGDIGSFVGRLLGVGFDACKAVHLNLCAMGAPPEGPSIESLSAAEKEGIARMEKIMTDGIAYAMEHSTRPSTIGHVLSSSPIALLAWIGEKYLQWVDKPLPSETILEMVSLYWLTESFPRAIHTYRECFPTASAPNGATMLQKELYIHKPFGFSFFPKDVHPVPRSWIATTGNLVFFRDHAEGGHFAALERPRELKTDLTAFVEQVWQK
  DFBE_2,MSAPFAKFPSSASISPNPFTVSIPDEQLDDLKTLVRLSKIAPPTYESLQADGRFGITSEWLTTMREKWLSEFDWRPFEARLNSFPQFTTEIEGLTIHFAALFSEREDAVPIALLHGWPGSFVEFYPILQLFREEYTPETLPFHLVVPSLPGYTFSSGPPLDKDFGLMDNARVVDQLMKDLGFGSGYIIQGGDIGSFVGRLLGVGFDACKAVHLNFCAMDAPPEGPSIESLSAAEKEGIARMEKFMTDGYAYAMEHSTRPSTIGHVLSSSPIALLAWIGEKYLQWVDKPLPSETILEMVSLYWLTESFPRAIHTYREVFPTASAPNGATMLQKELYIHKPFGFSFFPKDVHPVPRSWIATTGNLVFFRDHAEGGHFAALERPRELKTDLTAFVEQVWQK
  DFBE_3,MSAPFAKFPSSASISPNPFTVSIPDEQLDDLKTLVRLSKIAPPTYESLQADGRFGITSEWLTTMREKWLSEFDWRPFEARLNSFPQFTTEIEGLTIHFAALFSEREDAVPIALLHGWPGSFVEFYPILQLFREEYTPETLPFHLVVPSLPGYTFSSGPPLDKDFGLMDNARVVDQLMKDLGFGSGYIIQGGDIGSFVGRLLGVGFDACKAVHLNFCAMDAPPEGPSIESLSAAEKEGIARMEKFMTDGYAYAMEHSTRPSTIGHVLSSSPIALLAWIGEKYLQWVDKPLPSETILEMVSLYWLTESFPRAIHTYREFGPTASAPNGATMLQKELYIHKPFGFSFFPKDVHPVPRSWIATTGNLVFFRDHAEGGHFAALERPRELKTDLTAFVEQVWQK
  DFBE_4,MSAPFAKFPSSASISPNPFTVSIPDEQLDDLKTLVRLSKIAPPTYESLQADGRFGITSEWLTTMREKWLSEFDWRPFEARLNSFPQFTTEIEGLTIHFAALFSEREDAVPIALLHGWPGSFVEFYPILQLFREEYTPETLPFHLVVPSLPGYTFSSGPPLDKDFGLMDNARVVDQLMKDLGFGSGYIIQGGDIGSFVGRLLGVGFDACKAVHLNFCAMDAPPEGPSIESLSAAEKEGIARMEKFMTDGYAYAMEHSTRPSTIGHVLSSSPIALLAWIGEKYLQWVDKPLPSETILEMVSLYWLTESFPRAIHTYREIFPTASAPNGATMLQKELYIHKPFGFSFFPKDVHPVPRSWIATTGNLVFFRDHAEGGHFAALERPRELKTDLTAFVEQVWQK
  DFBE_5,MSAPFAKFPSSASISPNPFTVSIPDEQLDDLKTLVRLSKIAPPTYESLQADGRFGITSEWLTTMREKWLSEFDWRPFEARLNSFPQFTTEIEGLTIHFAALFSEREDAVPIALLHGWPGSFVEFYPILQLFREEYTPETLPFHLVVPSLPGYTFSSGPPLDKDFGLMDNARVVDQLMKDLGFGSGYIIQGGDIGSFVGRLLGVGFDACKAVHLNFCAMDAPPEGPSIESLSAAEKEGIARMEKFMTDGYAYAMEHSTRPSTIGHVLSSSPIALLAWIGEKYLQWVDKPLPSETILEMVSLYWLTESFPRAIHTYREFSPTASAPNGATMLQKELYIHKPFGFSFFPKDVHPVPRSWIATTGNLVFFRDHAEGGHFAALERPRELKTDLTAFVEQVWQK
  DFEB_2,MSAPFAKFPSSASISPNPFTVSIPDEQLDDLKTLVRLSKIAPPTYESLQADGRFGITSEWLTTMREKWLSEFDWRPFEARLNSFPQFTTEIEGLTIHFAALFSEREDAVPIALLHGWPGSFVEFYPILQLFREEYTPETLPFHLVVPSLPGYTFSSGPPLDKDFGLMDNARVVDQLMKDLGFGSGYIIQGGDIGSFVGRLLGVGFDACKAVHLNFCAMGAPPEGPSIESLSAAEKEGIARMEKFMTDGYAYAMEHSTRPSTIGHVLSSSPIALLAWIGEKYLQWVDKPLPSETILEMVSLYWLTESFPRAIHTYREVFPTASAPNGATMLQKELYIHKPFGFSFFPKDVHPVPRSWIATTGNLVFFRDHAEGGHFAALERPRELKTDLTAFVEQVWQK
  DFEB_3,MSAPFAKFPSSASISPNPFTVSIPDEQLDDLKTLVRLSKIAPPTYESLQADGRFGITSEWLTTMREKWLSEFDWRPFEARLNSFPQFTTEIEGLTIHFAALFSEREDAVPIALLHGWPGSFVEFYPILQLFREEYTPETLPFHLVVPSLPGYTFSSGPPLDKDFGLMDNARVVDQLMKDLGFGSGYIIQGGDIGSFVGRLLGVGFDACKAVHLNFCAMHAPPEGPSIESLSAAEKEGIARMEKFMTDGYAYAMEHSTRPSTIGHVLSSSPIALLAWIGEKYLQWVDKPLPSETILEMVSLYWLTESFPRAIHTYREVFPTASAPNGATMLQKELYIHKPFGFSFFPKDVHPVPRSWIATTGNLVFFRDHAEGGHFAALERPRELKTDLTAFVEQVWQK
  DFEB_4,MSAPFAKFPSSASISPNPFTVSIPDEQLDDLKTLVRLSKIAPPTYESLQADGRFGITSEWLTTMREKWLSEFDWRPFEARLNSFPQFTTEIEGLTIHFAALFSEREDAVPIALLHGWPGSFVEFYPILQLFREEYTPETLPFHLVVPSLPGYTFSSGPPLDKDFGLMDNARVVDQLMKDLGFGSGYIIQGGDIGSFVGRLLGVGFDACKAVHLNFCAMNAPPEGPSIESLSAAEKEGIARMEKFMTDGYAYAMEHSTRPSTIGHVLSSSPIALLAWIGEKYLQWVDKPLPSETILEMVSLYWLTESFPRAIHTYREVFPTASAPNGATMLQKELYIHKPFGFSFFPKDVHPVPRSWIATTGNLVFFRDHAEGGHFAALERPRELKTDLTAFVEQVWQK
  EBDF_1,MSAPFAKFPSSASISPNPFTVSIPDEQLDDLKTLVRLSKIAPPTYESLQADGRFGITSEWLTTMREKWLSEFDWRPFEARLNSFPQFTTEIEGLTIHFAALFSEREDAVPIALLHGWPGSFVEFYPILQLFREEYTPETLPFHLVVPSLPGYTFSSGPPLDKDFGLMDNARVVDQLMKDLGFGSGYIIQGGDIGSFVGRLLGVGFDACKAVHLNFCAMCAPPEGPSIESLSAAEKEGIARMEKNMTDGYAYAMEHSTRPSTIGHVLSSSPIALLAWIGEKYLQWVDKPLPSETILEMVSLYWLTESFPRAIHTYREFSPTASAPNGATMLQKELYIHKPFGFSFFPKDLVPVPRSWIATTGNLVFFRDHAEGGHFAALERPRELKTDLTAFVEQVWQK
  EBDF_2,MSAPFAKFPSSASISPNPFTVSIPDEQLDDLKTLVRLSKIAPPTYESLQADGRFGITSEWLTTMREKWLSEFDWRPFEARLNSFPQFTTEIEGLTIHFAALFSEREDAVPIALLHGWPGSFVEFYPILQLFREEYTPETLPFHLVVPSLPGYTFSSGPPLDKDFGLMDNARVVDQLMKDLGFGSGYIIQGGDIGSFVGRLLGVGFDACKAVHLNFCAMCAPPEGPSIESLSAAEKEGIARMEKNMTDGFAYAMEHSTRPSTIGHVLSSSPIALLAWIGEKYLQWVDKPLPSETILEMVSLYWLTESFPRAIHTYREFSPTASAPNGATMLQKELYIHKPFGFSFFPKDLVPVPRSWIATTGNLVFFRDHAEGGHFAALERPRELKTDLTAFVEQVWQK
  EBDF_3,MSAPFAKFPSSASISPNPFTVSIPDEQLDDLKTLVRLSKIAPPTYESLQADGRFGITSEWLTTMREKWLSEFDWRPFEARLNSFPQFTTEIEGLTIHFAALFSEREDAVPIALLHGWPGSFVEFYPILQLFREEYTPETLPFHLVVPSLPGYTFSSGPPLDKDFGLMDNARVVDQLMKDLGFGSGYIIQGGDIGSFVGRLLGVGFDACKAVHLNFCAMCAPPEGPSIESLSAAEKEGIARMEKVMTDGFAYAMEHSTRPSTIGHVLSSSPIALLAWIGEKYLQWVDKPLPSETILEMVSLYWLTESFPRAIHTYREFSPTASAPNGATMLQKELYIHKPFGFSFFPKDLVPVPRSWIATTGNLVFFRDHAEGGHFAALERPRELKTDLTAFVEQVWQK
  EBDF_4,MSAPFAKFPSSASISPNPFTVSIPDEQLDDLKTLVRLSKIAPPTYESLQADGRFGITSEWLTTMREKWLSEFDWRPFEARLNSFPQFTTEIEGLTIHFAALFSEREDAVPIALLHGWPGSFVEFYPILQLFREEYTPETLPFHLVVPSLPGYTFSSGPPLDKDFGLMDNARVVDQLMKDLGFGSGYIIQGGDIGSFVGRLLGVGFDACKAVHLNFCAMCAPPEGPSIESLSAAEKEGIARMEKHMTDGFAYAMEHSTRPSTIGHVLSSSPIALLAWIGEKYLQWVDKPLPSETILEMVSLYWLTESFPRAIHTYREFSPTASAPNGATMLQKELYIHKPFGFSFFPKDLVPVPRSWIATTGNLVFFRDHAEGGHFAALERPRELKTDLTAFVEQVWQK
  EBDF_5,MSAPFAKFPSSASISPNPFTVSIPDEQLDDLKTLVRLSKIAPPTYESLQADGRFGITSEWLTTMREKWLSEFDWRPFEARLNSFPQFTTEIEGLTIHFAALFSEREDAVPIALLHGWPGSFVEFYPILQLFREEYTPETLPFHLVVPSLPGYTFSSGPPLDKDFGLMDNARVVDQLMKDLGFGSGYIIQGGDIGSFVGRLLGVGFDACKAVHLNFCAMCAPPEGPSIESLSAAEKEGIARMEKFMTDGFAYAMEHSTRPSTIGHVLSSSPIALLAWIGEKYLQWVDKPLPSETILEMVSLYWLTESFPRAIHTYREFSPTASAPNGATMLQKELYIHKPFGFSFFPKDLVPVPRSWIATTGNLVFFRDHAEGGHFAALERPRELKTDLTAFVEQVWQK
  EBFD_1,MSAPFAKFPSSASISPNPFTVSIPDEQLDDLKTLVRLSKIAPPTYESLQADGRFGITSEWLTTMREKWLSEFDWRPFEARLNSFPQFTTEIEGLTIHFAALFSEREDAVPIALLHGWPGSFVEFYPILQLFREEYTPETLPFHLVVPSLPGYTFSSGPPLDKDFGLMDNARVVDQLMKDLGFGSGYIIQGGDIGSFVGRLLGVGFDACKAVHLNFCAMCAPPEGPSIESLSAAEKEGIARMEKIMTDGFAYAMEHSTRPSTIGHVLSSSPIALLAWIGEKYLQWVDKPLPSETILEMVSLYWLTESFPRAIHTYREFSPTASAPNGATMLQKELYIHKPFGFSFFPKDVCPVPRSWIATTGNLVFFRDHAEGGHFAALERPRELKTDLTAFVEQVWQK
  EDBF_1,MSAPFAKFPSSASISPNPFTVSIPDEQLDDLKTLVRLSKIAPPTYESLQADGRFGITSEWLTTMREKWLSEFDWRPFEARLNSFPQFTTEIEGLTIHFAALFSEREDAVPIALLHGWPGSFVEFYPILQLFREEYTPETLPFHLVVPSLPGYTFSSGPPLDKDFGLMDNARVVDQLMKDLGFGSGYIIQGGDIGSFVGRLLGVGFDACKAVHLNFCAMRAPPEGPSIESLSAAEKEGIARMEKFMTDGFAYAMEHSTRPSTIGHVLSSSPIALLAWIGEKYLQWVDKPLPSETILEMVSLYWLTESFPRAIHTYREFSPTASAPNGATMLQKELYIHKPFGFSFFPKDCSPVPRSWIATTGNLVFFRDHAEGGHFAALERPRELKTDLTAFVEQVWQK
  EDBF_2,MSAPFAKFPSSASISPNPFTVSIPDEQLDDLKTLVRLSKIAPPTYESLQADGRFGITSEWLTTMREKWLSEFDWRPFEARLNSFPQFTTEIEGLTIHFAALFSEREDAVPIALLHGWPGSFVEFYPILQLFREEYTPETLPFHLVVPSLPGYTFSSGPPLDKDFGLMDNARVVDQLMKDLGFGSGYIIQGGDIGSFVGRLLGVGFDACKAVHLNFCAMRAPPEGPSIESLSAAEKEGIARMEKHMTDGFAYAMEHSTRPSTIGHVLSSSPIALLAWIGEKYLQWVDKPLPSETILEMVSLYWLTESFPRAIHTYREFSPTASAPNGATMLQKELYIHKPFGFSFFPKDCSPVPRSWIATTGNLVFFRDHAEGGHFAALERPRELKTDLTAFVEQVWQK
  EDFB_1,MSAPFAKFPSSASISPNPFTVSIPDEQLDDLKTLVRLSKIAPPTYESLQADGRFGITSEWLTTMREKWLSEFDWRPFEARLNSFPQFTTEIEGLTIHFAALFSEREDAVPIALLHGWPGSFVEFYPILQLFREEYTPETLPFHLVVPSLPGYTFSSGPPLDKDFGLMDNARVVDQLMKDLGFGSGYIIQGGDIGSFVGRLLGVGFDACKAVHLNLCAMVAPPEGPSIESLSAAEKEGIARMEKFMTDGLAYAMEHSTRPSTIGHVLSSSPIALLAWIGEKYLQWVDKPLPSETILEMVSLYWLTESFPRAIHTYREFSPTASAPNGATMLQKELYIHKPFGFSFFPKDCSPVPRSWIATTGNLVFFRDHAEGGHFAALERPRELKTDLTAFVEQVWQK
  EDFB_2,MSAPFAKFPSSASISPNPFTVSIPDEQLDDLKTLVRLSKIAPPTYESLQADGRFGITSEWLTTMREKWLSEFDWRPFEARLNSFPQFTTEIEGLTIHFAALFSEREDAVPIALLHGWPGSFVEFYPILQLFREEYTPETLPFHLVVPSLPGYTFSSGPPLDKDFGLMDNARVVDQLMKDLGFGSGYIIQGGDIGSFVGRLLGVGFDACKAVHLNFCAMCAPPEGPSIESLSAAEKEGIARMEKFMTDGLAYAMEHSTRPSTIGHVLSSSPIALLAWIGEKYLQWVDKPLPSETILEMVSLYWLTESFPRAIHTYREFSPTASAPNGATMLQKELYIHKPFGFSFFPKDCSPVPRSWIATTGNLVFFRDHAEGGHFAALERPRELKTDLTAFVEQVWQK
  EFBD_1,MSAPFAKFPSSASISPNPFTVSIPDEQLDDLKTLVRLSKIAPPTYESLQADGRFGITSEWLTTMREKWLSEFDWRPFEARLNSFPQFTTEIEGLTIHFAALFSEREDAVPIALLHGWPGSFVEFYPILQLFREEYTPETLPFHLVVPSLPGYTFSSGPPLDKDFGLMDNARVVDQLMKDLGFGSGYIIQGGDIGSFVGRLLGVGFDACKAVHLNFCAMRAPPEGPSIESLSAAEKEGIARMEKFMTDGVAYAMEHSTRPSTIGHVLSSSPIALLAWIGEKYLQWVDKPLPSETILEMVSLYWLTESFPRAIHTYREFSPTASAPNGATMLQKELYIHKPFGFSFFPKDLNPVPRSWIATTGNLVFFRDHAEGGHFAALERPRELKTDLTAFVEQVWQK
  EFBD_2,MSAPFAKFPSSASISPNPFTVSIPDEQLDDLKTLVRLSKIAPPTYESLQADGRFGITSEWLTTMREKWLSEFDWRPFEARLNSFPQFTTEIEGLTIHFAALFSEREDAVPIALLHGWPGSFVEFYPILQLFREEYTPETLPFHLVVPSLPGYTFSSGPPLDKDFGLMDNARVVDQLMKDLGFGSGYIIQGGDIGSFVGRLLGVGFDACKAVHLNFCAMRAPPEGPSIESLSAAEKEGIARMEKFMTDGVAYAMEHSTRPSTIGHVLSSSPIALLAWIGEKYLQWVDKPLPSETILEMVSLYWLTESFPRAIHTYREFSPTASAPNGATMLQKELYIHKPFGFSFFPKDLVPVPRSWIATTGNLVFFRDHAEGGHFAALERPRELKTDLTAFVEQVWQK
  EFDB_1,MSAPFAKFPSSASISPNPFTVSIPDEQLDDLKTLVRLSKIAPPTYESLQADGRFGITSEWLTTMREKWLSEFDWRPFEARLNSFPQFTTEIEGLTIHFAALFSEREDAVPIALLHGWPGSFVEFYPILQLFREEYTPETLPFHLVVPSLPGYTFSSGPPLDKDFGLMDNARVVDQLMKDLGFGSGYIIQGGDIGSFVGRLLGVGFDACKAVHLNFCAMRAPPEGPSIESLSAAEKEGIARMEKFMTDGVAYAMEHSTRPSTIGHVLSSSPIALLAWIGEKYLQWVDKPLPSETILEMVSLYWLTESFPRAIHTYREFSPTASAPNGATMLQKELYIHKPFGFSFFPKDLSPVPRSWIATTGNLVFFRDHAEGGHFAALERPRELKTDLTAFVEQVWQK
  FBDE_1,MSAPFAKFPSSASISPNPFTVSIPDEQLDDLKTLVRLSKIAPPTYESLQADGRFGITSEWLTTMREKWLSEFDWRPFEARLNSFPQFTTEIEGLTIHFAALFSEREDAVPIALLHGWPGSFVEFYPILQLFREEYTPETLPFHLVVPSLPGYTFSSGPPLDKDFGLMDNARVVDQLMKDLGFGSGYIIQGGDIGSFVGRLLGVGFDACKAVHLNFCAMVAPPEGPSIESLSAAEKEGIARMEKFMTDGFAYAMEHSTRPSTIGHVLSSSPIALLAWIGEKYLQWVDKPLPSETILEMVSLYWLTESFPRAIHTYREVVPTASAPNGATMLQKELYIHKPFGFSFFPKDLVPVPRSWIATTGNLVFFRDHAEGGHFAALERPRELKTDLTAFVEQVWQK
  FBDE_2,MSAPFAKFPSSASISPNPFTVSIPDEQLDDLKTLVRLSKIAPPTYESLQADGRFGITSEWLTTMREKWLSEFDWRPFEARLNSFPQFTTEIEGLTIHFAALFSEREDAVPIALLHGWPGSFVEFYPILQLFREEYTPETLPFHLVVPSLPGYTFSSGPPLDKDFGLMDNARVVDQLMKDLGFGSGYIIQGGDIGSFVGRLLGVGFDACKAVHLNFCAMVAPPEGPSIESLSAAEKEGIARMEKFMTDGFAYAMEHSTRPSTIGHVLSSSPIALLAWIGEKYLQWVDKPLPSETILEMVSLYWLTESFPRAIHTYREIHPTASAPNGATMLQKELYIHKPFGFSFFPKDLVPVPRSWIATTGNLVFFRDHAEGGHFAALERPRELKTDLTAFVEQVWQK
  FBDE_3,MSAPFAKFPSSASISPNPFTVSIPDEQLDDLKTLVRLSKIAPPTYESLQADGRFGITSEWLTTMREKWLSEFDWRPFEARLNSFPQFTTEIEGLTIHFAALFSEREDAVPIALLHGWPGSFVEFYPILQLFREEYTPETLPFHLVVPSLPGYTFSSGPPLDKDFGLMDNARVVDQLMKDLGFGSGYIIQGGDIGSFVGRLLGVGFDACKAVHLNFCAMVAPPEGPSIESLSAAEKEGIARMEKFMTDGFAYAMEHSTRPSTIGHVLSSSPIALLAWIGEKYLQWVDKPLPSETILEMVSLYWLTESFPRAIHTYREVNPTASAPNGATMLQKELYIHKPFGFSFFPKDLVPVPRSWIATTGNLVFFRDHAEGGHFAALERPRELKTDLTAFVEQVWQK
  FBDE_4,MSAPFAKFPSSASISPNPFTVSIPDEQLDDLKTLVRLSKIAPPTYESLQADGRFGITSEWLTTMREKWLSEFDWRPFEARLNSFPQFTTEIEGLTIHFAALFSEREDAVPIALLHGWPGSFVEFYPILQLFREEYTPETLPFHLVVPSLPGYTFSSGPPLDKDFGLMDNARVVDQLMKDLGFGSGYIIQGGDIGSFVGRLLGVGFDACKAVHLNFCAMVAPPEGPSIESLSAAEKEGIARMEKFMTDGFAYAMEHSTRPSTIGHVLSSSPIALLAWIGEKYLQWVDKPLPSETILEMVSLYWLTESFPRAIHTYREVHPTASAPNGATMLQKELYIHKPFGFSFFPKDLVPVPRSWIATTGNLVFFRDHAEGGHFAALERPRELKTDLTAFVEQVWQK
  FBED_1,MSAPFAKFPSSASISPNPFTVSIPDEQLDDLKTLVRLSKIAPPTYESLQADGRFGITSEWLTTMREKWLSEFDWRPFEARLNSFPQFTTEIEGLTIHFAALFSEREDAVPIALLHGWPGSFVEFYPILQLFREEYTPETLPFHLVVPSLPGYTFSSGPPLDKDFGLMDNARVVDQLMKDLGFGSGYIIQGGDIGSFVGRLLGVGFDACKAVHLNFCAMVAPPEGPSIESLSAAEKEGIARMEKFMTDGFAYAMEHSTRPSTIGHVLSSSPIALLAWIGEKYLQWVDKPLPSETILEMVSLYWLTESFPRAIHTYREFCPTASAPNGATMLQKELYIHKPFGFSFFPKDDYPVPRSWIATTGNLVFFRDHAEGGHFAALERPRELKTDLTAFVEQVWQK
  FBED_2,MSAPFAKFPSSASISPNPFTVSIPDEQLDDLKTLVRLSKIAPPTYESLQADGRFGITSEWLTTMREKWLSEFDWRPFEARLNSFPQFTTEIEGLTIHFAALFSEREDAVPIALLHGWPGSFVEFYPILQLFREEYTPETLPFHLVVPSLPGYTFSSGPPLDKDFGLMDNARVVDQLMKDLGFGSGYIIQGGDIGSFVGRLLGVGFDACKAVHLNFCAMVAPPEGPSIESLSAAEKEGIARMEKFMTDGFAYAMEHSTRPSTIGHVLSSSPIALLAWIGEKYLQWVDKPLPSETILEMVSLYWLTESFPRAIHTYREFCPTASAPNGATMLQKELYIHKPFGFSFFPKDVHPVPRSWIATTGNLVFFRDHAEGGHFAALERPRELKTDLTAFVEQVWQK
  FDBE_1,MSAPFAKFPSSASISPNPFTVSIPDEQLDDLKTLVRLSKIAPPTYESLQADGRFGITSEWLTTMREKWLSEFDWRPFEARLNSFPQFTTEIEGLTIHFAALFSEREDAVPIALLHGWPGSFVEFYPILQLFREEYTPETLPFHLVVPSLPGYTFSSGPPLDKDFGLMDNARVVDQLMKDLGFGSGYIIQGGDIGSFVGRLLGVGFDACKAVHLNFCAMLAPPEGPSIESLSAAEKEGIARMEKFMTDGFAYAMEHSTRPSTIGHVLSSSPIALLAWIGEKYLQWVDKPLPSETILEMVSLYWLTESFPRAIHTYREFCPTASAPNGATMLQKELYIHKPFGFSFFPKDVHPVPRSWIATTGNLVFFRDHAEGGHFAALERPRELKTDLTAFVEQVWQK
  FDBE_2,MSAPFAKFPSSASISPNPFTVSIPDEQLDDLKTLVRLSKIAPPTYESLQADGRFGITSEWLTTMREKWLSEFDWRPFEARLNSFPQFTTEIEGLTIHFAALFSEREDAVPIALLHGWPGSFVEFYPILQLFREEYTPETLPFHLVVPSLPGYTFSSGPPLDKDFGLMDNARVVDQLMKDLGFGSGYIIQGGDIGSFVGRLLGVGFDACKAVHLNFCAMLAPPEGPSIESLSAAEKEGIARMEKFMTDGFAYAMEHSTRPSTIGHVLSSSPIALLAWIGEKYLQWVDKPLPSETILEMVSLYWLTESFPRAIHTYREFVPTASAPNGATMLQKELYIHKPFGFSFFPKDVHPVPRSWIATTGNLVFFRDHAEGGHFAALERPRELKTDLTAFVEQVWQK
  FDBE_3,MSAPFAKFPSSASISPNPFTVSIPDEQLDDLKTLVRLSKIAPPTYESLQADGRFGITSEWLTTMREKWLSEFDWRPFEARLNSFPQFTTEIEGLTIHFAALFSEREDAVPIALLHGWPGSFVEFYPILQLFREEYTPETLPFHLVVPSLPGYTFSSGPPLDKDFGLMDNARVVDQLMKDLGFGSGYIIQGGDIGSFVGRLLGVGFDACKAVHLNFCAMLAPPEGPSIESLSAAEKEGIARMEKFMTDGFAYAMEHSTRPSTIGHVLSSSPIALLAWIGEKYLQWVDKPLPSETILEMVSLYWLTESFPRAIHTYREFIPTASAPNGATMLQKELYIHKPFGFSFFPKDVHPVPRSWIATTGNLVFFRDHAEGGHFAALERPRELKTDLTAFVEQVWQK
  FDBE_4,MSAPFAKFPSSASISPNPFTVSIPDEQLDDLKTLVRLSKIAPPTYESLQADGRFGITSEWLTTMREKWLSEFDWRPFEARLNSFPQFTTEIEGLTIHFAALFSEREDAVPIALLHGWPGSFVEFYPILQLFREEYTPETLPFHLVVPSLPGYTFSSGPPLDKDFGLMDNARVVDQLMKDLGFGSGYIIQGGDIGSFVGRLLGVGFDACKAVHLNFCAMLAPPEGPSIESLSAAEKEGIARMEKFMTDGFAYAMEHSTRPSTIGHVLSSSPIALLAWIGEKYLQWVDKPLPSETILEMVSLYWLTESFPRAIHTYREISPTASAPNGATMLQKELYIHKPFGFSFFPKDVHPVPRSWIATTGNLVFFRDHAEGGHFAALERPRELKTDLTAFVEQVWQK
  FDBE_5,MSAPFAKFPSSASISPNPFTVSIPDEQLDDLKTLVRLSKIAPPTYESLQADGRFGITSEWLTTMREKWLSEFDWRPFEARLNSFPQFTTEIEGLTIHFAALFSEREDAVPIALLHGWPGSFVEFYPILQLFREEYTPETLPFHLVVPSLPGYTFSSGPPLDKDFGLMDNARVVDQLMKDLGFGSGYIIQGGDIGSFVGRLLGVGFDACKAVHLNFCAMLAPPEGPSIESLSAAEKEGIARMEKFMTDGFAYAMEHSTRPSTIGHVLSSSPIALLAWIGEKYLQWVDKPLPSETILEMVSLYWLTESFPRAIHTYREFGPTASAPNGATMLQKELYIHKPFGFSFFPKDVHPVPRSWIATTGNLVFFRDHAEGGHFAALERPRELKTDLTAFVEQVWQK
  FDBE_6,MSAPFAKFPSSASISPNPFTVSIPDEQLDDLKTLVRLSKIAPPTYESLQADGRFGITSEWLTTMREKWLSEFDWRPFEARLNSFPQFTTEIEGLTIHFAALFSEREDAVPIALLHGWPGSFVEFYPILQLFREEYTPETLPFHLVVPSLPGYTFSSGPPLDKDFGLMDNARVVDQLMKDLGFGSGYIIQGGDIGSFVGRLLGVGFDACKAVHLNFCAMLAPPEGPSIESLSAAEKEGIARMEKFMTDGFAYAMEHSTRPSTIGHVLSSSPIALLAWIGEKYLQWVDKPLPSETILEMVSLYWLTESFPRAIHTYREINPTASAPNGATMLQKELYIHKPFGFSFFPKDVHPVPRSWIATTGNLVFFRDHAEGGHFAALERPRELKTDLTAFVEQVWQK
  FDEB_1,MSAPFAKFPSSASISPNPFTVSIPDEQLDDLKTLVRLSKIAPPTYESLQADGRFGITSEWLTTMREKWLSEFDWRPFEARLNSFPQFTTEIEGLTIHFAALFSEREDAVPIALLHGWPGSFVEFYPILQLFREEYTPETLPFHLVVPSLPGYTFSSGPPLDKDFGLMDNARVVDQLMKDLGFGSGYIIQGGDIGSFVGRLLGVGFDACKAVHLNFCAMNAPPEGPSIESLSAAEKEGIARMEKFMTDGFAYAMEHSTRPSTIGHVLSSSPIALLAWIGEKYLQWVDKPLPSETILEMVSLYWLTESFPRAIHTYREVFPTASAPNGATMLQKELYIHKPFGFSFFPKDVHPVPRSWIATTGNLVFFRDHAEGGHFAALERPRELKTDLTAFVEQVWQK
  FDEB_2,MSAPFAKFPSSASISPNPFTVSIPDEQLDDLKTLVRLSKIAPPTYESLQADGRFGITSEWLTTMREKWLSEFDWRPFEARLNSFPQFTTEIEGLTIHFAALFSEREDAVPIALLHGWPGSFVEFYPILQLFREEYTPETLPFHLVVPSLPGYTFSSGPPLDKDFGLMDNARVVDQLMKDLGFGSGYIIQGGDIGSFVGRLLGVGFDACKAVHLNFCAMLAPPEGPSIESLSAAEKEGIARMEKFMTDGFAYAMEHSTRPSTIGHVLSSSPIALLAWIGEKYLQWVDKPLPSETILEMVSLYWLTESFPRAIHTYREVFPTASAPNGATMLQKELYIHKPFGFSFFPKDVHPVPRSWIATTGNLVFFRDHAEGGHFAALERPRELKTDLTAFVEQVWQK
  FEBD_1,MSAPFAKFPSSASISPNPFTVSIPDEQLDDLKTLVRLSKIAPPTYESLQADGRFGITSEWLTTMREKWLSEFDWRPFEARLNSFPQFTTEIEGLTIHFAALFSEREDAVPIALLHGWPGSFVEFYPILQLFREEYTPETLPFHLVVPSLPGYTFSSGPPLDKDFGLMDNARVVDQLMKDLGFGSGYIIQGGDIGSFVGRLLGVGFDACKAVHLNFCAMDAPPEGPSIESLSAAEKEGIARMEKFMTDGFAYAMEHSTRPSTIGHVLSSSPIALLAWIGEKYLQWVDKPLPSETILEMVSLYWLTESFPRAIHTYRECFPTASAPNGATMLQKELYIHKPFGFSFFPKDLVPVPRSWIATTGNLVFFRDHAEGGHFAALERPRELKTDLTAFVEQVWQK
  FEDB_1,MSAPFAKFPSSASISPNPFTVSIPDEQLDDLKTLVRLSKIAPPTYESLQADGRFGITSEWLTTMREKWLSEFDWRPFEARLNSFPQFTTEIEGLTIHFAALFSEREDAVPIALLHGWPGSFVEFYPILQLFREEYTPETLPFHLVVPSLPGYTFSSGPPLDKDFGLMDNARVVDQLMKDLGFGSGYIIQGGDIGSFVGRLLGVGFDACKAVHLNFCAMDAPPEGPSIESLSAAEKEGIARMEKFMTDGFAYAMEHSTRPSTIGHVLSSSPIALLAWIGEKYLQWVDKPLPSETILEMVSLYWLTESFPRAIHTYRECFPTASAPNGATMLQKELYIHKPFGFSFFPKDVHPVPRSWIATTGNLVFFRDHAEGGHFAALERPRELKTDLTAFVEQVWQK
  FEDB_2,MSAPFAKFPSSASISPNPFTVSIPDEQLDDLKTLVRLSKIAPPTYESLQADGRFGITSEWLTTMREKWLSEFDWRPFEARLNSFPQFTTEIEGLTIHFAALFSEREDAVPIALLHGWPGSFVEFYPILQLFREEYTPETLPFHLVVPSLPGYTFSSGPPLDKDFGLMDNARVVDQLMKDLGFGSGYIIQGGDIGSFVGRLLGVGFDACKAVHLNFCAMGAPPEGPSIESLSAAEKEGIARMEKFMTDGFAYAMEHSTRPSTIGHVLSSSPIALLAWIGEKYLQWVDKPLPSETILEMVSLYWLTESFPRAIHTYRECFPTASAPNGATMLQKELYIHKPFGFSFFPKDVHPVPRSWIATTGNLVFFRDHAEGGHFAALERPRELKTDLTAFVEQVWQK
  FEDB_3,MSAPFAKFPSSASISPNPFTVSIPDEQLDDLKTLVRLSKIAPPTYESLQADGRFGITSEWLTTMREKWLSEFDWRPFEARLNSFPQFTTEIEGLTIHFAALFSEREDAVPIALLHGWPGSFVEFYPILQLFREEYTPETLPFHLVVPSLPGYTFSSGPPLDKDFGLMDNARVVDQLMKDLGFGSGYIIQGGDIGSFVGRLLGVGFDACKAVHLNFCAMVAPPEGPSIESLSAAEKEGIARMEKFMTDGFAYAMEHSTRPSTIGHVLSSSPIALLAWIGEKYLQWVDKPLPSETILEMVSLYWLTESFPRAIHTYRECFPTASAPNGATMLQKELYIHKPFGFSFFPKDVHPVPRSWIATTGNLVFFRDHAEGGHFAALERPRELKTDLTAFVEQVWQK
  FEDB_4,MSAPFAKFPSSASISPNPFTVSIPDEQLDDLKTLVRLSKIAPPTYESLQADGRFGITSEWLTTMREKWLSEFDWRPFEARLNSFPQFTTEIEGLTIHFAALFSEREDAVPIALLHGWPGSFVEFYPILQLFREEYTPETLPFHLVVPSLPGYTFSSGPPLDKDFGLMDNARVVDQLMKDLGFGSGYIIQGGDIGSFVGRLLGVGFDACKAVHLNFCAMSAPPEGPSIESLSAAEKEGIARMEKFMTDGFAYAMEHSTRPSTIGHVLSSSPIALLAWIGEKYLQWVDKPLPSETILEMVSLYWLTESFPRAIHTYRECFPTASAPNGATMLQKELYIHKPFGFSFFPKDVHPVPRSWIATTGNLVFFRDHAEGGHFAALERPRELKTDLTAFVEQVWQK
  seq1,MSAPFAKFPSSASISPNPFTVSIPDEQLDDLKTLVRLSKIAPPTYESLQADGRFGITSEWLTTMREKWLSEFDWRPFEARLNSFPQFTTEIEGLTIHFAALFSEREDAVPIALLHGWPGSFVEFYPILQLFREEYTPETLPFHLVVPSLPGYTFSSGPPLDKDFGLMDNARVVDQLMKDLGFGSGYIIQGGDIGSFVGRLLGVGFDACKAVHLNLCAMRAPPEGPSIESLSAAEKEGIARMEKFMTDGLAYAMEHSTRPSTIGHVLSSSPIALLAWIGEKYLQWVDKPLPSETILEMVSLYWLTESFPRAIHTYREWVPTASAPNGATMLQKELYIHKPFGFSFFPKDLCPVPRSWIATTGNLVFFRDHAEGGHFAALERPRELKTDLTAFVEQVWQK
  seq2,MSAPFAKFPSSASISPNPFTVSIPDEQLDDLKTLVRLSKIAPPTYESLQADGRFGITSEWLTTMREKWLSEFDWRPFEARLNSFPQFTTEIEGLTIHFAALFSEREDAVPIALLHGWPGSFVEFYPILQLFREEYTPETLPFHLVVPSLPGYTFSSGPPLDKDFGLMDNARVVDQLMKDLGFGSGYIIQGGDIGSFVGRLLGVGFDACKAVHLNLCAMRAPPEGPSIESLSAAEKEGIARMEKFMTDGYAYAMEHSTRPSTIGHVLSSSPIALLAWIGEKYLQWVDKPLPSETILEMVSLYWLTESFPRAIHTYRETTPTASAPNGATMLQKELYIHKPFGFSFFPKDLCPVPRSWIATTGNLVFFRDHAEGGHFAALERPRELKTDLTAFVEQVWQK
  seq3,MSAPFAKFPSSASISPNPFTVSIPDEQLDDLKTLVRLSKIAPPTYESLQADGRFGITSEWLTTMREKWLSEFDWRPFEARLNSFPQFTTEIEGLTIHFAALFSEREDAVPIALLHGWPGSFVEFYPILQLFREEYTPETLPFHLVVPSLPGYTFSSGPPLDKDFGLMDNARVVDQLMKDLGFGSGYIIQGGDIGSFVGRLLGVGFDACKAVHLNLCAMRAPPEGPSIESLSAAEKEGIARMEKFMTDGYAYAMEHSTRPSTIGHVLSSSPIALLAWIGEKYLQWVDKPLPSETILEMVSLYWLTESFPRAIHTYREWVPTASAPNGATMLQKELYIHKPFGFSFFPKDLCPVPRSWIATTGNLVFFRDHAEGGHFAALERPRELKTDLTAFVEQVWQK
  seq4,MSAPFAKFPSSASISPNPFTVSIPDEQLDDLKTLVRLSKIAPPTYESLQADGRFGITSEWLTTMREKWLSEFDWRPFEARLNSFPQFTTEIEGLTIHFAALFSEREDAVPIALLHGWPGSFVEFYPILQLFREEYTPETLPFHLVVPSLPGYTFSSGPPLDKDFGLMDNARVVDQLMKDLGFGSGYIIQGGDIGSFVGRLLGVGFDACKAVHLNLCAMRAPPEGPSIESLSAAEKEGIARMEKFMTDGYAYAMEHSTRPSTIGHVLSSSPIALLAWIGEKYLQWVDKPLPSETILEMVSLYWLTESFPRAIHTYRETTPTASAPNGATMLQKELYIHKPFGFSFFPKDLVPVPRSWIATTGNLVFFRDHAEGGHFAALERPRELKTDLTAFVEQVWQK
  seq5,MSAPFAKFPSSASISPNPFTVSIPDEQLDDLKTLVRLSKIAPPTYESLQADGRFGITSEWLTTMREKWLSEFDWRPFEARLNSFPQFTTEIEGLTIHFAALFSEREDAVPIALLHGWPGSFVEFYPILQLFREEYTPETLPFHLVVPSLPGYTFSSGPPLDKDFGLMDNARVVDQLMKDLGFGSGYIIQGGDIGSFVGRLLGVGFDACKAVHLNLCAMRAPPEGPSIESLSAAEKEGIARMEKFMTDGLAYAMEHSTRPSTIGHVLSSSPIALLAWIGEKYLQWVDKPLPSETILEMVSLYWLTESFPRAIHTYREWVPTASAPNGATMLQKELYIHKPFGFSFFPKDYVPVPRSWIATTGNLVFFRDHAEGGHFAALERPRELKTDLTAFVEQVWQK
  seq6,MSAPFAKFPSSASISPNPFTVSIPDEQLDDLKTLVRLSKIAPPTYESLQADGRFGITSEWLTTMREKWLSEFDWRPFEARLNSFPQFTTEIEGLTIHFAALFSEREDAVPIALLHGWPGSFVEFYPILQLFREEYTPETLPFHLVVPSLPGYTFSSGPPLDKDFGLMDNARVVDQLMKDLGFGSGYIIQGGDIGSFVGRLLGVGFDACKAVHLNFCAMRAPPEGPSIESLSAAEKEGIARMEKFMTDGLAYAMEHSTRPSTIGHVLSSSPIALLAWIGEKYLQWVDKPLPSETILEMVSLYWLTESFPRAIHTYRETTPTASAPNGATMLQKELYIHKPFGFSFFPKDLCPVPRSWIATTGNLVFFRDHAEGGHFAALERPRELKTDLTAFVEQVWQK
  seq7,MSAPFAKFPSSASISPNPFTVSIPDEQLDDLKTLVRLSKIAPPTYESLQADGRFGITSEWLTTMREKWLSEFDWRPFEARLNSFPQFTTEIEGLTIHFAALFSEREDAVPIALLHGWPGSFVEFYPILQLFREEYTPETLPFHLVVPSLPGYTFSSGPPLDKDFGLMDNARVVDQLMKDLGFGSGYIIQGGDIGSFVGRLLGVGFDACKAVHLNLCAMSAPPEGPSIESLSAAEKEGIARMEKFMTDGLAYAMEHSTRPSTIGHVLSSSPIALLAWIGEKYLQWVDKPLPSETILEMVSLYWLTESFPRAIHTYRETTPTASAPNGATMLQKELYIHKPFGFSFFPKDLCPVPRSWIATTGNLVFFRDHAEGGHFAALERPRELKTDLTAFVEQVWQK
  seq8,MSAPFAKFPSSASISPNPFTVSIPDEQLDDLKTLVRLSKIAPPTYESLQADGRFGITSEWLTTMREKWLSEFDWRPFEARLNSFPQFTTEIEGLTIHFAALFSEREDAVPIALLHGWPGSFVEFYPILQLFREEYTPETLPFHLVVPSLPGYTFSSGPPLDKDFGLMDNARVVDQLMKDLGFGSGYIIQGGDIGSFVGRLLGVGFDACKAVHLNLCAMRAPPEGPSIESLSAAEKEGIARMEKFMTDGLAYAMEHSTRPSTIGHVLSSSPIALLAWIGEKYLQWVDKPLPSETILEMVSLYWLTESFPRAIHTYREWTPTASAPNGATMLQKELYIHKPFGFSFFPKDLCPVPRSWIATTGNLVFFRDHAEGGHFAALERPRELKTDLTAFVEQVWQK
  seq9,MSAPFAKFPSSASISPNPFTVSIPDEQLDDLKTLVRLSKIAPPTYESLQADGRFGITSEWLTTMREKWLSEFDWRPFEARLNSFPQFTTEIEGLTIHFAALFSEREDAVPIALLHGWPGSFVEFYPILQLFREEYTPETLPFHLVVPSLPGYTFSSGPPLDKDFGLMDNARVVDQLMKDLGFGSGYIIQGGDIGSFVGRLLGVGFDACKAVHLNLCAMRAPPEGPSIESLSAAEKEGIARMEKFMTDGLAYAMEHSTRPSTIGHVLSSSPIALLAWIGEKYLQWVDKPLPSETILEMVSLYWLTESFPRAIHTYRETVPTASAPNGATMLQKELYIHKPFGFSFFPKDLCPVPRSWIATTGNLVFFRDHAEGGHFAALERPRELKTDLTAFVEQVWQK
  seq10,MSAPFAKFPSSASISPNPFTVSIPDEQLDDLKTLVRLSKIAPPTYESLQADGRFGITSEWLTTMREKWLSEFDWRPFEARLNSFPQFTTEIEGLTIHFAALFSEREDAVPIALLHGWPGSFVEFYPILQLFREEYTPETLPFHLVVPSLPGYTFSSGPPLDKDFGLMDNARVVDQLMKDLGFGSGYIIQGGDIGSFVGRLLGVGFDACKAVHLNLCAMRAPPEGPSIESLSAAEKEGIARMEKFMTDGLAYAMEHSTRPSTIGHVLSSSPIALLAWIGEKYLQWVDKPLPSETILEMVSLYWLTESFPRAIHTYRETTPTASAPNGATMLQKELYIHKPFGFSFFPKDLVPVPRSWIATTGNLVFFRDHAEGGHFAALERPRELKTDLTAFVEQVWQK
  seq11,MSAPFAKFPSSASISPNPFTVSIPDEQLDDLKTLVRLSKIAPPTYESLQADGRFGITSEWLTTMREKWLSEFDWRPFEARLNSFPQFTTEIEGLTIHFAALFSEREDAVPIALLHGWPGSFVEFYPILQLFREEYTPETLPFHLVVPSLPGYTFSSGPPLDKDFGLMDNARVVDQLMKDLGFGSGYIIQGGDIGSFVGRLLGVGFDACKAVHLNFCAMRAPPEGPSIESLSAAEKEGIARMEKFMTDGLAYAMEHSTRPSTIGHVLSSSPIALLAWIGEKYLQWVDKPLPSETILEMVSLYWLTESFPRAIHTYREWTPTASAPNGATMLQKELYIHKPFGFSFFPKDLCPVPRSWIATTGNLVFFRDHAEGGHFAALERPRELKTDLTAFVEQVWQK
  seq12,MSAPFAKFPSSASISPNPFTVSIPDEQLDDLKTLVRLSKIAPPTYESLQADGRFGITSEWLTTMREKWLSEFDWRPFEARLNSFPQFTTEIEGLTIHFAALFSEREDAVPIALLHGWPGSFVEFYPILQLFREEYTPETLPFHLVVPSLPGYTFSSGPPLDKDFGLMDNARVVDQLMKDLGFGSGYIIQGGDIGSFVGRLLGVGFDACKAVHLNLCAMSAPPEGPSIESLSAAEKEGIARMEKFMTDGLAYAMEHSTRPSTIGHVLSSSPIALLAWIGEKYLQWVDKPLPSETILEMVSLYWLTESFPRAIHTYREWTPTASAPNGATMLQKELYIHKPFGFSFFPKDLCPVPRSWIATTGNLVFFRDHAEGGHFAALERPRELKTDLTAFVEQVWQK
  seq13,MSAPFAKFPSSASISPNPFTVSIPDEQLDDLKTLVRLSKIAPPTYESLQADGRFGITSEWLTTMREKWLSEFDWRPFEARLNSFPQFTTEIEGLTIHFAALFSEREDAVPIALLHGWPGSFVEFYPILQLFREEYTPETLPFHLVVPSLPGYTFSSGPPLDKDFGLMDNARVVDQLMKDLGFGSGYIIQGGDIGSFVGRLLGVGFDACKAVHLNFCAMSAPPEGPSIESLSAAEKEGIARMEKFMTDGLAYAMEHSTRPSTIGHVLSSSPIALLAWIGEKYLQWVDKPLPSETILEMVSLYWLTESFPRAIHTYREWTPTASAPNGATMLQKELYIHKPFGFSFFPKDLCPVPRSWIATTGNLVFFRDHAEGGHFAALERPRELKTDLTAFVEQVWQK
  seq14,MSAPFAKFPSSASISPNPFTVSIPDEQLDDLKTLVRLSKIAPPTYESLQADGRFGITSEWLTTMREKWLSEFDWRPFEARLNSFPQFTTEIEGLTIHFAALFSEREDAVPIALLHGWPGSFVEFYPILQLFREEYTPETLPFHLVVPSLPGYTFSSGPPLDKDFGLMDNARVVDQLMKDLGFGSGYIIQGGDIGSFVGRLLGVGFDACKAVHLNLCAMTAPPEGPSIESLSAAEKEGIARMEKFMTDGLAYAMEHSTRPSTIGHVLSSSPIALLAWIGEKYLQWVDKPLPSETILEMVSLYWLTESFPRAIHTYRETTPTASAPNGATMLQKELYIHKPFGFSFFPKDLCPVPRSWIATTGNLVFFRDHAEGGHFAALERPRELKTDLTAFVEQVWQK
  seq15,MSAPFAKFPSSASISPNPFTVSIPDEQLDDLKTLVRLSKIAPPTYESLQADGRFGITSEWLTTMREKWLSEFDWRPFEARLNSFPQFTTEIEGLTIHFAALFSEREDAVPIALLHGWPGSFVEFYPILQLFREEYTPETLPFHLVVPSLPGYTFSSGPPLDKDFGLMDNARVVDQLMKDLGFGSGYIIQGGDIGSFVGRLLGVGFDACKAVHLNLCAMMAPPEGPSIESLSAAEKEGIARMEKFMTDGLAYAMEHSTRPSTIGHVLSSSPIALLAWIGEKYLQWVDKPLPSETILEMVSLYWLTESFPRAIHTYRETTPTASAPNGATMLQKELYIHKPFGFSFFPKDLCPVPRSWIATTGNLVFFRDHAEGGHFAALERPRELKTDLTAFVEQVWQK
  seq16,MSAPFAKFPSSASISPNPFTVSIPDEQLDDLKTLVRLSKIAPPTYESLQADGRFGITSEWLTTMREKWLSEFDWRPFEARLNSFPQFTTEIEGLTIHFAALFSEREDAVPIALLHGWPGSFVEFYPILQLFREEYTPETLPFHLVVPSLPGYTFSSGPPLDKDFGLMDNARVVDQLMKDLGFGSGYIIQGGDIGSFVGRLLGVGFDACKAVHLNFCAMSAPPEGPSIESLSAAEKEGIARMEKFMTDGLAYAMEHSTRPSTIGHVLSSSPIALLAWIGEKYLQWVDKPLPSETILEMVSLYWLTESFPRAIHTYRETTPTASAPNGATMLQKELYIHKPFGFSFFPKDLCPVPRSWIATTGNLVFFRDHAEGGHFAALERPRELKTDLTAFVEQVWQK
