name,sequence
 cschrimson,MSRLVAASWLLALLLCGITSTTTASAHIVMVDAYKPTKSAPAASSTDGTAAAAVSHYAMNGFDELAKGAVVPEDHFVCGPADKCYCSAWLHSRGTPGEKIGAQVCQWIAFSIAIALLTFYGFSAWKATCGWEEVYVCCVEVLFVTLEIFKEFSSPATVYLSTGNHAYCLRYFEWLLSCPVILIRLSNLSGLKNDYSKRTMGLIVSCVGMIVFGMAAGLATDWLKWLLYIVSCIYGGYMYFQAAKCYVEANHSVPKGHCRMVVKLMAYAYFASWGSYPILWAVGPEGLLKLSPYANSIGHSICDIIAKEFWTFLAHHLRIKIHEHILIHGDIRKTTKMEIGGEEVEVEEFVEEEDEDTV
 c1c2,MSRRPWLLALALAVALAAGSAGAAHIVMVDAYKPTKSTGSDATVPVATQDGPDYVFHRAHERMLFQTSYTLENNGSVICIPNNGQCFCLAWLKSNGTNAEKLAANILQWITFALSALCLMFYGYQTWKSTCGWEEIYVATIEMIKFIIEYFHEFDEPAVIYSSNGNKTVWLRYAEWLLTCPVILIHLSNLTGLANDYNKRTMGLLVSDIGTIVWGTTAALSKGYVRVIFFLMGLCYGIYTFFNAAKVYIEAYHTVPKGRCRQVVTGMAWLFFVSWGMFPILFILGPEGFGVLSVYGSTVGHTIIDLMSKNCWGLLGHYLRVLIHEHILIHGDIRKTTKLNIGGTEIEVETLVEDEAEAGAV
 cheriff,MGGAPAPDAHSAPPGNDSAAHIVMVDAYKPTKGGSEYHAPAGYQVNPPYHPVHGYEEQCSSIYIYYGALWEQETARGFQWFAVFLSALFLAFYGWHAYKASVGWEEVYVCSVELIKVILEIYFEFTSPAMLFLYGGNITPWLRYAEWLLTCPVILIHLSNITGLSEAYNKRTMALLVSDLGTICMGVTAALATGWVKWLFYCIGLVYGTQTFYNAGIIYVESYYIMPAGGCKKLVLAMTAVYYSSWLMFPGLFIFGPEGMHTLSVAGSTIGHTIADLLSKNIWGLLGHFLRIKIHEHIIMYGDIRRPVSSQFLGRKVDVLAFVTEEDKV
 c1,MSRRPWLLALALAVALAAGSAGAAHIVMVDAYKPTKSTGSDATVPVATQDGPDYVFHRAHERMLFQTSYTLENNGSVICIPNNGQCFCLAWLKSNGALWEQETARGFQWFAVFLSALFLAFYGWHAYKASVGWEEVYVCSVELIKVILEIYFEFTSPAMLFLYGGNITPWLRYAEWLLTCPVILIHLSNITGLSEAYNKRTMALLVSDLGTICMGVTAALATGWVKWLFYCIGLVYGTQTFYNAGIIYVESYYIMPAGGCKKLVLAMTAVYYSSWLMFPGLFIFGPEGMHTLSVAGSTIGHTIADLLSKNIWGLLGHFLRIKIHEHIIMYGDIRRPVSSQFLGRKVDVLAFVTEEDKV
 c2,MSRRPWLLALALAVALAAGSAGAAHIVMVDAYKPTKSTGSDATVPVATQDGPDYVFHRAHERMLFQTSYTLENNGSVICIPNNGQCFCLAWLKSNGTPGEKIGAQVCQWIAFSIAIALLTFYGFSAWKATCGWEEVYVCCVEVLFVTLEIFKEFSSPATVYLSTGNHAYCLRYFEWLLSCPVILIRLSNLSGLKNDYSKRTMGLIVSCVGMIVFGMAAGLATDWLKWLLYIVSCIYGGYMYFQAAKCYVEANHSVPKGHCRMVVKLMAYAYFASWGSYPILWAVGPEGLLKLSPYANSIGHSICDIIAKEFWTFLAHHLRIKIHEHILIHGDIRKTTKMEIGGEEVEVEEFVEEEDEDTV
 c3,MSRRPWLLALALAVALAAGSAGAAHIVMVDAYKPTKSTGSDATVPVATQDGPDYVFHRAHERMLFQTSYTLENNGSVICIPNNGQCFCLAWLKSNGALWEQETARGFQWFTFALSALCLMFYGYQTWKSTCGWEEIYVATIEMIKFIIEYFHEFDEPAVIYSSNGNKTVWLRYAEWLLTCPVILIHLSNLTGLANDYNKRTMGLLVSDIGTIVWGTTAALSKGYVRVIFFLMGLCYGIYTFFNAAKVYIEAYHTVPKGRCRQVVTGMAWLFFVSWGMFPILFILGPEGFGVLSVYGSTVGHTIIDLMSKNCWGLLGHYLRVLIHEHILIHGDIRKTTKLNIGGTEIEVETLVEDEAEAGAV
 c4,MSRRPWLLALALAVALAAGSAGAAHIVMVDAYKPTKSTGSDATVPVATQDGPDYVFHRAHERMLFQTSYTLENNGSVICIPNNGQCFCLAWLKSNGTNAEKLAANILQWIAVFLSALFLAFYGWHAYKASVGWEEVYVCSVELIKVILEIYFEFTEPAVIYSSNGNKTVWLRYAEWLLTCPVILIHLSNLTGLANDYNKRTMGLLVSDIGTIVWGTTAALSKGYVRVIFFLMGLCYGIYTFFNAAKVYIEAYHTVPKGRCRQVVTGMAWLFFVSWGMFPILFILGPEGFGVLSVYGSTVGHTIIDLMSKNCWGLLGHYLRVLIHEHILIHGDIRKTTKLNIGGTEIEVETLVEDEAEAGAV
 c5,MSRRPWLLALALAVALAAGSAGAAHIVMVDAYKPTKSTGSDATVPVATQDGPDYVFHRAHERMLFQTSYTLENNGSVICIPNNGQCFCLAWLKSNGTNAEKLAANILQWITFALSALCLMFYGYQTWKSTCGWEEIYVATIEMIKFIIEYFHEFDSPAMLFLYGGNITPWLRYAEWLLTCPVILIHLSNLTGLANDYNKRTMGLLVSDIGTIVWGTTAALSKGYVRVIFFLMGLCYGIYTFFNAAKVYIEAYHTVPKGRCRQVVTGMAWLFFVSWGMFPILFILGPEGFGVLSVYGSTVGHTIIDLMSKNCWGLLGHYLRVLIHEHILIHGDIRKTTKLNIGGTEIEVETLVEDEAEAGAV
 c6,MSRRPWLLALALAVALAAGSAGAAHIVMVDAYKPTKSTGSDATVPVATQDGPDYVFHRAHERMLFQTSYTLENNGSVICIPNNGQCFCLAWLKSNGTNAEKLAANILQWITFALSALCLMFYGYQTWKSTCGWEEIYVATIEMIKFIIEYFHEFDEPAVIYSSNGNKTVWLRYAEWLLTCPVILIHLSNITGLSEAYNKRTMALLVSDIGTIVWGTTAALSKGYVRVIFFLMGLCYGIYTFFNAAKVYIEAYHTVPKGRCRQVVTGMAWLFFVSWGMFPILFILGPEGFGVLSVYGSTVGHTIIDLMSKNCWGLLGHYLRVLIHEHILIHGDIRKTTKLNIGGTEIEVETLVEDEAEAGAV
 c7,MSRRPWLLALALAVALAAGSAGAAHIVMVDAYKPTKSTGSDATVPVATQDGPDYVFHRAHERMLFQTSYTLENNGSVICIPNNGQCFCLAWLKSNGTNAEKLAANILQWITFALSALCLMFYGYQTWKSTCGWEEIYVATIEMIKFIIEYFHEFDEPAVIYSSNGNKTVWLRYAEWLLTCPVILIHLSNLTGLANDYNKRTMGLLVSDLGTICMGVTAALATGWVKWLFYCIGLVYGTQTFYNAGIIYVEAYHTVPKGRCRQVVTGMAWLFFVSWGMFPILFILGPEGFGVLSVYGSTVGHTIIDLMSKNCWGLLGHYLRVLIHEHILIHGDIRKTTKLNIGGTEIEVETLVEDEAEAGAV
 c8,MSRRPWLLALALAVALAAGSAGAAHIVMVDAYKPTKSTGSDATVPVATQDGPDYVFHRAHERMLFQTSYTLENNGSVICIPNNGQCFCLAWLKSNGTNAEKLAANILQWITFALSALCLMFYGYQTWKSTCGWEEIYVATIEMIKFIIEYFHEFDEPAVIYSSNGNKTVWLRYAEWLLTCPVILIHLSNLTGLANDYNKRTMGLLVSDIGTIVWGTTAALSKGYVRVIFFLMGLCYGIYTFFNAAKVYIESYYIMPAGGCKKLVLAMTAVYYSSWGMFPILFILGPEGFGVLSVYGSTVGHTIIDLMSKNCWGLLGHYLRVLIHEHILIHGDIRKTTKLNIGGTEIEVETLVEDEAEAGAV
 c11,MSRRPWLLALALAVALAAGSAGAAHIVMVDAYKPTKSTGSDATVPVATQDGPDYVFHRAHERMLFQTSYTLENNGSVICIPNNGQCFCLAWLKSNGTNAEKLAANILQWITFALSALCLMFYGYQTWKSTCGWEEIYVATIEMIKFIIEYFHEFDEPAVIYSSNGNKTVWLRYAEWLLTCPVILIHLSNLTGLANDYNKRTMGLLVSDIGTIVWGTTAALSKGYVRVIFFLMGLCYGIYTFFNAAKVYIEAYHTVPKGRCRQVVTGMAWLFFVSWGMFPILFILGPEGFGVLSVYGSTVGHTIIDLMSKNCWGLLGHYLRVLIHEHIIMYGDIRRPVSSQFLGRKVDVLAFVTEEDKV
 c12,MSRRPWLLALALAVALAAGSAGAAHIVMVDAYKPTKSTGSDATVPVATQDGPDYVFHRAHERMLFQTSYTLENNGSVICIPNNGQCFCLAWLKSNGTPGEKIGAQVCQWITFALSALCLMFYGYQTWKSTCGWEEIYVATIEMIKFIIEYFHEFDEPAVIYSSNGNKTVWLRYAEWLLTCPVILIHLSNLTGLANDYNKRTMGLLVSDIGTIVWGTTAALSKGYVRVIFFLMGLCYGIYTFFNAAKVYIEAYHTVPKGRCRQVVTGMAWLFFVSWGMFPILFILGPEGFGVLSVYGSTVGHTIIDLMSKNCWGLLGHYLRVLIHEHILIHGDIRKTTKLNIGGTEIEVETLVEDEAEAGAV
 c13,MSRRPWLLALALAVALAAGSAGAAHIVMVDAYKPTKSTGSDATVPVATQDGPDYVFHRAHERMLFQTSYTLENNGSVICIPNNGQCFCLAWLKSNGTNAEKLAANILQWIAFSIAIALLTFYGFSAWKATCGWEEVYVCCVEVLFVTLEIFKEFSEPAVIYSSNGNKTVWLRYAEWLLTCPVILIHLSNLTGLANDYNKRTMGLLVSDIGTIVWGTTAALSKGYVRVIFFLMGLCYGIYTFFNAAKVYIEAYHTVPKGRCRQVVTGMAWLFFVSWGMFPILFILGPEGFGVLSVYGSTVGHTIIDLMSKNCWGLLGHYLRVLIHEHILIHGDIRKTTKLNIGGTEIEVETLVEDEAEAGAV
 c14,MSRRPWLLALALAVALAAGSAGAAHIVMVDAYKPTKSTGSDATVPVATQDGPDYVFHRAHERMLFQTSYTLENNGSVICIPNNGQCFCLAWLKSNGTNAEKLAANILQWITFALSALCLMFYGYQTWKSTCGWEEIYVATIEMIKFIIEYFHEFDSPATVYLSTGNHAYCLRYFEWLLTCPVILIHLSNLTGLANDYNKRTMGLLVSDIGTIVWGTTAALSKGYVRVIFFLMGLCYGIYTFFNAAKVYIEAYHTVPKGRCRQVVTGMAWLFFVSWGMFPILFILGPEGFGVLSVYGSTVGHTIIDLMSKNCWGLLGHYLRVLIHEHILIHGDIRKTTKLNIGGTEIEVETLVEDEAEAGAV
 c15,MSRRPWLLALALAVALAAGSAGAAHIVMVDAYKPTKSTGSDATVPVATQDGPDYVFHRAHERMLFQTSYTLENNGSVICIPNNGQCFCLAWLKSNGTNAEKLAANILQWITFALSALCLMFYGYQTWKSTCGWEEIYVATIEMIKFIIEYFHEFDEPAVIYSSNGNKTVWLRYAEWLLSCPVILIRLSNLSGLKNDYSKRTMGLIVSDIGTIVWGTTAALSKGYVRVIFFLMGLCYGIYTFFNAAKVYIEAYHTVPKGRCRQVVTGMAWLFFVSWGMFPILFILGPEGFGVLSVYGSTVGHTIIDLMSKNCWGLLGHYLRVLIHEHILIHGDIRKTTKLNIGGTEIEVETLVEDEAEAGAV
 c16,MSRRPWLLALALAVALAAGSAGAAHIVMVDAYKPTKSTGSDATVPVATQDGPDYVFHRAHERMLFQTSYTLENNGSVICIPNNGQCFCLAWLKSNGTNAEKLAANILQWITFALSALCLMFYGYQTWKSTCGWEEIYVATIEMIKFIIEYFHEFDEPAVIYSSNGNKTVWLRYAEWLLTCPVILIHLSNLTGLANDYNKRTMGLLVSCVGMIVFGMAAGLATDWLKWLLYIVSCIYGGYMYFQAAKCYVEAYHTVPKGRCRQVVTGMAWLFFVSWGMFPILFILGPEGFGVLSVYGSTVGHTIIDLMSKNCWGLLGHYLRVLIHEHILIHGDIRKTTKLNIGGTEIEVETLVEDEAEAGAV
 c17,MSRRPWLLALALAVALAAGSAGAAHIVMVDAYKPTKSTGSDATVPVATQDGPDYVFHRAHERMLFQTSYTLENNGSVICIPNNGQCFCLAWLKSNGTNAEKLAANILQWITFALSALCLMFYGYQTWKSTCGWEEIYVATIEMIKFIIEYFHEFDEPAVIYSSNGNKTVWLRYAEWLLTCPVILIHLSNLTGLANDYNKRTMGLLVSDIGTIVWGTTAALSKGYVRVIFFLMGLCYGIYTFFNAAKVYIEANHSVPKGHCRMVVKLMAYAYFASWGMFPILFILGPEGFGVLSVYGSTVGHTIIDLMSKNCWGLLGHYLRVLIHEHILIHGDIRKTTKLNIGGTEIEVETLVEDEAEAGAV
 c18,MSRRPWLLALALAVALAAGSAGAAHIVMVDAYKPTKSTGSDATVPVATQDGPDYVFHRAHERMLFQTSYTLENNGSVICIPNNGQCFCLAWLKSNGTNAEKLAANILQWITFALSALCLMFYGYQTWKSTCGWEEIYVATIEMIKFIIEYFHEFDEPAVIYSSNGNKTVWLRYAEWLLTCPVILIHLSNLTGLANDYNKRTMGLLVSDIGTIVWGTTAALSKGYVRVIFFLMGLCYGIYTFFNAAKVYIEAYHTVPKGRCRQVVTGMAWLFFVSWGSYPILWAVGPEGLLKLSVYGSTVGHTIIDLMSKNCWGLLGHYLRVLIHEHILIHGDIRKTTKLNIGGTEIEVETLVEDEAEAGAV
 c19,MSRRPWLLALALAVALAAGSAGAAHIVMVDAYKPTKSTGSDATVPVATQDGPDYVFHRAHERMLFQTSYTLENNGSVICIPNNGQCFCLAWLKSNGTNAEKLAANILQWITFALSALCLMFYGYQTWKSTCGWEEIYVATIEMIKFIIEYFHEFDEPAVIYSSNGNKTVWLRYAEWLLTCPVILIHLSNLTGLANDYNKRTMGLLVSDIGTIVWGTTAALSKGYVRVIFFLMGLCYGIYTFFNAAKVYIEAYHTVPKGRCRQVVTGMAWLFFVSWGMFPILFILGPEGFGVLSPYANSIGHSICDIIAKEFWTFLAHHLRIKIHEHILIHGDIRKTTKLNIGGTEIEVETLVEDEAEAGAV
 c20,MSRRPWLLALALAVALAAGSAGAAHIVMVDAYKPTKSTGSDATVPVATQDGPDYVFHRAHERMLFQTSYTLENNGSVICIPNNGQCFCLAWLKSNGTNAEKLAANILQWITFALSALCLMFYGYQTWKSTCGWEEIYVATIEMIKFIIEYFHEFDEPAVIYSSNGNKTVWLRYAEWLLTCPVILIHLSNLTGLANDYNKRTMGLLVSDIGTIVWGTTAALSKGYVRVIFFLMGLCYGIYTFFNAAKVYIEAYHTVPKGRCRQVVTGMAWLFFVSWGMFPILFILGPEGFGVLSVYGSTVGHTIIDLMSKNCWGLLGHYLRVLIHEHILIHGDIRKTTKMEIGGEEVEVEEFVEEEDEDTV
 c21,MSRRPWLLALALAVALAAGSAGAAHIVMVDAYKPTKSTGSDATVPVATQDGPDYVFHRAHERMLFQTSYTLENNGSVICIPNNGQCFCLAWLKSNGTNAEKLAANILQWITFALSALCLMFYGYQTWKSTCGWEEIYVATIEMIKFIIEYFHEFDSPATVYLSTGNHAYCLRYFEWLLSCPVILIRLSNLSGLKNDYSKRTMGLIVSCVGMIVFGMAAGLATDWLKWLLYIVSCIYGGYMYFQAAKCYVEAYHTVPKGRCRQVVTGMAWLFFVSWGSYPILWAVGPEGLLKLSPYANSIGHSICDIIAKEFWTFLAHHLRIKIHEHILIHGDIRKTTKLNIGGTEIEVETLVEDEAEAGAV
 c23,MSRRPWLLALALAVALAAGSAGAAHIVMVDAYKPTKSTGSDATVPVATQDGPDYVFHRAHERMLFQTSYTLENNGSVICIPNNGQCFCLAWLKSNGALWEQETARGFQWFAFSIAIALLTFYGFSAWKATCGWEEVYVCCVEVLFVTLEIFKEFSSPATVYLSTGNHAYCLRYFEWLLTCPVILIHLSNITGLSEAYNKRTMALLVSDIGTIVWGTTAALSKGYVRVIFFLMGLCYGIYTFFNAAKVYIESYYIMPAGGCKKLVLAMTAVYYSSWGSYPILWAVGPEGLLKLSPYANSIGHSICDIIAKEFWTFLAHHLRIKIHEHIIMYGDIRRPVSSQFLGRKVDVLAFVTEEDKV
 c24,MSRRPWLLALALAVALAAGSAGAAHIVMVDAYKPTKSTGSDATVPVATQDGPDYVFHRAHERMLFQTSYTLENNGSVICIPNNGQCFCLAWLKSNGALWEQETARGFQWFTFALSALCLMFYGYQTWKSTCGWEEIYVATIEMIKFIIEYFHEFDEPAVIYSSNGNKTVWLRYAEWLLTCPVILIHLSNITGLSEAYNKRTMALLVSCVGMIVFGMAAGLATDWLKWLLYIVSCIYGGYMYFQAAKCYVEANHSVPKGHCRMVVKLMAYAYFASWGSYPILWAVGPEGLLKLSVYGSTVGHTIIDLMSKNCWGLLGHYLRVLIHEHIIMYGDIRRPVSSQFLGRKVDVLAFVTEEDKV
 c25,MSRRPWLLALALAVALAAGSAGAAHIVMVDAYKPTKSTGSDATVPVATQDGPDYVFHRAHERMLFQTSYTLENNGSVICIPNNGQCFCLAWLKSNGTPGEKIGAQVCQWIAVFLSALFLAFYGWHAYKASVGWEEVYVCSVELIKVILEIYFEFTEPAVIYSSNGNKTVWLRYAEWLLTCPVILIHLSNLTGLANDYNKRTMGLLVSCVGMIVFGMAAGLATDWLKWLLYIVSCIYGGYMYFQAAKCYVESYYIMPAGGCKKLVLAMTAVYYSSWGMFPILFILGPEGFGVLSPYANSIGHSICDIIAKEFWTFLAHHLRIKIHEHILIHGDIRKTTKMEIGGEEVEVEEFVEEEDEDTV
 c26,MSRRPWLLALALAVALAAGSAGAAHIVMVDAYKPTKSTGSDATVPVATQDGPDYVFHRAHERMLFQTSYTLENNGSVICIPNNGQCFCLAWLKSNGTPGEKIGAQVCQWITFALSALCLMFYGYQTWKSTCGWEEIYVATIEMIKFIIEYFHEFDSPATVYLSTGNHAYCLRYFEWLLTCPVILIHLSNLTGLANDYNKRTMGLLVSDLGTICMGVTAALATGWVKWLFYCIGLVYGTQTFYNAGIIYVEANHSVPKGHCRMVVKLMAYAYFASWGMFPILFILGPEGFGVLSPYANSIGHSICDIIAKEFWTFLAHHLRIKIHEHIIMYGDIRRPVSSQFLGRKVDVLAFVTEEDKV
 c28,MSRRPWLLALALAVALAAGSAGAAHIVMVDAYKPTKSTGSDATVPVATQDGPDYVFHRAHERMLFQTSYTLENNGSVICIPNNGQCFCLAWLKSNGTPGEKIGAQVCQWIAFSIAIALLTFYGFSAWKATCGWEEVYVCCVEVLFVTLEIFKEFSSPATVYLSTGNHAYCLRYFEWLLTCPVILIHLSNLTGLANDYNKRTMGLLVSCVGMIVFGMAAGLATDWLKWLLYIVSCIYGGYMYFQAAKCYVEAYHTVPKGRCRQVVTGMAWLFFVSWLMFPGLFIFGPEGMHTLSVAGSTIGHTIADLLSKNIWGLLGHFLRIKIHEHIIMYGDIRRPVSSQFLGRKVDVLAFVTEEDKV
 c29,MSRRPWLLALALAVALAAGSAGAAHIVMVDAYKPTKSTGSDATVPVATQDGPDYVFHRAHERMLFQTSYTLENNGSVICIPNNGQCFCLAWLKSNGTNAEKLAANILQWIAFSIAIALLTFYGFSAWKATCGWEEVYVCCVEVLFVTLEIFKEFSSPATVYLSTGNHAYCLRYFEWLLTCPVILIHLSNLTGLANDYNKRTMGLLVSDLGTICMGVTAALATGWVKWLFYCIGLVYGTQTFYNAGIIYVESYYIMPAGGCKKLVLAMTAVYYSSWGSYPILWAVGPEGLLKLSVYGSTVGHTIIDLMSKNCWGLLGHYLRVLIHEHILIHGDIRKTTKLNIGGTEIEVETLVEDEAEAGAV
 c30,MSRRPWLLALALAVALAAGSAGAAHIVMVDAYKPTKSTGSDATVPVATQDGPDYVFHRAHERMLFQTSYTLENNGSVICIPNNGQCFCLAWLKSNGTNAEKLAANILQWIAVFLSALFLAFYGWHAYKASVGWEEVYVCSVELIKVILEIYFEFTSPATVYLSTGNHAYCLRYFEWLLTCPVILIHLSNITGLSEAYNKRTMALLVSDIGTIVWGTTAALSKGYVRVIFFLMGLCYGIYTFFNAAKVYIEAYHTVPKGRCRQVVTGMAWLFFVSWGMFPILFILGPEGFGVLSVYGSTVGHTIIDLMSKNCWGLLGHYLRVLIHEHILIHGDIRKTTKLNIGGTEIEVETLVEDEAEAGAV
 c31,MSRRPWLLALALAVALAAGSAGAAHIVMVDAYKPTKSTGSDATVPVATQDGPDYVFHRAHERMLFQTSYTLENNGSVICIPNNGQCFCLAWLKSNGTNAEKLAANILQWIAFSIAIALLTFYGFSAWKATCGWEEVYVCCVEVLFVTLEIFKEFSSPAMLFLYGGNITPWLRYAEWLLTCPVILIHLSNITGLSEAYNKRTMALLVSCVGMIVFGMAAGLATDWLKWLLYIVSCIYGGYMYFQAAKCYVEANHSVPKGHCRMVVKLMAYAYFASWLMFPGLFIFGPEGMHTLSPYANSIGHSICDIIAKEFWTFLAHHLRIKIHEHILIHGDIRKTTKLNIGGTEIEVETLVEDEAEAGAV
 c32,MSRRPWLLALALAVALAAGSAGAAHIVMVDAYKPTKSTGSDATVPVATQDGPDYVFHRAHERMLFQTSYTLENNGSVICIPNNGQCFCLAWLKSNGTPGEKIGAQVCQWIAFSIAIALLTFYGFSAWKATCGWEEVYVCCVEVLFVTLEIFKEFSEPAVIYSSNGNKTVWLRYAEWLLTCPVILIHLSNITGLSEAYNKRTMALLVSDLGTICMGVTAALATGWVKWLFYCIGLVYGTQTFYNAGIIYVEAYHTVPKGRCRQVVTGMAWLFFVSWGSYPILWAVGPEGLLKLSPYANSIGHSICDIIAKEFWTFLAHHLRIKIHEHILIHGDIRKTTKMEIGGEEVEVEEFVEEEDEDTV
 c33,MSRRPWLLALALAVALAAGSAGAAHIVMVDAYKPTKSTGSDATVPVATQDGPDYVFHRAHERMLFQTSYTLENNGSVICIPNNGQCFCLAWLKSNGTNAEKLAANILQWIAVFLSALFLAFYGWHAYKASVGWEEVYVCSVELIKVILEIYFEFTEPAVIYSSNGNKTVWLRYAEWLLTCPVILIHLSNLTGLANDYNKRTMGLLVSDIGTIVWGTTAALSKGYVRVIFFLMGLCYGIYTFFNAAKVYIEANHSVPKGHCRMVVKLMAYAYFASWGSYPILWAVGPEGLLKLSVAGSTIGHTIADLLSKNIWGLLGHFLRIKIHEHIIMYGDIRRPVSSQFLGRKVDVLAFVTEEDKV
 c34,MSRRPWLLALALAVALAAGSAGAAHIVMVDAYKPTKSTGSDATVPVATQDGPDYVFHRAHERMLFQTSYTLENNGSVICIPNNGQCFCLAWLKSNGALWEQETARGFQWFTFALSALCLMFYGYQTWKSTCGWEEIYVATIEMIKFIIEYFHEFDEPAVIYSSNGNKTVWLRYAEWLLTCPVILIHLSNLTGLANDYNKRTMGLLVSDIGTIVWGTTAALSKGYVRVIFFLMGLCYGIYTFFNAAKVYIEAYHTVPKGRCRQVVTGMAWLFFVSWLMFPGLFIFGPEGMHTLSPYANSIGHSICDIIAKEFWTFLAHHLRIKIHEHILIHGDIRKTTKLNIGGTEIEVETLVEDEAEAGAV
 c35,MSRRPWLLALALAVALAAGSAGAAHIVMVDAYKPTKSTGSDATVPVATQDGPDYVFHRAHERMLFQTSYTLENNGSVICIPNNGQCFCLAWLKSNGALWEQETARGFQWFAVFLSALFLAFYGWHAYKASVGWEEVYVCSVELIKVILEIYFEFTSPATVYLSTGNHAYCLRYFEWLLSCPVILIRLSNLSGLKNDYSKRTMGLIVSDLGTICMGVTAALATGWVKWLFYCIGLVYGTQTFYNAGIIYVEANHSVPKGHCRMVVKLMAYAYFASWGSYPILWAVGPEGLLKLSVAGSTIGHTIADLLSKNIWGLLGHFLRIKIHEHILIHGDIRKTTKLNIGGTEIEVETLVEDEAEAGAV
 c36,MGGAPAPDAHSAPPGNDSAAHIVMVDAYKPTKGGSEYHAPAGYQVNPPYHPVHGYEEQCSSIYIYYGTNAEKLAANILQWIAVFLSALFLAFYGWHAYKASVGWEEVYVCSVELIKVILEIYFEFTSPAMLFLYGGNITPWLRYAEWLLTCPVILIHLSNITGLSEAYNKRTMALLVSDLGTICMGVTAALATGWVKWLFYCIGLVYGTQTFYNAGIIYVESYYIMPAGGCKKLVLAMTAVYYSSWLMFPGLFIFGPEGMHTLSVAGSTIGHTIADLLSKNIWGLLGHFLRIKIHEHIIMYGDIRRPVSSQFLGRKVDVLAFVTEEDKV
 c37,MGGAPAPDAHSAPPGNDSAAHIVMVDAYKPTKGGSEYHAPAGYQVNPPYHPVHGYEEQCSSIYIYYGALWEQETARGFQWFTFALSALCLMFYGYQTWKSTCGWEEIYVATIEMIKFIIEYFHEFDSPAMLFLYGGNITPWLRYAEWLLTCPVILIHLSNITGLSEAYNKRTMALLVSDLGTICMGVTAALATGWVKWLFYCIGLVYGTQTFYNAGIIYVESYYIMPAGGCKKLVLAMTAVYYSSWLMFPGLFIFGPEGMHTLSVAGSTIGHTIADLLSKNIWGLLGHFLRIKIHEHIIMYGDIRRPVSSQFLGRKVDVLAFVTEEDKV
 c38,MGGAPAPDAHSAPPGNDSAAHIVMVDAYKPTKGGSEYHAPAGYQVNPPYHPVHGYEEQCSSIYIYYGALWEQETARGFQWFAVFLSALFLAFYGWHAYKASVGWEEVYVCSVELIKVILEIYFEFTEPAVIYSSNGNKTVWLRYAEWLLTCPVILIHLSNITGLSEAYNKRTMALLVSDLGTICMGVTAALATGWVKWLFYCIGLVYGTQTFYNAGIIYVESYYIMPAGGCKKLVLAMTAVYYSSWLMFPGLFIFGPEGMHTLSVAGSTIGHTIADLLSKNIWGLLGHFLRIKIHEHIIMYGDIRRPVSSQFLGRKVDVLAFVTEEDKV
 c39,MGGAPAPDAHSAPPGNDSAAHIVMVDAYKPTKGGSEYHAPAGYQVNPPYHPVHGYEEQCSSIYIYYGALWEQETARGFQWFAVFLSALFLAFYGWHAYKASVGWEEVYVCSVELIKVILEIYFEFTSPAMLFLYGGNITPWLRYAEWLLTCPVILIHLSNLTGLANDYNKRTMGLLVSDLGTICMGVTAALATGWVKWLFYCIGLVYGTQTFYNAGIIYVESYYIMPAGGCKKLVLAMTAVYYSSWLMFPGLFIFGPEGMHTLSVAGSTIGHTIADLLSKNIWGLLGHFLRIKIHEHIIMYGDIRRPVSSQFLGRKVDVLAFVTEEDKV
 c40,MGGAPAPDAHSAPPGNDSAAHIVMVDAYKPTKGGSEYHAPAGYQVNPPYHPVHGYEEQCSSIYIYYGALWEQETARGFQWFAVFLSALFLAFYGWHAYKASVGWEEVYVCSVELIKVILEIYFEFTSPAMLFLYGGNITPWLRYAEWLLTCPVILIHLSNITGLSEAYNKRTMALLVSDIGTIVWGTTAALSKGYVRVIFFLMGLCYGIYTFFNAAKVYIESYYIMPAGGCKKLVLAMTAVYYSSWLMFPGLFIFGPEGMHTLSVAGSTIGHTIADLLSKNIWGLLGHFLRIKIHEHIIMYGDIRRPVSSQFLGRKVDVLAFVTEEDKV
 c41,MGGAPAPDAHSAPPGNDSAAHIVMVDAYKPTKGGSEYHAPAGYQVNPPYHPVHGYEEQCSSIYIYYGALWEQETARGFQWFAVFLSALFLAFYGWHAYKASVGWEEVYVCSVELIKVILEIYFEFTSPAMLFLYGGNITPWLRYAEWLLTCPVILIHLSNITGLSEAYNKRTMALLVSDLGTICMGVTAALATGWVKWLFYCIGLVYGTQTFYNAGIIYVEAYHTVPKGRCRQVVTGMAWLFFVSWLMFPGLFIFGPEGMHTLSVAGSTIGHTIADLLSKNIWGLLGHFLRIKIHEHIIMYGDIRRPVSSQFLGRKVDVLAFVTEEDKV
 c42,MGGAPAPDAHSAPPGNDSAAHIVMVDAYKPTKGGSEYHAPAGYQVNPPYHPVHGYEEQCSSIYIYYGALWEQETARGFQWFAVFLSALFLAFYGWHAYKASVGWEEVYVCSVELIKVILEIYFEFTSPAMLFLYGGNITPWLRYAEWLLTCPVILIHLSNITGLSEAYNKRTMALLVSDLGTICMGVTAALATGWVKWLFYCIGLVYGTQTFYNAGIIYVESYYIMPAGGCKKLVLAMTAVYYSSWGMFPILFILGPEGFGVLSVAGSTIGHTIADLLSKNIWGLLGHFLRIKIHEHIIMYGDIRRPVSSQFLGRKVDVLAFVTEEDKV
 c43,MGGAPAPDAHSAPPGNDSAAHIVMVDAYKPTKGGSEYHAPAGYQVNPPYHPVHGYEEQCSSIYIYYGALWEQETARGFQWFAVFLSALFLAFYGWHAYKASVGWEEVYVCSVELIKVILEIYFEFTSPAMLFLYGGNITPWLRYAEWLLTCPVILIHLSNITGLSEAYNKRTMALLVSDLGTICMGVTAALATGWVKWLFYCIGLVYGTQTFYNAGIIYVESYYIMPAGGCKKLVLAMTAVYYSSWLMFPGLFIFGPEGMHTLSVYGSTVGHTIIDLMSKNCWGLLGHYLRVLIHEHIIMYGDIRRPVSSQFLGRKVDVLAFVTEEDKV
 c44,MGGAPAPDAHSAPPGNDSAAHIVMVDAYKPTKGGSEYHAPAGYQVNPPYHPVHGYEEQCSSIYIYYGALWEQETARGFQWFAVFLSALFLAFYGWHAYKASVGWEEVYVCSVELIKVILEIYFEFTSPAMLFLYGGNITPWLRYAEWLLTCPVILIHLSNITGLSEAYNKRTMALLVSDLGTICMGVTAALATGWVKWLFYCIGLVYGTQTFYNAGIIYVESYYIMPAGGCKKLVLAMTAVYYSSWLMFPGLFIFGPEGMHTLSVAGSTIGHTIADLLSKNIWGLLGHFLRIKIHEHILIHGDIRKTTKLNIGGTEIEVETLVEDEAEAGAV
 c46,MGGAPAPDAHSAPPGNDSAAHIVMVDAYKPTKGGSEYHAPAGYQVNPPYHPVHGYEEQCSSIYIYYGTPGEKIGAQVCQWIAVFLSALFLAFYGWHAYKASVGWEEVYVCSVELIKVILEIYFEFTSPAMLFLYGGNITPWLRYAEWLLTCPVILIHLSNITGLSEAYNKRTMALLVSDLGTICMGVTAALATGWVKWLFYCIGLVYGTQTFYNAGIIYVESYYIMPAGGCKKLVLAMTAVYYSSWLMFPGLFIFGPEGMHTLSVAGSTIGHTIADLLSKNIWGLLGHFLRIKIHEHIIMYGDIRRPVSSQFLGRKVDVLAFVTEEDKV
 c47,MGGAPAPDAHSAPPGNDSAAHIVMVDAYKPTKGGSEYHAPAGYQVNPPYHPVHGYEEQCSSIYIYYGALWEQETARGFQWFAFSIAIALLTFYGFSAWKATCGWEEVYVCCVEVLFVTLEIFKEFSSPAMLFLYGGNITPWLRYAEWLLTCPVILIHLSNITGLSEAYNKRTMALLVSDLGTICMGVTAALATGWVKWLFYCIGLVYGTQTFYNAGIIYVESYYIMPAGGCKKLVLAMTAVYYSSWLMFPGLFIFGPEGMHTLSVAGSTIGHTIADLLSKNIWGLLGHFLRIKIHEHIIMYGDIRRPVSSQFLGRKVDVLAFVTEEDKV
 c48,MGGAPAPDAHSAPPGNDSAAHIVMVDAYKPTKGGSEYHAPAGYQVNPPYHPVHGYEEQCSSIYIYYGALWEQETARGFQWFAVFLSALFLAFYGWHAYKASVGWEEVYVCSVELIKVILEIYFEFTSPATVYLSTGNHAYCLRYFEWLLTCPVILIHLSNITGLSEAYNKRTMALLVSDLGTICMGVTAALATGWVKWLFYCIGLVYGTQTFYNAGIIYVESYYIMPAGGCKKLVLAMTAVYYSSWLMFPGLFIFGPEGMHTLSVAGSTIGHTIADLLSKNIWGLLGHFLRIKIHEHIIMYGDIRRPVSSQFLGRKVDVLAFVTEEDKV
 c49,MGGAPAPDAHSAPPGNDSAAHIVMVDAYKPTKGGSEYHAPAGYQVNPPYHPVHGYEEQCSSIYIYYGALWEQETARGFQWFAVFLSALFLAFYGWHAYKASVGWEEVYVCSVELIKVILEIYFEFTSPAMLFLYGGNITPWLRYAEWLLSCPVILIRLSNLSGLKNDYSKRTMGLIVSDLGTICMGVTAALATGWVKWLFYCIGLVYGTQTFYNAGIIYVESYYIMPAGGCKKLVLAMTAVYYSSWLMFPGLFIFGPEGMHTLSVAGSTIGHTIADLLSKNIWGLLGHFLRIKIHEHIIMYGDIRRPVSSQFLGRKVDVLAFVTEEDKV
 c50,MGGAPAPDAHSAPPGNDSAAHIVMVDAYKPTKGGSEYHAPAGYQVNPPYHPVHGYEEQCSSIYIYYGALWEQETARGFQWFAVFLSALFLAFYGWHAYKASVGWEEVYVCSVELIKVILEIYFEFTSPAMLFLYGGNITPWLRYAEWLLTCPVILIHLSNITGLSEAYNKRTMALLVSCVGMIVFGMAAGLATDWLKWLLYIVSCIYGGYMYFQAAKCYVESYYIMPAGGCKKLVLAMTAVYYSSWLMFPGLFIFGPEGMHTLSVAGSTIGHTIADLLSKNIWGLLGHFLRIKIHEHIIMYGDIRRPVSSQFLGRKVDVLAFVTEEDKV
 c51,MGGAPAPDAHSAPPGNDSAAHIVMVDAYKPTKGGSEYHAPAGYQVNPPYHPVHGYEEQCSSIYIYYGALWEQETARGFQWFAVFLSALFLAFYGWHAYKASVGWEEVYVCSVELIKVILEIYFEFTSPAMLFLYGGNITPWLRYAEWLLTCPVILIHLSNITGLSEAYNKRTMALLVSDLGTICMGVTAALATGWVKWLFYCIGLVYGTQTFYNAGIIYVEANHSVPKGHCRMVVKLMAYAYFASWLMFPGLFIFGPEGMHTLSVAGSTIGHTIADLLSKNIWGLLGHFLRIKIHEHIIMYGDIRRPVSSQFLGRKVDVLAFVTEEDKV
 c52,MGGAPAPDAHSAPPGNDSAAHIVMVDAYKPTKGGSEYHAPAGYQVNPPYHPVHGYEEQCSSIYIYYGALWEQETARGFQWFAVFLSALFLAFYGWHAYKASVGWEEVYVCSVELIKVILEIYFEFTSPAMLFLYGGNITPWLRYAEWLLTCPVILIHLSNITGLSEAYNKRTMALLVSDLGTICMGVTAALATGWVKWLFYCIGLVYGTQTFYNAGIIYVESYYIMPAGGCKKLVLAMTAVYYSSWGSYPILWAVGPEGLLKLSVAGSTIGHTIADLLSKNIWGLLGHFLRIKIHEHIIMYGDIRRPVSSQFLGRKVDVLAFVTEEDKV
 c53,MGGAPAPDAHSAPPGNDSAAHIVMVDAYKPTKGGSEYHAPAGYQVNPPYHPVHGYEEQCSSIYIYYGALWEQETARGFQWFAVFLSALFLAFYGWHAYKASVGWEEVYVCSVELIKVILEIYFEFTSPAMLFLYGGNITPWLRYAEWLLTCPVILIHLSNITGLSEAYNKRTMALLVSDLGTICMGVTAALATGWVKWLFYCIGLVYGTQTFYNAGIIYVESYYIMPAGGCKKLVLAMTAVYYSSWLMFPGLFIFGPEGMHTLSPYANSIGHSICDIIAKEFWTFLAHHLRIKIHEHIIMYGDIRRPVSSQFLGRKVDVLAFVTEEDKV
 c54,MGGAPAPDAHSAPPGNDSAAHIVMVDAYKPTKGGSEYHAPAGYQVNPPYHPVHGYEEQCSSIYIYYGALWEQETARGFQWFAVFLSALFLAFYGWHAYKASVGWEEVYVCSVELIKVILEIYFEFTSPAMLFLYGGNITPWLRYAEWLLTCPVILIHLSNITGLSEAYNKRTMALLVSDLGTICMGVTAALATGWVKWLFYCIGLVYGTQTFYNAGIIYVESYYIMPAGGCKKLVLAMTAVYYSSWLMFPGLFIFGPEGMHTLSVAGSTIGHTIADLLSKNIWGLLGHFLRIKIHEHILIHGDIRKTTKMEIGGEEVEVEEFVEEEDEDTV
 c55,MGGAPAPDAHSAPPGNDSAAHIVMVDAYKPTKGGSEYHAPAGYQVNPPYHPVHGYEEQCSSIYIYYGTPGEKIGAQVCQWIAFSIAIALLTFYGFSAWKATCGWEEVYVCCVEVLFVTLEIFKEFSSPATVYLSTGNHAYCLRYFEWLLSCPVILIRLSNLSGLKNDYSKRTMGLIVSCVGMIVFGMAAGLATDWLKWLLYIVSCIYGGYMYFQAAKCYVEANHSVPKGHCRMVVKLMAYAYFASWGSYPILWAVGPEGLLKLSPYANSIGHSICDIIAKEFWTFLAHHLRIKIHEHILIHGDIRKTTKMEIGGEEVEVEEFVEEEDEDTV
 c56,MSRLVAASWLLALLLCGITSTTTASAHIVMVDAYKPTKSAPAASSTDGTAAAAVSHYAMNGFDELAKGAVVPEDHFVCGPADKCYCSAWLHSRGALWEQETARGFQWFAFSIAIALLTFYGFSAWKATCGWEEVYVCCVEVLFVTLEIFKEFSSPATVYLSTGNHAYCLRYFEWLLSCPVILIRLSNLSGLKNDYSKRTMGLIVSCVGMIVFGMAAGLATDWLKWLLYIVSCIYGGYMYFQAAKCYVEANHSVPKGHCRMVVKLMAYAYFASWGSYPILWAVGPEGLLKLSPYANSIGHSICDIIAKEFWTFLAHHLRIKIHEHILIHGDIRKTTKMEIGGEEVEVEEFVEEEDEDTV
 c57,MSRLVAASWLLALLLCGITSTTTASAHIVMVDAYKPTKSAPAASSTDGTAAAAVSHYAMNGFDELAKGAVVPEDHFVCGPADKCYCSAWLHSRGTPGEKIGAQVCQWIAVFLSALFLAFYGWHAYKASVGWEEVYVCSVELIKVILEIYFEFTSPATVYLSTGNHAYCLRYFEWLLSCPVILIRLSNLSGLKNDYSKRTMGLIVSCVGMIVFGMAAGLATDWLKWLLYIVSCIYGGYMYFQAAKCYVEANHSVPKGHCRMVVKLMAYAYFASWGSYPILWAVGPEGLLKLSPYANSIGHSICDIIAKEFWTFLAHHLRIKIHEHILIHGDIRKTTKMEIGGEEVEVEEFVEEEDEDTV
 c58,MSRLVAASWLLALLLCGITSTTTASAHIVMVDAYKPTKSAPAASSTDGTAAAAVSHYAMNGFDELAKGAVVPEDHFVCGPADKCYCSAWLHSRGTPGEKIGAQVCQWIAFSIAIALLTFYGFSAWKATCGWEEVYVCCVEVLFVTLEIFKEFSSPAMLFLYGGNITPWLRYAEWLLSCPVILIRLSNLSGLKNDYSKRTMGLIVSCVGMIVFGMAAGLATDWLKWLLYIVSCIYGGYMYFQAAKCYVEANHSVPKGHCRMVVKLMAYAYFASWGSYPILWAVGPEGLLKLSPYANSIGHSICDIIAKEFWTFLAHHLRIKIHEHILIHGDIRKTTKMEIGGEEVEVEEFVEEEDEDTV
 c59,MSRLVAASWLLALLLCGITSTTTASAHIVMVDAYKPTKSAPAASSTDGTAAAAVSHYAMNGFDELAKGAVVPEDHFVCGPADKCYCSAWLHSRGTPGEKIGAQVCQWIAFSIAIALLTFYGFSAWKATCGWEEVYVCCVEVLFVTLEIFKEFSSPATVYLSTGNHAYCLRYFEWLLTCPVILIHLSNITGLSEAYNKRTMALLVSCVGMIVFGMAAGLATDWLKWLLYIVSCIYGGYMYFQAAKCYVEANHSVPKGHCRMVVKLMAYAYFASWGSYPILWAVGPEGLLKLSPYANSIGHSICDIIAKEFWTFLAHHLRIKIHEHILIHGDIRKTTKMEIGGEEVEVEEFVEEEDEDTV
 c60,MSRLVAASWLLALLLCGITSTTTASAHIVMVDAYKPTKSAPAASSTDGTAAAAVSHYAMNGFDELAKGAVVPEDHFVCGPADKCYCSAWLHSRGTPGEKIGAQVCQWIAFSIAIALLTFYGFSAWKATCGWEEVYVCCVEVLFVTLEIFKEFSSPATVYLSTGNHAYCLRYFEWLLSCPVILIRLSNLSGLKNDYSKRTMGLIVSDLGTICMGVTAALATGWVKWLFYCIGLVYGTQTFYNAGIIYVEANHSVPKGHCRMVVKLMAYAYFASWGSYPILWAVGPEGLLKLSPYANSIGHSICDIIAKEFWTFLAHHLRIKIHEHILIHGDIRKTTKMEIGGEEVEVEEFVEEEDEDTV
 c61,MSRLVAASWLLALLLCGITSTTTASAHIVMVDAYKPTKSAPAASSTDGTAAAAVSHYAMNGFDELAKGAVVPEDHFVCGPADKCYCSAWLHSRGTPGEKIGAQVCQWIAFSIAIALLTFYGFSAWKATCGWEEVYVCCVEVLFVTLEIFKEFSSPATVYLSTGNHAYCLRYFEWLLSCPVILIRLSNLSGLKNDYSKRTMGLIVSCVGMIVFGMAAGLATDWLKWLLYIVSCIYGGYMYFQAAKCYVESYYIMPAGGCKKLVLAMTAVYYSSWGSYPILWAVGPEGLLKLSPYANSIGHSICDIIAKEFWTFLAHHLRIKIHEHILIHGDIRKTTKMEIGGEEVEVEEFVEEEDEDTV
 c62,MSRLVAASWLLALLLCGITSTTTASAHIVMVDAYKPTKSAPAASSTDGTAAAAVSHYAMNGFDELAKGAVVPEDHFVCGPADKCYCSAWLHSRGTPGEKIGAQVCQWIAFSIAIALLTFYGFSAWKATCGWEEVYVCCVEVLFVTLEIFKEFSSPATVYLSTGNHAYCLRYFEWLLSCPVILIRLSNLSGLKNDYSKRTMGLIVSCVGMIVFGMAAGLATDWLKWLLYIVSCIYGGYMYFQAAKCYVEANHSVPKGHCRMVVKLMAYAYFASWLMFPGLFIFGPEGMHTLSPYANSIGHSICDIIAKEFWTFLAHHLRIKIHEHILIHGDIRKTTKMEIGGEEVEVEEFVEEEDEDTV
 c63,MSRLVAASWLLALLLCGITSTTTASAHIVMVDAYKPTKSAPAASSTDGTAAAAVSHYAMNGFDELAKGAVVPEDHFVCGPADKCYCSAWLHSRGTPGEKIGAQVCQWIAFSIAIALLTFYGFSAWKATCGWEEVYVCCVEVLFVTLEIFKEFSSPATVYLSTGNHAYCLRYFEWLLSCPVILIRLSNLSGLKNDYSKRTMGLIVSCVGMIVFGMAAGLATDWLKWLLYIVSCIYGGYMYFQAAKCYVEANHSVPKGHCRMVVKLMAYAYFASWGSYPILWAVGPEGLLKLSVAGSTIGHTIADLLSKNIWGLLGHFLRIKIHEHILIHGDIRKTTKMEIGGEEVEVEEFVEEEDEDTV
 c64,MSRLVAASWLLALLLCGITSTTTASAHIVMVDAYKPTKSAPAASSTDGTAAAAVSHYAMNGFDELAKGAVVPEDHFVCGPADKCYCSAWLHSRGTPGEKIGAQVCQWIAFSIAIALLTFYGFSAWKATCGWEEVYVCCVEVLFVTLEIFKEFSSPATVYLSTGNHAYCLRYFEWLLSCPVILIRLSNLSGLKNDYSKRTMGLIVSCVGMIVFGMAAGLATDWLKWLLYIVSCIYGGYMYFQAAKCYVEANHSVPKGHCRMVVKLMAYAYFASWGSYPILWAVGPEGLLKLSPYANSIGHSICDIIAKEFWTFLAHHLRIKIHEHIIMYGDIRRPVSSQFLGRKVDVLAFVTEEDKV
 c65,MSRLVAASWLLALLLCGITSTTTASAHIVMVDAYKPTKSAPAASSTDGTAAAAVSHYAMNGFDELAKGAVVPEDHFVCGPADKCYCSAWLHSRGTNAEKLAANILQWIAFSIAIALLTFYGFSAWKATCGWEEVYVCCVEVLFVTLEIFKEFSSPATVYLSTGNHAYCLRYFEWLLSCPVILIRLSNLSGLKNDYSKRTMGLIVSCVGMIVFGMAAGLATDWLKWLLYIVSCIYGGYMYFQAAKCYVEANHSVPKGHCRMVVKLMAYAYFASWGSYPILWAVGPEGLLKLSPYANSIGHSICDIIAKEFWTFLAHHLRIKIHEHILIHGDIRKTTKMEIGGEEVEVEEFVEEEDEDTV
 c66,MSRLVAASWLLALLLCGITSTTTASAHIVMVDAYKPTKSAPAASSTDGTAAAAVSHYAMNGFDELAKGAVVPEDHFVCGPADKCYCSAWLHSRGTPGEKIGAQVCQWITFALSALCLMFYGYQTWKSTCGWEEIYVATIEMIKFIIEYFHEFDSPATVYLSTGNHAYCLRYFEWLLSCPVILIRLSNLSGLKNDYSKRTMGLIVSCVGMIVFGMAAGLATDWLKWLLYIVSCIYGGYMYFQAAKCYVEANHSVPKGHCRMVVKLMAYAYFASWGSYPILWAVGPEGLLKLSPYANSIGHSICDIIAKEFWTFLAHHLRIKIHEHILIHGDIRKTTKMEIGGEEVEVEEFVEEEDEDTV
 c67,MSRLVAASWLLALLLCGITSTTTASAHIVMVDAYKPTKSAPAASSTDGTAAAAVSHYAMNGFDELAKGAVVPEDHFVCGPADKCYCSAWLHSRGTPGEKIGAQVCQWIAFSIAIALLTFYGFSAWKATCGWEEVYVCCVEVLFVTLEIFKEFSEPAVIYSSNGNKTVWLRYAEWLLSCPVILIRLSNLSGLKNDYSKRTMGLIVSCVGMIVFGMAAGLATDWLKWLLYIVSCIYGGYMYFQAAKCYVEANHSVPKGHCRMVVKLMAYAYFASWGSYPILWAVGPEGLLKLSPYANSIGHSICDIIAKEFWTFLAHHLRIKIHEHILIHGDIRKTTKMEIGGEEVEVEEFVEEEDEDTV
 c68,MSRLVAASWLLALLLCGITSTTTASAHIVMVDAYKPTKSAPAASSTDGTAAAAVSHYAMNGFDELAKGAVVPEDHFVCGPADKCYCSAWLHSRGTPGEKIGAQVCQWIAFSIAIALLTFYGFSAWKATCGWEEVYVCCVEVLFVTLEIFKEFSSPATVYLSTGNHAYCLRYFEWLLTCPVILIHLSNLTGLANDYNKRTMGLLVSCVGMIVFGMAAGLATDWLKWLLYIVSCIYGGYMYFQAAKCYVEANHSVPKGHCRMVVKLMAYAYFASWGSYPILWAVGPEGLLKLSPYANSIGHSICDIIAKEFWTFLAHHLRIKIHEHILIHGDIRKTTKMEIGGEEVEVEEFVEEEDEDTV
 c69,MSRLVAASWLLALLLCGITSTTTASAHIVMVDAYKPTKSAPAASSTDGTAAAAVSHYAMNGFDELAKGAVVPEDHFVCGPADKCYCSAWLHSRGTPGEKIGAQVCQWIAFSIAIALLTFYGFSAWKATCGWEEVYVCCVEVLFVTLEIFKEFSSPATVYLSTGNHAYCLRYFEWLLSCPVILIRLSNLSGLKNDYSKRTMGLIVSDIGTIVWGTTAALSKGYVRVIFFLMGLCYGIYTFFNAAKVYIEANHSVPKGHCRMVVKLMAYAYFASWGSYPILWAVGPEGLLKLSPYANSIGHSICDIIAKEFWTFLAHHLRIKIHEHILIHGDIRKTTKMEIGGEEVEVEEFVEEEDEDTV
 c70,MSRLVAASWLLALLLCGITSTTTASAHIVMVDAYKPTKSAPAASSTDGTAAAAVSHYAMNGFDELAKGAVVPEDHFVCGPADKCYCSAWLHSRGTPGEKIGAQVCQWIAFSIAIALLTFYGFSAWKATCGWEEVYVCCVEVLFVTLEIFKEFSSPATVYLSTGNHAYCLRYFEWLLSCPVILIRLSNLSGLKNDYSKRTMGLIVSCVGMIVFGMAAGLATDWLKWLLYIVSCIYGGYMYFQAAKCYVEAYHTVPKGRCRQVVTGMAWLFFVSWGSYPILWAVGPEGLLKLSPYANSIGHSICDIIAKEFWTFLAHHLRIKIHEHILIHGDIRKTTKMEIGGEEVEVEEFVEEEDEDTV
 c71,MSRLVAASWLLALLLCGITSTTTASAHIVMVDAYKPTKSAPAASSTDGTAAAAVSHYAMNGFDELAKGAVVPEDHFVCGPADKCYCSAWLHSRGTPGEKIGAQVCQWIAFSIAIALLTFYGFSAWKATCGWEEVYVCCVEVLFVTLEIFKEFSSPATVYLSTGNHAYCLRYFEWLLSCPVILIRLSNLSGLKNDYSKRTMGLIVSCVGMIVFGMAAGLATDWLKWLLYIVSCIYGGYMYFQAAKCYVEANHSVPKGHCRMVVKLMAYAYFASWGMFPILFILGPEGFGVLSPYANSIGHSICDIIAKEFWTFLAHHLRIKIHEHILIHGDIRKTTKMEIGGEEVEVEEFVEEEDEDTV
 c72,MSRLVAASWLLALLLCGITSTTTASAHIVMVDAYKPTKSAPAASSTDGTAAAAVSHYAMNGFDELAKGAVVPEDHFVCGPADKCYCSAWLHSRGTPGEKIGAQVCQWIAFSIAIALLTFYGFSAWKATCGWEEVYVCCVEVLFVTLEIFKEFSSPATVYLSTGNHAYCLRYFEWLLSCPVILIRLSNLSGLKNDYSKRTMGLIVSCVGMIVFGMAAGLATDWLKWLLYIVSCIYGGYMYFQAAKCYVEANHSVPKGHCRMVVKLMAYAYFASWGSYPILWAVGPEGLLKLSVYGSTVGHTIIDLMSKNCWGLLGHYLRVLIHEHILIHGDIRKTTKMEIGGEEVEVEEFVEEEDEDTV
 c73,MSRLVAASWLLALLLCGITSTTTASAHIVMVDAYKPTKSAPAASSTDGTAAAAVSHYAMNGFDELAKGAVVPEDHFVCGPADKCYCSAWLHSRGTPGEKIGAQVCQWIAFSIAIALLTFYGFSAWKATCGWEEVYVCCVEVLFVTLEIFKEFSSPATVYLSTGNHAYCLRYFEWLLSCPVILIRLSNLSGLKNDYSKRTMGLIVSCVGMIVFGMAAGLATDWLKWLLYIVSCIYGGYMYFQAAKCYVEANHSVPKGHCRMVVKLMAYAYFASWGSYPILWAVGPEGLLKLSPYANSIGHSICDIIAKEFWTFLAHHLRIKIHEHILIHGDIRKTTKLNIGGTEIEVETLVEDEAEAGAV
 c74,MSRLVAASWLLALLLCGITSTTTASAHIVMVDAYKPTKSAPAASSTDGTAAAAVSHYAMNGFDELAKGAVVPEDHFVCGPADKCYCSAWLHSRGALWEQETARGFQWFAVFLSALFLAFYGWHAYKASVGWEEVYVCSVELIKVILEIYFEFTEPAVIYSSNGNKTVWLRYAEWLLSCPVILIRLSNLSGLKNDYSKRTMGLIVSDLGTICMGVTAALATGWVKWLFYCIGLVYGTQTFYNAGIIYVEAYHTVPKGRCRQVVTGMAWLFFVSWGSYPILWAVGPEGLLKLSVYGSTVGHTIIDLMSKNCWGLLGHYLRVLIHEHIIMYGDIRRPVSSQFLGRKVDVLAFVTEEDKV
 c75,MGGAPAPDAHSAPPGNDSAAHIVMVDAYKPTKGGSEYHAPAGYQVNPPYHPVHGYEEQCSSIYIYYGALWEQETARGFQWFAFSIAIALLTFYGFSAWKATCGWEEVYVCCVEVLFVTLEIFKEFSEPAVIYSSNGNKTVWLRYAEWLLTCPVILIHLSNLTGLANDYNKRTMGLLVSCVGMIVFGMAAGLATDWLKWLLYIVSCIYGGYMYFQAAKCYVESYYIMPAGGCKKLVLAMTAVYYSSWGSYPILWAVGPEGLLKLSVYGSTVGHTIIDLMSKNCWGLLGHYLRVLIHEHILIHGDIRKTTKLNIGGTEIEVETLVEDEAEAGAV
 c76,MSRLVAASWLLALLLCGITSTTTASAHIVMVDAYKPTKSAPAASSTDGTAAAAVSHYAMNGFDELAKGAVVPEDHFVCGPADKCYCSAWLHSRGALWEQETARGFQWFTFALSALCLMFYGYQTWKSTCGWEEIYVATIEMIKFIIEYFHEFDEPAVIYSSNGNKTVWLRYAEWLLSCPVILIRLSNLSGLKNDYSKRTMGLIVSDIGTIVWGTTAALSKGYVRVIFFLMGLCYGIYTFFNAAKVYIEANHSVPKGHCRMVVKLMAYAYFASWLMFPGLFIFGPEGMHTLSVYGSTVGHTIIDLMSKNCWGLLGHYLRVLIHEHIIMYGDIRRPVSSQFLGRKVDVLAFVTEEDKV
 c77,MGGAPAPDAHSAPPGNDSAAHIVMVDAYKPTKGGSEYHAPAGYQVNPPYHPVHGYEEQCSSIYIYYGTPGEKIGAQVCQWIAFSIAIALLTFYGFSAWKATCGWEEVYVCCVEVLFVTLEIFKEFSEPAVIYSSNGNKTVWLRYAEWLLTCPVILIHLSNITGLSEAYNKRTMALLVSCVGMIVFGMAAGLATDWLKWLLYIVSCIYGGYMYFQAAKCYVEAYHTVPKGRCRQVVTGMAWLFFVSWGSYPILWAVGPEGLLKLSVYGSTVGHTIIDLMSKNCWGLLGHYLRVLIHEHILIHGDIRKTTKMEIGGEEVEVEEFVEEEDEDTV
 c78,MSRLVAASWLLALLLCGITSTTTASAHIVMVDAYKPTKSAPAASSTDGTAAAAVSHYAMNGFDELAKGAVVPEDHFVCGPADKCYCSAWLHSRGTNAEKLAANILQWITFALSALCLMFYGYQTWKSTCGWEEIYVATIEMIKFIIEYFHEFDSPAMLFLYGGNITPWLRYAEWLLSCPVILIRLSNLSGLKNDYSKRTMGLIVSCVGMIVFGMAAGLATDWLKWLLYIVSCIYGGYMYFQAAKCYVESYYIMPAGGCKKLVLAMTAVYYSSWGMFPILFILGPEGFGVLSVAGSTIGHTIADLLSKNIWGLLGHFLRIKIHEHILIHGDIRKTTKMEIGGEEVEVEEFVEEEDEDTV
 c79,MSRLVAASWLLALLLCGITSTTTASAHIVMVDAYKPTKSAPAASSTDGTAAAAVSHYAMNGFDELAKGAVVPEDHFVCGPADKCYCSAWLHSRGALWEQETARGFQWFAVFLSALFLAFYGWHAYKASVGWEEVYVCSVELIKVILEIYFEFTEPAVIYSSNGNKTVWLRYAEWLLSCPVILIRLSNLSGLKNDYSKRTMGLIVSDIGTIVWGTTAALSKGYVRVIFFLMGLCYGIYTFFNAAKVYIESYYIMPAGGCKKLVLAMTAVYYSSWLMFPGLFIFGPEGMHTLSPYANSIGHSICDIIAKEFWTFLAHHLRIKIHEHILIHGDIRKTTKLNIGGTEIEVETLVEDEAEAGAV
 c80,MGGAPAPDAHSAPPGNDSAAHIVMVDAYKPTKGGSEYHAPAGYQVNPPYHPVHGYEEQCSSIYIYYGALWEQETARGFQWFAFSIAIALLTFYGFSAWKATCGWEEVYVCCVEVLFVTLEIFKEFSSPATVYLSTGNHAYCLRYFEWLLSCPVILIRLSNLSGLKNDYSKRTMGLIVSDIGTIVWGTTAALSKGYVRVIFFLMGLCYGIYTFFNAAKVYIEAYHTVPKGRCRQVVTGMAWLFFVSWGSYPILWAVGPEGLLKLSVAGSTIGHTIADLLSKNIWGLLGHFLRIKIHEHILIHGDIRKTTKMEIGGEEVEVEEFVEEEDEDTV
 c82,MSRLVAASWLLALLLCGITSTTTASAHIVMVDAYKPTKSAPAASSTDGTAAAAVSHYAMNGFDELAKGAVVPEDHFVCGPADKCYCSAWLHSRGALWEQETARGFQWFTFALSALCLMFYGYQTWKSTCGWEEIYVATIEMIKFIIEYFHEFDEPAVIYSSNGNKTVWLRYAEWLLTCPVILIHLSNITGLSEAYNKRTMALLVSDLGTICMGVTAALATGWVKWLFYCIGLVYGTQTFYNAGIIYVEANHSVPKGHCRMVVKLMAYAYFASWGMFPILFILGPEGFGVLSPYANSIGHSICDIIAKEFWTFLAHHLRIKIHEHIIMYGDIRRPVSSQFLGRKVDVLAFVTEEDKV
 c81,MGGAPAPDAHSAPPGNDSAAHIVMVDAYKPTKGGSEYHAPAGYQVNPPYHPVHGYEEQCSSIYIYYGTNAEKLAANILQWIAVFLSALFLAFYGWHAYKASVGWEEVYVCSVELIKVILEIYFEFTSPATVYLSTGNHAYCLRYFEWLLSCPVILIRLSNLSGLKNDYSKRTMGLIVSCVGMIVFGMAAGLATDWLKWLLYIVSCIYGGYMYFQAAKCYVEAYHTVPKGRCRQVVTGMAWLFFVSWGMFPILFILGPEGFGVLSVYGSTVGHTIIDLMSKNCWGLLGHYLRVLIHEHILIHGDIRKTTKLNIGGTEIEVETLVEDEAEAGAV
 c83,MGGAPAPDAHSAPPGNDSAAHIVMVDAYKPTKGGSEYHAPAGYQVNPPYHPVHGYEEQCSSIYIYYGALWEQETARGFQWFAFSIAIALLTFYGFSAWKATCGWEEVYVCCVEVLFVTLEIFKEFSSPAMLFLYGGNITPWLRYAEWLLSCPVILIRLSNLSGLKNDYSKRTMGLIVSDIGTIVWGTTAALSKGYVRVIFFLMGLCYGIYTFFNAAKVYIEAYHTVPKGRCRQVVTGMAWLFFVSWGSYPILWAVGPEGLLKLSPYANSIGHSICDIIAKEFWTFLAHHLRIKIHEHIIMYGDIRRPVSSQFLGRKVDVLAFVTEEDKV
 c84,MGGAPAPDAHSAPPGNDSAAHIVMVDAYKPTKGGSEYHAPAGYQVNPPYHPVHGYEEQCSSIYIYYGTPGEKIGAQVCQWITFALSALCLMFYGYQTWKSTCGWEEIYVATIEMIKFIIEYFHEFDSPATVYLSTGNHAYCLRYFEWLLTCPVILIHLSNITGLSEAYNKRTMALLVSCVGMIVFGMAAGLATDWLKWLLYIVSCIYGGYMYFQAAKCYVESYYIMPAGGCKKLVLAMTAVYYSSWGSYPILWAVGPEGLLKLSVYGSTVGHTIIDLMSKNCWGLLGHYLRVLIHEHILIHGDIRKTTKMEIGGEEVEVEEFVEEEDEDTV
 c85,MSRLVAASWLLALLLCGITSTTTASAHIVMVDAYKPTKSAPAASSTDGTAAAAVSHYAMNGFDELAKGAVVPEDHFVCGPADKCYCSAWLHSRGTNAEKLAANILQWIAVFLSALFLAFYGWHAYKASVGWEEVYVCSVELIKVILEIYFEFTSPAMLFLYGGNITPWLRYAEWLLSCPVILIRLSNLSGLKNDYSKRTMGLIVSDIGTIVWGTTAALSKGYVRVIFFLMGLCYGIYTFFNAAKVYIESYYIMPAGGCKKLVLAMTAVYYSSWGMFPILFILGPEGFGVLSVYGSTVGHTIIDLMSKNCWGLLGHYLRVLIHEHILIHGDIRKTTKMEIGGEEVEVEEFVEEEDEDTV
 c86,MSRLVAASWLLALLLCGITSTTTASAHIVMVDAYKPTKSAPAASSTDGTAAAAVSHYAMNGFDELAKGAVVPEDHFVCGPADKCYCSAWLHSRGTPGEKIGAQVCQWITFALSALCLMFYGYQTWKSTCGWEEIYVATIEMIKFIIEYFHEFDSPAMLFLYGGNITPWLRYAEWLLTCPVILIHLSNITGLSEAYNKRTMALLVSCVGMIVFGMAAGLATDWLKWLLYIVSCIYGGYMYFQAAKCYVESYYIMPAGGCKKLVLAMTAVYYSSWGMFPILFILGPEGFGVLSPYANSIGHSICDIIAKEFWTFLAHHLRIKIHEHILIHGDIRKTTKLNIGGTEIEVETLVEDEAEAGAV
 c87,MSRLVAASWLLALLLCGITSTTTASAHIVMVDAYKPTKSAPAASSTDGTAAAAVSHYAMNGFDELAKGAVVPEDHFVCGPADKCYCSAWLHSRGTNAEKLAANILQWIAVFLSALFLAFYGWHAYKASVGWEEVYVCSVELIKVILEIYFEFTSPAMLFLYGGNITPWLRYAEWLLTCPVILIHLSNLTGLANDYNKRTMGLLVSDIGTIVWGTTAALSKGYVRVIFFLMGLCYGIYTFFNAAKVYIEAYHTVPKGRCRQVVTGMAWLFFVSWGSYPILWAVGPEGLLKLSPYANSIGHSICDIIAKEFWTFLAHHLRIKIHEHIIMYGDIRRPVSSQFLGRKVDVLAFVTEEDKV
 c88,MGGAPAPDAHSAPPGNDSAAHIVMVDAYKPTKGGSEYHAPAGYQVNPPYHPVHGYEEQCSSIYIYYGTNAEKLAANILQWITFALSALCLMFYGYQTWKSTCGWEEIYVATIEMIKFIIEYFHEFDEPAVIYSSNGNKTVWLRYAEWLLTCPVILIHLSNLTGLANDYNKRTMGLLVSDIGTIVWGTTAALSKGYVRVIFFLMGLCYGIYTFFNAAKVYIESYYIMPAGGCKKLVLAMTAVYYSSWGSYPILWAVGPEGLLKLSPYANSIGHSICDIIAKEFWTFLAHHLRIKIHEHILIHGDIRKTTKMEIGGEEVEVEEFVEEEDEDTV
 c89,MGGAPAPDAHSAPPGNDSAAHIVMVDAYKPTKGGSEYHAPAGYQVNPPYHPVHGYEEQCSSIYIYYGTPGEKIGAQVCQWITFALSALCLMFYGYQTWKSTCGWEEIYVATIEMIKFIIEYFHEFDEPAVIYSSNGNKTVWLRYAEWLLSCPVILIRLSNLSGLKNDYSKRTMGLIVSDLGTICMGVTAALATGWVKWLFYCIGLVYGTQTFYNAGIIYVEANHSVPKGHCRMVVKLMAYAYFASWGMFPILFILGPEGFGVLSVAGSTIGHTIADLLSKNIWGLLGHFLRIKIHEHIIMYGDIRRPVSSQFLGRKVDVLAFVTEEDKV
 c90,MSRLVAASWLLALLLCGITSTTTASAHIVMVDAYKPTKSAPAASSTDGTAAAAVSHYAMNGFDELAKGAVVPEDHFVCGPADKCYCSAWLHSRGTPGEKIGAQVCQWIAVFLSALFLAFYGWHAYKASVGWEEVYVCSVELIKVILEIYFEFTSPATVYLSTGNHAYCLRYFEWLLTCPVILIHLSNITGLSEAYNKRTMALLVSCVGMIVFGMAAGLATDWLKWLLYIVSCIYGGYMYFQAAKCYVESYYIMPAGGCKKLVLAMTAVYYSSWGMFPILFILGPEGFGVLSVYGSTVGHTIIDLMSKNCWGLLGHYLRVLIHEHILIHGDIRKTTKLNIGGTEIEVETLVEDEAEAGAV
 c91,MGGAPAPDAHSAPPGNDSAAHIVMVDAYKPTKGGSEYHAPAGYQVNPPYHPVHGYEEQCSSIYIYYGTPGEKIGAQVCQWITFALSALCLMFYGYQTWKSTCGWEEIYVATIEMIKFIIEYFHEFDEPAVIYSSNGNKTVWLRYAEWLLTCPVILIHLSNLTGLANDYNKRTMGLLVSDLGTICMGVTAALATGWVKWLFYCIGLVYGTQTFYNAGIIYVEANHSVPKGHCRMVVKLMAYAYFASWGSYPILWAVGPEGLLKLSVYGSTVGHTIIDLMSKNCWGLLGHYLRVLIHEHILIHGDIRKTTKMEIGGEEVEVEEFVEEEDEDTV
 c92,MGGAPAPDAHSAPPGNDSAAHIVMVDAYKPTKGGSEYHAPAGYQVNPPYHPVHGYEEQCSSIYIYYGTPGEKIGAQVCQWIAFSIAIALLTFYGFSAWKATCGWEEVYVCCVEVLFVTLEIFKEFSEPAVIYSSNGNKTVWLRYAEWLLTCPVILIHLSNITGLSEAYNKRTMALLVSDIGTIVWGTTAALSKGYVRVIFFLMGLCYGIYTFFNAAKVYIEANHSVPKGHCRMVVKLMAYAYFASWGSYPILWAVGPEGLLKLSVAGSTIGHTIADLLSKNIWGLLGHFLRIKIHEHILIHGDIRKTTKLNIGGTEIEVETLVEDEAEAGAV
 c93,MSRLVAASWLLALLLCGITSTTTASAHIVMVDAYKPTKSAPAASSTDGTAAAAVSHYAMNGFDELAKGAVVPEDHFVCGPADKCYCSAWLHSRGALWEQETARGFQWFTFALSALCLMFYGYQTWKSTCGWEEIYVATIEMIKFIIEYFHEFDSPATVYLSTGNHAYCLRYFEWLLSCPVILIRLSNLSGLKNDYSKRTMGLIVSCVGMIVFGMAAGLATDWLKWLLYIVSCIYGGYMYFQAAKCYVEAYHTVPKGRCRQVVTGMAWLFFVSWLMFPGLFIFGPEGMHTLSVAGSTIGHTIADLLSKNIWGLLGHFLRIKIHEHILIHGDIRKTTKMEIGGEEVEVEEFVEEEDEDTV
 c94,MSRLVAASWLLALLLCGITSTTTASAHIVMVDAYKPTKSAPAASSTDGTAAAAVSHYAMNGFDELAKGAVVPEDHFVCGPADKCYCSAWLHSRGALWEQETARGFQWFAFSIAIALLTFYGFSAWKATCGWEEVYVCCVEVLFVTLEIFKEFSSPAMLFLYGGNITPWLRYAEWLLTCPVILIHLSNLTGLANDYNKRTMGLLVSDIGTIVWGTTAALSKGYVRVIFFLMGLCYGIYTFFNAAKVYIEANHSVPKGHCRMVVKLMAYAYFASWLMFPGLFIFGPEGMHTLSPYANSIGHSICDIIAKEFWTFLAHHLRIKIHEHIIMYGDIRRPVSSQFLGRKVDVLAFVTEEDKV
 c95,MSRLVAASWLLALLLCGITSTTTASAHIVMVDAYKPTKSAPAASSTDGTAAAAVSHYAMNGFDELAKGAVVPEDHFVCGPADKCYCSAWLHSRGTNAEKLAANILQWITFALSALCLMFYGYQTWKSTCGWEEIYVATIEMIKFIIEYFHEFDSPAMLFLYGGNITPWLRYAEWLLSCPVILIRLSNLSGLKNDYSKRTMGLIVSDLGTICMGVTAALATGWVKWLFYCIGLVYGTQTFYNAGIIYVEAYHTVPKGRCRQVVTGMAWLFFVSWLMFPGLFIFGPEGMHTLSPYANSIGHSICDIIAKEFWTFLAHHLRIKIHEHILIHGDIRKTTKMEIGGEEVEVEEFVEEEDEDTV
 c96,MSRLVAASWLLALLLCGITSTTTASAHIVMVDAYKPTKSAPAASSTDGTAAAAVSHYAMNGFDELAKGAVVPEDHFVCGPADKCYCSAWLHSRGTNAEKLAANILQWIAVFLSALFLAFYGWHAYKASVGWEEVYVCSVELIKVILEIYFEFTSPATVYLSTGNHAYCLRYFEWLLTCPVILIHLSNLTGLANDYNKRTMGLLVSCVGMIVFGMAAGLATDWLKWLLYIVSCIYGGYMYFQAAKCYVEAYHTVPKGRCRQVVTGMAWLFFVSWGSYPILWAVGPEGLLKLSVAGSTIGHTIADLLSKNIWGLLGHFLRIKIHEHIIMYGDIRRPVSSQFLGRKVDVLAFVTEEDKV
 c97,MGGAPAPDAHSAPPGNDSAAHIVMVDAYKPTKGGSEYHAPAGYQVNPPYHPVHGYEEQCSSIYIYYGALWEQETARGFQWFTFALSALCLMFYGYQTWKSTCGWEEIYVATIEMIKFIIEYFHEFDSPATVYLSTGNHAYCLRYFEWLLSCPVILIRLSNLSGLKNDYSKRTMGLIVSDLGTICMGVTAALATGWVKWLFYCIGLVYGTQTFYNAGIIYVESYYIMPAGGCKKLVLAMTAVYYSSWGSYPILWAVGPEGLLKLSPYANSIGHSICDIIAKEFWTFLAHHLRIKIHEHILIHGDIRKTTKLNIGGTEIEVETLVEDEAEAGAV
 c98,MGGAPAPDAHSAPPGNDSAAHIVMVDAYKPTKGGSEYHAPAGYQVNPPYHPVHGYEEQCSSIYIYYGTNAEKLAANILQWIAVFLSALFLAFYGWHAYKASVGWEEVYVCSVELIKVILEIYFEFTEPAVIYSSNGNKTVWLRYAEWLLTCPVILIHLSNITGLSEAYNKRTMALLVSDIGTIVWGTTAALSKGYVRVIFFLMGLCYGIYTFFNAAKVYIEANHSVPKGHCRMVVKLMAYAYFASWLMFPGLFIFGPEGMHTLSPYANSIGHSICDIIAKEFWTFLAHHLRIKIHEHIIMYGDIRRPVSSQFLGRKVDVLAFVTEEDKV
 c99,MSRLVAASWLLALLLCGITSTTTASAHIVMVDAYKPTKSAPAASSTDGTAAAAVSHYAMNGFDELAKGAVVPEDHFVCGPADKCYCSAWLHSRGTPGEKIGAQVCQWITFALSALCLMFYGYQTWKSTCGWEEIYVATIEMIKFIIEYFHEFDSPAMLFLYGGNITPWLRYAEWLLTCPVILIHLSNLTGLANDYNKRTMGLLVSCVGMIVFGMAAGLATDWLKWLLYIVSCIYGGYMYFQAAKCYVESYYIMPAGGCKKLVLAMTAVYYSSWLMFPGLFIFGPEGMHTLSVYGSTVGHTIIDLMSKNCWGLLGHYLRVLIHEHIIMYGDIRRPVSSQFLGRKVDVLAFVTEEDKV
 c100,MSRLVAASWLLALLLCGITSTTTASAHIVMVDAYKPTKSAPAASSTDGTAAAAVSHYAMNGFDELAKGAVVPEDHFVCGPADKCYCSAWLHSRGALWEQETARGFQWFAFSIAIALLTFYGFSAWKATCGWEEVYVCCVEVLFVTLEIFKEFSEPAVIYSSNGNKTVWLRYAEWLLTCPVILIHLSNITGLSEAYNKRTMALLVSCVGMIVFGMAAGLATDWLKWLLYIVSCIYGGYMYFQAAKCYVEANHSVPKGHCRMVVKLMAYAYFASWGMFPILFILGPEGFGVLSVAGSTIGHTIADLLSKNIWGLLGHFLRIKIHEHILIHGDIRKTTKLNIGGTEIEVETLVEDEAEAGAV
 c101,MGGAPAPDAHSAPPGNDSAAHIVMVDAYKPTKGGSEYHAPAGYQVNPPYHPVHGYEEQCSSIYIYYGALWEQETARGFQWFAFSIAIALLTFYGFSAWKATCGWEEVYVCCVEVLFVTLEIFKEFSSPATVYLSTGNHAYCLRYFEWLLTCPVILIHLSNITGLSEAYNKRTMALLVSDLGTICMGVTAALATGWVKWLFYCIGLVYGTQTFYNAGIIYVEAYHTVPKGRCRQVVTGMAWLFFVSWGMFPILFILGPEGFGVLSPYANSIGHSICDIIAKEFWTFLAHHLRIKIHEHIIMYGDIRRPVSSQFLGRKVDVLAFVTEEDKV
 c102,MGGAPAPDAHSAPPGNDSAAHIVMVDAYKPTKGGSEYHAPAGYQVNPPYHPVHGYEEQCSSIYIYYGTNAEKLAANILQWITFALSALCLMFYGYQTWKSTCGWEEIYVATIEMIKFIIEYFHEFDSPATVYLSTGNHAYCLRYFEWLLTCPVILIHLSNLTGLANDYNKRTMGLLVSCVGMIVFGMAAGLATDWLKWLLYIVSCIYGGYMYFQAAKCYVESYYIMPAGGCKKLVLAMTAVYYSSWGMFPILFILGPEGFGVLSVAGSTIGHTIADLLSKNIWGLLGHFLRIKIHEHIIMYGDIRRPVSSQFLGRKVDVLAFVTEEDKV
 c103,MGGAPAPDAHSAPPGNDSAAHIVMVDAYKPTKGGSEYHAPAGYQVNPPYHPVHGYEEQCSSIYIYYGTNAEKLAANILQWIAFSIAIALLTFYGFSAWKATCGWEEVYVCCVEVLFVTLEIFKEFSSPAMLFLYGGNITPWLRYAEWLLSCPVILIRLSNLSGLKNDYSKRTMGLIVSDLGTICMGVTAALATGWVKWLFYCIGLVYGTQTFYNAGIIYVEANHSVPKGHCRMVVKLMAYAYFASWLMFPGLFIFGPEGMHTLSVYGSTVGHTIIDLMSKNCWGLLGHYLRVLIHEHILIHGDIRKTTKLNIGGTEIEVETLVEDEAEAGAV
 n1,MSRRPWLLALALAVALAAGSAGAAHIVMVDAYKPTKSTGSDATVPVATQDGPDYVFHRAHERMLFQTSYTLENNGSVICIPNNGQCFCLAWLKSNGALWEQETARGFQWFAVFLSALFLAFYGWHAYKASVGWEEVYVCSVELIKVILEIYFEFTEPAVIYSSGGNKTVWLRYAEWLLTCPVILIHLSNITGLSEAYNKRTMALLVSDLGTICMGVTAALATGWVKWLFYCIGLVYGTQTFYNAGIIYVESYYIMPAGGCKKLVLAMTAVYYSSWLMFPGLFIFGPEGMHTLSVAGSTIGHTIADLLSKNIWGLLGHFLRIKIHEHIIMYGDIRRPVSSQFLGRKVDVLAFVTEEDKV
 n2,MSRRPWLLALALAVALAAGSAGAAHIVMVDAYKPTKSTGSDATVPVATQDGPDYVFHRAHERMLFQTSYTLENNGSVICIPNNGQCFCLAWLKSNGTPGEKIGAQVCQWIAFSIAIALLTFYGFSAWKATCGWEEVYVCCVEVLFVTLEIFKEFSEPAVIYSSTGNKTVCLRYFEWLLSCPVILIRLSNLSGLKNDYSKRTMGLIVSCVGMIVFGMAAGLATDWLKWLLYIVSCIYGGYMYFQAAKCYVEANHSVPKGHCRMVVKLMAYAYFASWGSYPILWAVGPEGLLKLSPYANSIGHSICDIIAKEFWTFLAHHLRIKIHEHILIHGDIRKTTKMEIGGEEVEVEEFVEEEDEDTV
 n3,MSRRPWLLALALAVALAAGSAGAAHIVMVDAYKPTKSTGSDATVPVATQDGPDYVFHRAHERMLFQTSYTLENNGSVICIPNNGQCFCLAWLKSNGTNAEKLAANILQWITFALSALCLMFYGYQTWKSTCGWEEIYVATIEMIKFIIEYFHEFDEPAVIYSSNGNKTVWLRYAEWLLTCPVILIHLSNLTGLANDYNKRTMGLLVSDIGTIVWGTTAALSKGYVRVIFFLMGLCYGIYTFFNAAKVYIEAYHTVPKGRCRQVVTGMAWLFFVSWGMFPGLFIFGPEGMHTLSVYGSTVGHTIIDLMSKNCWGLLGHYLRVLIHEHILIHGDIRKTTKLNIGGTEIEVETLVEDEAEAGAV
 n4,MSRRPWLLALALAVALAAGSAGAAHIVMVDAYKPTKSTGSDATVPVATQDGPDYVFHRAHERMLFQTSYTLENNGSVICIPNNGQCFCLAWLKSNGALWEQETARGFQWFAFFLSALFLAFYGYQTWKSTCGWEEIYVATIEMIKFIIEYFHEFDEPAVIYSSNGNKTVWLRYAEWLLTCPVILIHLSNLTGLANDYNKRTMGLLVSDIGTIVWGTTAALSKGYVRVIFFLMGLCYGIYTFFNAAKVYIEAYHTVPKGRCRQVVTGMAWLFFVSWGMFPILFILGPEGFGVLSVAGSTIGHTIADLLSKNIWGLLGHYLRVLIHEHILIHGDIRKTTKLNIGGTEIEVETLVEDEAEAGAV
 n5,MSRRPWLLALALAVALAAGSAGAAHIVMVDAYKPTKSTGSDATVPVATQDGPDYVFHRAHERMLFQTSYTLENNGSVICIPNNGQCFCLAWLKSNGTNAEKLAANILQWITVALSALCLMFYGWHAYKASVGWEEVYVCSVELIKVILEIYFEFTEPAVIYSSNGNKTVWLRYAEWLLTCPVILIHLSNLTGLANDYNKRTMGLLVSDIGTIVWGTTAALSKGYVRVIFFLMGLCYGIYTFFNAAKVYIEAYHTVPKGRCRQVVTGMAWLFFVSWGMFPILFILGPEGFGVLSVYGSTVGHTIIDLMSKNCWGLLGHYLRVLIHEHILIHGDIRKTTKLNIGGTEIEVETLVEDEAEAGAV
 n6,MSRRPWLLALALAVALAAGSAGAAHIVMVDAYKPTKSTGSDATVPVATQDGPDYVFHRAHERMLFQTSYTLENNGSVICIPNNGQCFCLAWLKSNGTNAEKLAANILQWITFALSALCLMFYGYQTWKSTCGWEEIYVATIEMIKFIIEYFHEFDEPAVIYSSNGNKTVWLRYAEWLLTCPVILIHLSNLTGLSEAYNKRTMGLLVSDIGTIVWGTTAALSKGYVRVIFFLMGLCYGIYTFFNAAKVYIEAYHTVPKGRCRQVVTGMAWLFFVSWGMFPILFILGPEGFGVLSVYGSTVGHTIIDLMSKNCWGLLGHYLRVLIHEHILIHGDIRKTTKLNIGGTEIEVETLVEDEAEAGAV
 n7,MSRRPWLLALALAVALAAGSAGAAHIVMVDAYKPTKSTGSDATVPVATQDGPDYVFHRAHERMLFQTSYTLENNGSVICIPNNGQCFCLAWLKSNGTNAEKLAANILQWITFALSALCLMFYGYQTWKSTCGWEEIYVATIEMIKFIIEYFHEFDEPAVIYSSNGNKTVWLRYAEWLLTCPVILIHLSNITGLANDYNKRTMGLLVSDIGTIVWGTTAALSKGYVRVIFFLMGLCYGIYTFFNAAKVYIESYYIMPKGRCRQVVTGMAWLFFVSWGMFPILFILGPEGFGVLSVYGSTVGHTIIDLMSKNCWGLLGHYLRVLIHEHIIMYGDIRRPVSSQFLGRKVDVLAFVTEEDKV
 n8,MSRRPWLLALALAVALAAGSAGAAHIVMVDAYKPTKSTGSDATVPVATQDGPDYVFHRAHERMLFQTSYTLENNGSVICIPNNGQCFCLAWLKSNGTNAEKLAANILQWITFALSALCLMFYGYQTWKSTCGWEEIYVATIEMIKFIIEYFHEFDEPAVIYSSNGNKTVWLRYAEWLLTCPVILIHLSNLTGLANDYNKRTMGLLVSDIGTIVWGTTAALSKGYVRVIFFLMGLCYGIYTFFNAAKVYIEAYHTVPAGGCKKLVLAMTAVYYSSWLMFPILFILGPEGFGVLSVYGSTVGHTIIDLMSKNCWGLLGHFLRIKIHEHILIHGDIRKTTKLNIGGTEIEVETLVEDEAEAGAV
 n9,MSRRPWLLALALAVALAAGSAGAAHIVMVDAYKPTKSTGSDATVPVATQDGPDYVFHRAHERMLFQTSYTLENNGSVICIPNNGQCFCLAWLKSNGTNAEKLAANILQWITFALSALCLMFYGYQTWKSTCGWEEIYVATIEMIKFIIEYFHEFDEPAVIYSSNGNKTVWLRYAEWLLTCPVILIHLSNLTGLANDYNKRTMGLLVSDLGTICMGVTAALSKGYVRVIFFLMGLCYGIYTFFNAAKVYIEAYHTVPKGRCRQVVTGMAWLFFVSWGMFPILFILGPEGFGVLSVYGSTVGHTIIDLMSKNCWGLLGHYLRVLIHEHILIHGDIRKTTKLNIGGTEIEVETLVEDEAEAGAV
 n10,MSRRPWLLALALAVALAAGSAGAAHIVMVDAYKPTKSTGSDATVPVATQDGPDYVFHRAHERMLFQTSYTLENNGSVICIPNNGQCFCLAWLKSNGTNAEKLAANILQWITFALSALCLMFYGYQTWKSTCGWEEIYVATIEMIKFIIEYFHEFDEPAVIYSSGGNKTVWLRYAEWLLTCPVILIHLSNLTGLANDYNKRTMGLLVSDIGTIVWGTTAALATGWVKWLFYCIGLVYGIYTFFNAAKVYIEAYHTVPKGRCRQVVTGMAWLFFVSWGMFPILFILGPEGFGVLSVYGSTVGHTIIDLMSKNCWGLLGHYLRVLIHEHILIHGDIRKTTKLNIGGTEIEVETLVEDEAEAGAV
 n11,MSRRPWLLALALAVALAAGSAGAAHIVMVDAYKPTKSTGSDATVPVATQDGPDYVFHRAHERMLFQTSYTLENNGSVICIPNNGQCFCLAWLKSNGTNAEKLAANILQWITFALSALCLMFYGYQTWKSTCGWEEIYVATIEMIKFIIEYFHEFDEPAVIYSSNGNKTVWLRYAEWLLTCPVILIHLSNLTGLANDYNKRTMALLVSDIGTIVWGTTAALSKGYVRVIFFLMGLCYGTQTFYNAGIIYVEAYHTVPKGRCRQVVTGMAWLFFVSWGMFPILFILGPEGFGVLSVYGSTVGHTIIDLMSKNCWGLLGHYLRVLIHEHILIHGDIRKTTKLNIGGTEIEVETLVEDEAEAGAV
 n12,MSRRPWLLALALAVALAAGSAGAAHIVMVDAYKPTKSTGSDATVPVATQDGPDYVFHRAHERMLFQTSYTLENNGSVICIPNNGQCFCLAWLKSNGTNAEKLAANILQWITFALSALCLMFYGYQTWKSTCGWEEIYVATIEMIKFIIEYFHEFDEPAVIYSSNGNKTVWLRYAEWLLTCPVILIHLSNLTGLANDYNKRTMGLLVSDIGTIVWGTTAALSKGYVRVIFFLMGLCYGIYTFFNAAKVYIEAYHTVPKGRCRQVVTGMAWLFFVSWGMFPILWAVGPEGLLKLSVYGSTVGHTIIDLMSKNCWGLLGHYLRVLIHEHILIHGDIRKTTKLNIGGTEIEVETLVEDEAEAGAV
 n13,MSRRPWLLALALAVALAAGSAGAAHIVMVDAYKPTKSTGSDATVPVATQDGPDYVFHRAHERMLFQTSYTLENNGSVICIPNNGQCFCLAWLKSNGTPGEKIGAQVCQWIAFSIAIALLTFYGYQTWKSTCGWEEIYVATIEMIKFIIEYFHEFDEPAVIYSSNGNKTVWLRYAEWLLTCPVILIRLSNLTGLANDYNKRTMGLLVSDIGTIVWGTTAALSKGYVRVIFFLMGLCYGIYTFFNAAKVYIEAYHTVPKGRCRQVVTGMAWLFFVSWGSYPILFILGPEGFGVLSPYANSIGHSICDIIAKEFWTFLAHYLRVLIHEHILIHGDIRKTTKLNIGGTEIEVETLVEDEAEAGAV
 n14,MSRRPWLLALALAVALAAGSAGAAHIVMVDAYKPTKSTGSDATVPVATQDGPDYVFHRAHERMLFQTSYTLENNGSVICIPNNGQCFCLAWLKSNGTNAEKLAANILQWITFALSALCLMFYGFSAWKATCGWEEVYVCCVEVLFVTLEIFKEFSEPAVIYSSNGNKTVWLRYAEWLLSCPVILIHLSNLTGLANDYNKRTMGLLVSDIGTIVWGTTAALSKGYVRVIFFLMGLCYGIYTFFNAAKVYIEAYHTVPKGRCRQVVTGMAWLFFVSWGMFPILFILGPEGFGVLSVYGSTVGHTIIDLMSKNCWGLLGHYLRVLIHEHILIHGDIRKTTKLNIGGTEIEVETLVEDEAEAGAV
 n15,MSRRPWLLALALAVALAAGSAGAAHIVMVDAYKPTKSTGSDATVPVATQDGPDYVFHRAHERMLFQTSYTLENNGSVICIPNNGQCFCLAWLKSNGTNAEKLAANILQWITFALSALCLMFYGYQTWKSTCGWEEIYVATIEMIKFIIEYFHEFDEPAVIYSSNGNKTVWLRYAEWLLTCPVILIHLSNLTGLKNDYSKRTMGLLVSDIGTIVWGTTAALSKGYVRVIFFLMGLCYGIYTFFNAAKVYIEAYHTVPKGRCRQVVTGMAWLFFVSWGMFPILFILGPEGFGVLSVYGSTVGHTIIDLMSKNCWGLLGHYLRVLIHEHILIHGDIRKTTKLNIGGTEIEVETLVEDEAEAGAV
 n16,MSRRPWLLALALAVALAAGSAGAAHIVMVDAYKPTKSTGSDATVPVATQDGPDYVFHRAHERMLFQTSYTLENNGSVICIPNNGQCFCLAWLKSNGTNAEKLAANILQWITFALSALCLMFYGYQTWKSTCGWEEIYVATIEMIKFIIEYFHEFDEPAVIYSSNGNKTVWLRYAEWLLTCPVILIHLSNLSGLANDYNKRTMGLLVSDIGTIVWGTTAALSKGYVRVIFFLMGLCYGIYTFFNAAKVYIEANHSVPKGRCRQVVTGMAWLFFVSWGMFPILFILGPEGFGVLSVYGSTVGHTIIDLMSKNCWGLLGHYLRVLIHEHILIHGDIRKTTKMEIGGEEVEVEEFVEEEDEDTV
 n17,MSRRPWLLALALAVALAAGSAGAAHIVMVDAYKPTKSTGSDATVPVATQDGPDYVFHRAHERMLFQTSYTLENNGSVICIPNNGQCFCLAWLKSNGTNAEKLAANILQWITFALSALCLMFYGYQTWKSTCGWEEIYVATIEMIKFIIEYFHEFDEPAVIYSSNGNKTVWLRYAEWLLTCPVILIHLSNLTGLANDYNKRTMGLLVSDIGTIVWGTTAALSKGYVRVIFFLMGLCYGIYTFFNAAKVYIEAYHTVPKGHCRMVVKLMAYAYFASWGMFPILFILGPEGFGVLSVYGSTVGHTIIDLMSKNCWGLLGHHLRIKIHEHILIHGDIRKTTKLNIGGTEIEVETLVEDEAEAGAV
 n18,MSRRPWLLALALAVALAAGSAGAAHIVMVDAYKPTKSTGSDATVPVATQDGPDYVFHRAHERMLFQTSYTLENNGSVICIPNNGQCFCLAWLKSNGTNAEKLAANILQWITFALSALCLMFYGYQTWKSTCGWEEIYVATIEMIKFIIEYFHEFDEPAVIYSSNGNKTVCLRYFEWLLTCPVILIHLSNLTGLANDYNKRTMGLIVSCVGMIVFGMAAGLSKGYVRVIFFLMGLCYGIYTFFNAAKVYIEAYHTVPKGRCRQVVTGMAWLFFVSWGMFPILFILGPEGFGVLSVYGSTVGHTIIDLMSKNCWGLLGHYLRVLIHEHILIHGDIRKTTKLNIGGTEIEVETLVEDEAEAGAV
 n19,MSRRPWLLALALAVALAAGSAGAAHIVMVDAYKPTKSTGSDATVPVATQDGPDYVFHRAHERMLFQTSYTLENNGSVICIPNNGQCFCLAWLKSNGTNAEKLAANILQWITFALSALCLMFYGYQTWKSTCGWEEIYVATIEMIKFIIEYFHEFDEPAVIYSSTGNKTVWLRYAEWLLTCPVILIHLSNLTGLANDYNKRTMGLLVSDIGTIVWGTTAALATDWLKWLLYIVSCIYGIYTFFNAAKVYIEAYHTVPKGRCRQVVTGMAWLFFVSWGMFPILFILGPEGFGVLSVYGSTVGHTIIDLMSKNCWGLLGHYLRVLIHEHILIHGDIRKTTKLNIGGTEIEVETLVEDEAEAGAV
 n20,MSRRPWLLALALAVALAAGSAGAAHIVMVDAYKPTKSTGSDATVPVATQDGPDYVFHRAHERMLFQTSYTLENNGSVICIPNNGQCFCLAWLKSNGTNAEKLAANILQWITFALSALCLMFYGYQTWKSTCGWEEIYVATIEMIKFIIEYFHEFDEPAVIYSSNGNKTVWLRYAEWLLTCPVILIHLSNLTGLANDYNKRTMGLLVSDIGTIVWGTTAALSKGYVRVIFFLMGLCYGGYMYFQAAKCYVEAYHTVPKGRCRQVVTGMAWLFFVSWGMFPILFILGPEGFGVLSVYGSTVGHTIIDLMSKNCWGLLGHYLRVLIHEHILIHGDIRKTTKLNIGGTEIEVETLVEDEAEAGAV
 n21,MSRRPWLLALALAVALAAGSAGAAHIVMVDAYKPTKSTGSDATVPVATQDGPDYVFHRAHERMLFQTSYTLENNGSVICIPNNGQCFCLAWLKSNGTPGEKIGAQVCQWIAFSIAIALLTFYGYQTWKSTCGWEEIYVATIEMIKFIIEYFHEFDEPAVIYSSNGNKTVCLRYFEWLLTCPVILIRLSNLTGLKNDYSKRTMGLIVSCVGMIVFGMAAGLSKGYVRVIFFLMGLCYGGYMYFQAAKCYVEAYHTVPKGRCRQVVTGMAWLFFVSWGSYPILWAVGPEGLLKLSPYANSIGHSICDIIAKEFWTFLAHYLRVLIHEHILIHGDIRKTTKLNIGGTEIEVETLVEDEAEAGAV
 n22,MSRRPWLLALALAVALAAGSAGAAHIVMVDAYKPTKSTGSDATVPVATQDGPDYVFHRAHERMLFQTSYTLENNGSVICIPNNGQCFCLAWLKSNGTNAEKLAANILQWITFALSALCLMFYGFSAWKATCGWEEVYVCCVEVLFVTLEIFKEFSEPAVIYSSTGNKTVWLRYAEWLLSCPVILIHLSNLSGLANDYNKRTMGLLVSDIGTIVWGTTAALATDWLKWLLYIVSCIYGIYTFFNAAKVYIEANHSVPKGHCRMVVKLMAYAYFASWGMFPILFILGPEGFGVLSVYGSTVGHTIIDLMSKNCWGLLGHHLRIKIHEHILIHGDIRKTTKMEIGGEEVEVEEFVEEEDEDTV
 n23,MSRRPWLLALALAVALAAGSAGAAHIVMVDAYKPTKSTGSDATVPVATQDGPDYVFHRAHERMLFQTSYTLENNGSVICIPNNGQCFCLAWLKSNGTPGEKIGAQVCQWIAFSIAIALLTFYGFSAWKATCGWEEVYVCCVEVLFVTLEIFKEFSEPAVIYSSTGNKTVCLRYFEWLLSCPVILIRLSNITGLSEAYNKRTMALIVSCVGMIVFGMAAGLATDWLKWLLYIVSCIYGTQTFYNAGIIYVESYYIMPKGHCRMVVKLMAYAYFASWGSYPGLFIFGPEGMHTLSPYANSIGHSICDIIAKEFWTFLAHHLRIKIHEHIIMYGDIRRPVSSQFLGRKVDVLAFVTEEDKV
 n24,MSRRPWLLALALAVALAAGSAGAAHIVMVDAYKPTKSTGSDATVPVATQDGPDYVFHRAHERMLFQTSYTLENNGSVICIPNNGQCFCLAWLKSNGTNAEKLAANILQWITFALSALCLMFYGYQTWKSTCGWEEIYVATIEMIKFIIEYFHEFDEPAVIYSSTGNKTVCLRYFEWLLTCPVILIHLSNITGLKNDYSKRTMGLIVSCVGMIVFGMAAGLATDWLKWLLYIVSCIYGGYMYFQAAKCYVESYYIMPAGGCKKLVLAMTAVYYSSWLMFPILWAVGPEGLLKLSVYGSTVGHTIIDLMSKNCWGLLGHFLRIKIHEHIIMYGDIRRPVSSQFLGRKVDVLAFVTEEDKV
 n25,MSRRPWLLALALAVALAAGSAGAAHIVMVDAYKPTKSTGSDATVPVATQDGPDYVFHRAHERMLFQTSYTLENNGSVICIPNNGQCFCLAWLKSNGALWEQETARGFQWFAFFLSALFLAFYGFSAWKATCGWEEVYVCCVEVLFVTLEIFKEFSEPAVIYSSNGNKTVCLRYFEWLLSCPVILIHLSNITGLKNDYSKRTMGLIVSCVGMIVFGMAAGLSKGYVRVIFFLMGLCYGIYTFFNAAKVYIESYYIMPKGRCRQVVTGMAWLFFVSWGMFPILFILGPEGFGVLSVAGSTIGHTIADLLSKNIWGLLGHYLRVLIHEHIIMYGDIRRPVSSQFLGRKVDVLAFVTEEDKV
 n26,MSRRPWLLALALAVALAAGSAGAAHIVMVDAYKPTKSTGSDATVPVATQDGPDYVFHRAHERMLFQTSYTLENNGSVICIPNNGQCFCLAWLKSNGTPGEKIGAQVCQWIAVSIAIALLTFYGWHAYKASVGWEEVYVCSVELIKVILEIYFEFTEPAVIYSSNGNKTVWLRYAEWLLTCPVILIRLSNITGLKNDYSKRTMGLLVSDIGTIVWGTTAALSKGYVRVIFFLMGLCYGIYTFFNAAKVYIESYYIMPAGGCKKLVLAMTAVYYSSWLSYPILFILGPEGFGVLSPYANSIGHSICDIIAKEFWTFLAHFLRIKIHEHIIMYGDIRRPVSSQFLGRKVDVLAFVTEEDKV
 n27,MSRRPWLLALALAVALAAGSAGAAHIVMVDAYKPTKSTGSDATVPVATQDGPDYVFHRAHERMLFQTSYTLENNGSVICIPNNGQCFCLAWLKSNGTNAEKLAANILQWITFALSALCLMFYGYQTWKSTCGWEEIYVATIEMIKFIIEYFHEFDEPAVIYSSNGNKTVWLRYAEWLLTCPVILIHLSNITGLSEAYNKRTMALLVSDIGTIVWGTTAALSKGYVRVIFFLMGLCYGTQTFYNAGIIYVESYYIMPKGRCRQVVTGMAWLFFVSWGMFPGLFIFGPEGMHTLSVYGSTVGHTIIDLMSKNCWGLLGHYLRVLIHEHIIMYGDIRRPVSSQFLGRKVDVLAFVTEEDKV
 n28,MSRRPWLLALALAVALAAGSAGAAHIVMVDAYKPTKSTGSDATVPVATQDGPDYVFHRAHERMLFQTSYTLENNGSVICIPNNGQCFCLAWLKSNGTNAEKLAANILQWITVALSALCLMFYGWHAYKASVGWEEVYVCSVELIKVILEIYFEFTEPAVIYSSNGNKTVCLRYFEWLLTCPVILIHLSNLTGLSEAYNKRTMALIVSCVGMIVFGMAAGLSKGYVRVIFFLMGLCYGTQTFYNAGIIYVEAYHTVPAGGCKKLVLAMTAVYYSSWLMFPILFILGPEGFGVLSVYGSTVGHTIIDLMSKNCWGLLGHFLRIKIHEHILIHGDIRKTTKLNIGGTEIEVETLVEDEAEAGAV
 n29,MSRRPWLLALALAVALAAGSAGAAHIVMVDAYKPTKSTGSDATVPVATQDGPDYVFHRAHERMLFQTSYTLENNGSVICIPNNGQCFCLAWLKSNGALWEQETARGFQWFAFFLSALFLAFYGYQTWKSTCGWEEIYVATIEMIKFIIEYFHEFDEPAVIYSSNGNKTVWLRYAEWLLTCPVILIHLSNLSGLKNDYSKRTMALLVSDIGTIVWGTTAALSKGYVRVIFFLMGLCYGTQTFYNAGIIYVEANHSVPKGHCRMVVKLMAYAYFASWGMFPILWAVGPEGLLKLSVAGSTIGHTIADLLSKNIWGLLGHHLRIKIHEHILIHGDIRKTTKMEIGGEEVEVEEFVEEEDEDTV
 n30,MSRRPWLLALALAVALAAGSAGAAHIVMVDAYKPTKSTGSDATVPVATQDGPDYVFHRAHERMLFQTSYTLENNGSVICIPNNGQCFCLAWLKSNGTNAEKLAANILQWITVALSALCLMFYGWHAYKASVGWEEVYVCSVELIKVILEIYFEFTEPAVIYSSNGNKTVWLRYAEWLLTCPVILIHLSNITGLSEAYNKRTMGLLVSDLGTICMGVTAALSKGYVRVIFFLMGLCYGGYMYFQAAKCYVESYYIMPKGHCRMVVKLMAYAYFASWGMFPILWAVGPEGLLKLSVYGSTVGHTIIDLMSKNCWGLLGHHLRIKIHEHIIMYGDIRRPVSSQFLGRKVDVLAFVTEEDKV
 n31,MSRRPWLLALALAVALAAGSAGAAHIVMVDAYKPTKSTGSDATVPVATQDGPDYVFHRAHERMLFQTSYTLENNGSVICIPNNGQCFCLAWLKSNGALWEQETARGFQWFAFFLSALFLAFYGFSAWKATCGWEEVYVCCVEVLFVTLEIFKEFSEPAVIYSSNGNKTVWLRYAEWLLSCPVILIHLSNLTGLSEAYNKRTMGLLVSDIGTIVWGTTAALSKGYVRVIFFLMGLCYGGYMYFQAAKCYVEAYHTVPAGGCKKLVLAMTAVYYSSWLMFPGLFIFGPEGMHTLSVAGSTIGHTIADLLSKNIWGLLGHFLRIKIHEHILIHGDIRKTTKLNIGGTEIEVETLVEDEAEAGAV
 n32,MSRRPWLLALALAVALAAGSAGAAHIVMVDAYKPTKSTGSDATVPVATQDGPDYVFHRAHERMLFQTSYTLENNGSVICIPNNGQCFCLAWLKSNGALWEQETARGFQWFAVFLSALFLAFYGWHAYKASVGWEEVYVCSVELIKVILEIYFEFTEPAVIYSSTGNKTVCLRYFEWLLTCPVILIHLSNLSGLSEAYNKRTMGLIVSCVGMIVFGMAAGLATDWLKWLLYIVSCIYGGYMYFQAAKCYVEANHSVPKGRCRQVVTGMAWLFFVSWGMFPGLFIFGPEGMHTLSVAGSTIGHTIADLLSKNIWGLLGHYLRVLIHEHILIHGDIRKTTKMEIGGEEVEVEEFVEEEDEDTV
 n33,MSRRPWLLALALAVALAAGSAGAAHIVMVDAYKPTKSTGSDATVPVATQDGPDYVFHRAHERMLFQTSYTLENNGSVICIPNNGQCFCLAWLKSNGALWEQETARGFQWFAFFLSALFLAFYGYQTWKSTCGWEEIYVATIEMIKFIIEYFHEFDEPAVIYSSTGNKTVWLRYAEWLLTCPVILIHLSNLTGLSEAYNKRTMGLLVSDLGTICMGVTAALATDWLKWLLYIVSCIYGIYTFFNAAKVYIEAYHTVPKGHCRMVVKLMAYAYFASWGMFPILFILGPEGFGVLSVAGSTIGHTIADLLSKNIWGLLGHHLRIKIHEHILIHGDIRKTTKLNIGGTEIEVETLVEDEAEAGAV
 n34,MSRRPWLLALALAVALAAGSAGAAHIVMVDAYKPTKSTGSDATVPVATQDGPDYVFHRAHERMLFQTSYTLENNGSVICIPNNGQCFCLAWLKSNGALWEQETARGFQWFAVFLSALFLAFYGWHAYKASVGWEEVYVCSVELIKVILEIYFEFTEPAVIYSSTGNKTVWLRYAEWLLTCPVILIHLSNLTGLKNDYSKRTMALLVSDIGTIVWGTTAALATDWLKWLLYIVSCIYGTQTFYNAGIIYVEAYHTVPKGRCRQVVTGMAWLFFVSWGMFPILWAVGPEGLLKLSVAGSTIGHTIADLLSKNIWGLLGHYLRVLIHEHILIHGDIRKTTKLNIGGTEIEVETLVEDEAEAGAV
 n35,MSRRPWLLALALAVALAAGSAGAAHIVMVDAYKPTKSTGSDATVPVATQDGPDYVFHRAHERMLFQTSYTLENNGSVICIPNNGQCFCLAWLKSNGTPGEKIGAQVCQWIAFSIAIALLTFYGFSAWKATCGWEEVYVCCVEVLFVTLEIFKEFSEPAVIYSSTGNKTVWLRYAEWLLSCPVILIRLSNLSGLSEAYNKRTMALLVSDLGTICMGVTAALATDWLKWLLYIVSCIYGTQTFYNAGIIYVEANHSVPAGGCKKLVLAMTAVYYSSWLSYPILWAVGPEGLLKLSPYANSIGHSICDIIAKEFWTFLAHFLRIKIHEHILIHGDIRKTTKMEIGGEEVEVEEFVEEEDEDTV
 n36,MGGAPAPDAHSAPPGNDSAAHIVMVDAYKPTKGGSEYHAPAGYQVNPPYHPVHGYEEQCSSIYIYYGALWEQETARGFQWFAVFLSALFLAFYGWHAYKASVGWEEVYVCSVELIKVILEIYFEFTSPAMLFLYGGNITPWLRYAEWLLTCPVILIHLSNITGLSEAYNKRTMALLVSDLGTICMGVTAALATGWVKWLFYCIGLVYGTQTFYNAGIIYVESYYIMPAGGCKKLVLAMTAVYYSSWLMFPILFILGPEGFGVLSVAGSTIGHTIADLLSKNIWGLLGHFLRIKIHEHIIMYGDIRRPVSSQFLGRKVDVLAFVTEEDKV
 n37,MGGAPAPDAHSAPPGNDSAAHIVMVDAYKPTKGGSEYHAPAGYQVNPPYHPVHGYEEQCSSIYIYYGTNAEKLAANILQWITVALSALCLMFYGWHAYKASVGWEEVYVCSVELIKVILEIYFEFTSPAMLFLYGGNITPWLRYAEWLLTCPVILIHLSNITGLSEAYNKRTMALLVSDLGTICMGVTAALATGWVKWLFYCIGLVYGTQTFYNAGIIYVESYYIMPAGGCKKLVLAMTAVYYSSWLMFPGLFIFGPEGMHTLSVYGSTVGHTIIDLMSKNCWGLLGHFLRIKIHEHIIMYGDIRRPVSSQFLGRKVDVLAFVTEEDKV
 n38,MGGAPAPDAHSAPPGNDSAAHIVMVDAYKPTKGGSEYHAPAGYQVNPPYHPVHGYEEQCSSIYIYYGALWEQETARGFQWFAFFLSALFLAFYGYQTWKSTCGWEEIYVATIEMIKFIIEYFHEFDSPAMLFLYGGNITPWLRYAEWLLTCPVILIHLSNITGLSEAYNKRTMALLVSDLGTICMGVTAALATGWVKWLFYCIGLVYGTQTFYNAGIIYVESYYIMPAGGCKKLVLAMTAVYYSSWLMFPGLFIFGPEGMHTLSVAGSTIGHTIADLLSKNIWGLLGHFLRIKIHEHIIMYGDIRRPVSSQFLGRKVDVLAFVTEEDKV
 n39,MGGAPAPDAHSAPPGNDSAAHIVMVDAYKPTKGGSEYHAPAGYQVNPPYHPVHGYEEQCSSIYIYYGALWEQETARGFQWFAVFLSALFLAFYGWHAYKASVGWEEVYVCSVELIKVILEIYFEFTSPAMLFLYGGNITPWLRYAEWLLTCPVILIHLSNITGLANDYNKRTMALLVSDLGTICMGVTAALATGWVKWLFYCIGLVYGTQTFYNAGIIYVESYYIMPAGGCKKLVLAMTAVYYSSWLMFPGLFIFGPEGMHTLSVAGSTIGHTIADLLSKNIWGLLGHFLRIKIHEHIIMYGDIRRPVSSQFLGRKVDVLAFVTEEDKV
 n40,MGGAPAPDAHSAPPGNDSAAHIVMVDAYKPTKGGSEYHAPAGYQVNPPYHPVHGYEEQCSSIYIYYGALWEQETARGFQWFAVFLSALFLAFYGWHAYKASVGWEEVYVCSVELIKVILEIYFEFTSPAMLFLYGGNITPWLRYAEWLLTCPVILIHLSNLTGLSEAYNKRTMALLVSDLGTICMGVTAALATGWVKWLFYCIGLVYGTQTFYNAGIIYVEAYHTVPAGGCKKLVLAMTAVYYSSWLMFPGLFIFGPEGMHTLSVAGSTIGHTIADLLSKNIWGLLGHFLRIKIHEHILIHGDIRKTTKLNIGGTEIEVETLVEDEAEAGAV
 n41,MGGAPAPDAHSAPPGNDSAAHIVMVDAYKPTKGGSEYHAPAGYQVNPPYHPVHGYEEQCSSIYIYYGALWEQETARGFQWFAVFLSALFLAFYGWHAYKASVGWEEVYVCSVELIKVILEIYFEFTSPAMLFLYGGNITPWLRYAEWLLTCPVILIHLSNITGLSEAYNKRTMALLVSDLGTICMGVTAALATGWVKWLFYCIGLVYGTQTFYNAGIIYVESYYIMPKGRCRQVVTGMAWLFFVSWGMFPGLFIFGPEGMHTLSVAGSTIGHTIADLLSKNIWGLLGHYLRVLIHEHIIMYGDIRRPVSSQFLGRKVDVLAFVTEEDKV
 n42,MGGAPAPDAHSAPPGNDSAAHIVMVDAYKPTKGGSEYHAPAGYQVNPPYHPVHGYEEQCSSIYIYYGALWEQETARGFQWFAVFLSALFLAFYGWHAYKASVGWEEVYVCSVELIKVILEIYFEFTSPAMLFLYGGNITPWLRYAEWLLTCPVILIHLSNITGLSEAYNKRTMALLVSDIGTIVWGTTAALATGWVKWLFYCIGLVYGTQTFYNAGIIYVESYYIMPAGGCKKLVLAMTAVYYSSWLMFPGLFIFGPEGMHTLSVAGSTIGHTIADLLSKNIWGLLGHFLRIKIHEHIIMYGDIRRPVSSQFLGRKVDVLAFVTEEDKV
 n43,MGGAPAPDAHSAPPGNDSAAHIVMVDAYKPTKGGSEYHAPAGYQVNPPYHPVHGYEEQCSSIYIYYGALWEQETARGFQWFAVFLSALFLAFYGWHAYKASVGWEEVYVCSVELIKVILEIYFEFTSPAMLFLYNGNITPWLRYAEWLLTCPVILIHLSNITGLSEAYNKRTMALLVSDLGTICMGVTAALSKGYVRVIFFLMGLCYGTQTFYNAGIIYVESYYIMPAGGCKKLVLAMTAVYYSSWLMFPGLFIFGPEGMHTLSVAGSTIGHTIADLLSKNIWGLLGHFLRIKIHEHIIMYGDIRRPVSSQFLGRKVDVLAFVTEEDKV
 n44,MGGAPAPDAHSAPPGNDSAAHIVMVDAYKPTKGGSEYHAPAGYQVNPPYHPVHGYEEQCSSIYIYYGALWEQETARGFQWFAVFLSALFLAFYGWHAYKASVGWEEVYVCSVELIKVILEIYFEFTSPAMLFLYGGNITPWLRYAEWLLTCPVILIHLSNITGLSEAYNKRTMGLLVSDLGTICMGVTAALATGWVKWLFYCIGLVYGIYTFFNAAKVYIESYYIMPAGGCKKLVLAMTAVYYSSWLMFPGLFIFGPEGMHTLSVAGSTIGHTIADLLSKNIWGLLGHFLRIKIHEHIIMYGDIRRPVSSQFLGRKVDVLAFVTEEDKV
 n45,MGGAPAPDAHSAPPGNDSAAHIVMVDAYKPTKGGSEYHAPAGYQVNPPYHPVHGYEEQCSSIYIYYGALWEQETARGFQWFAVFLSALFLAFYGWHAYKASVGWEEVYVCSVELIKVILEIYFEFTSPAMLFLYGGNITPWLRYAEWLLTCPVILIHLSNITGLSEAYNKRTMALLVSDLGTICMGVTAALATGWVKWLFYCIGLVYGTQTFYNAGIIYVESYYIMPAGGCKKLVLAMTAVYYSSWLMFPILWAVGPEGLLKLSVAGSTIGHTIADLLSKNIWGLLGHFLRIKIHEHIIMYGDIRRPVSSQFLGRKVDVLAFVTEEDKV
 n46,MGGAPAPDAHSAPPGNDSAAHIVMVDAYKPTKGGSEYHAPAGYQVNPPYHPVHGYEEQCSSIYIYYGTPGEKIGAQVCQWIAVSIAIALLTFYGWHAYKASVGWEEVYVCSVELIKVILEIYFEFTSPAMLFLYGGNITPWLRYAEWLLTCPVILIRLSNITGLSEAYNKRTMALLVSDLGTICMGVTAALATGWVKWLFYCIGLVYGTQTFYNAGIIYVESYYIMPAGGCKKLVLAMTAVYYSSWLSYPGLFIFGPEGMHTLSPYANSIGHSICDIIAKEFWTFLAHFLRIKIHEHIIMYGDIRRPVSSQFLGRKVDVLAFVTEEDKV
 n47,MGGAPAPDAHSAPPGNDSAAHIVMVDAYKPTKGGSEYHAPAGYQVNPPYHPVHGYEEQCSSIYIYYGALWEQETARGFQWFAFFLSALFLAFYGFSAWKATCGWEEVYVCCVEVLFVTLEIFKEFSSPAMLFLYGGNITPWLRYAEWLLSCPVILIHLSNITGLSEAYNKRTMALLVSDLGTICMGVTAALATGWVKWLFYCIGLVYGTQTFYNAGIIYVESYYIMPAGGCKKLVLAMTAVYYSSWLMFPGLFIFGPEGMHTLSVAGSTIGHTIADLLSKNIWGLLGHFLRIKIHEHIIMYGDIRRPVSSQFLGRKVDVLAFVTEEDKV
 n48,MGGAPAPDAHSAPPGNDSAAHIVMVDAYKPTKGGSEYHAPAGYQVNPPYHPVHGYEEQCSSIYIYYGALWEQETARGFQWFAVFLSALFLAFYGWHAYKASVGWEEVYVCSVELIKVILEIYFEFTSPAMLFLYGGNITPWLRYAEWLLTCPVILIHLSNITGLKNDYSKRTMALLVSDLGTICMGVTAALATGWVKWLFYCIGLVYGTQTFYNAGIIYVESYYIMPAGGCKKLVLAMTAVYYSSWLMFPGLFIFGPEGMHTLSVAGSTIGHTIADLLSKNIWGLLGHFLRIKIHEHIIMYGDIRRPVSSQFLGRKVDVLAFVTEEDKV
 n49,MGGAPAPDAHSAPPGNDSAAHIVMVDAYKPTKGGSEYHAPAGYQVNPPYHPVHGYEEQCSSIYIYYGALWEQETARGFQWFAVFLSALFLAFYGWHAYKASVGWEEVYVCSVELIKVILEIYFEFTSPAMLFLYGGNITPWLRYAEWLLTCPVILIHLSNLSGLSEAYNKRTMALLVSDLGTICMGVTAALATGWVKWLFYCIGLVYGTQTFYNAGIIYVEANHSVPAGGCKKLVLAMTAVYYSSWLMFPGLFIFGPEGMHTLSVAGSTIGHTIADLLSKNIWGLLGHFLRIKIHEHILIHGDIRKTTKMEIGGEEVEVEEFVEEEDEDTV
 n50,MGGAPAPDAHSAPPGNDSAAHIVMVDAYKPTKGGSEYHAPAGYQVNPPYHPVHGYEEQCSSIYIYYGALWEQETARGFQWFAVFLSALFLAFYGWHAYKASVGWEEVYVCSVELIKVILEIYFEFTSPAMLFLYGGNITPWLRYAEWLLTCPVILIHLSNITGLSEAYNKRTMALLVSDLGTICMGVTAALATGWVKWLFYCIGLVYGTQTFYNAGIIYVESYYIMPKGHCRMVVKLMAYAYFASWGMFPGLFIFGPEGMHTLSVAGSTIGHTIADLLSKNIWGLLGHHLRIKIHEHIIMYGDIRRPVSSQFLGRKVDVLAFVTEEDKV
 n51,MSRLVAASWLLALLLCGITSTTTASAHIVMVDAYKPTKSAPAASSTDGTAAAAVSHYAMNGFDELAKGAVVPEDHFVCGPADKCYCSAWLHSRGALWEQETARGFQWFAVFLSALFLAFYGWHAYKASVGWEEVYVCSVELIKVILEIYFEFTSPATVYLSGGNHAYWLRYAEWLLTCPVILIHLSNITGLSEAYNKRTMALLVSDLGTICMGVTAALATGWVKWLFYCIGLVYGTQTFYNAGIIYVESYYIMPAGGCKKLVLAMTAVYYSSWLMFPGLFIFGPEGMHTLSVAGSTIGHTIADLLSKNIWGLLGHFLRIKIHEHIIMYGDIRRPVSSQFLGRKVDVLAFVTEEDKV
 n52,MGGAPAPDAHSAPPGNDSAAHIVMVDAYKPTKGGSEYHAPAGYQVNPPYHPVHGYEEQCSSIYIYYGALWEQETARGFQWFAVFLSALFLAFYGWHAYKASVGWEEVYVCSVELIKVILEIYFEFTSPAMLFLYGGNITPCLRYFEWLLTCPVILIHLSNITGLSEAYNKRTMALIVSCVGMIVFGMAAGLATGWVKWLFYCIGLVYGTQTFYNAGIIYVESYYIMPAGGCKKLVLAMTAVYYSSWLMFPGLFIFGPEGMHTLSVAGSTIGHTIADLLSKNIWGLLGHFLRIKIHEHIIMYGDIRRPVSSQFLGRKVDVLAFVTEEDKV
 n53,MGGAPAPDAHSAPPGNDSAAHIVMVDAYKPTKGGSEYHAPAGYQVNPPYHPVHGYEEQCSSIYIYYGALWEQETARGFQWFAVFLSALFLAFYGWHAYKASVGWEEVYVCSVELIKVILEIYFEFTSPAMLFLYTGNITPWLRYAEWLLTCPVILIHLSNITGLSEAYNKRTMALLVSDLGTICMGVTAALATDWLKWLLYIVSCIYGTQTFYNAGIIYVESYYIMPAGGCKKLVLAMTAVYYSSWLMFPGLFIFGPEGMHTLSVAGSTIGHTIADLLSKNIWGLLGHFLRIKIHEHIIMYGDIRRPVSSQFLGRKVDVLAFVTEEDKV
 n54,MGGAPAPDAHSAPPGNDSAAHIVMVDAYKPTKGGSEYHAPAGYQVNPPYHPVHGYEEQCSSIYIYYGALWEQETARGFQWFAVFLSALFLAFYGWHAYKASVGWEEVYVCSVELIKVILEIYFEFTSPAMLFLYGGNITPWLRYAEWLLTCPVILIHLSNITGLSEAYNKRTMGLLVSDLGTICMGVTAALATGWVKWLFYCIGLVYGGYMYFQAAKCYVESYYIMPAGGCKKLVLAMTAVYYSSWLMFPGLFIFGPEGMHTLSVAGSTIGHTIADLLSKNIWGLLGHFLRIKIHEHIIMYGDIRRPVSSQFLGRKVDVLAFVTEEDKV
 n56,MSRLVAASWLLALLLCGITSTTTASAHIVMVDAYKPTKSAPAASSTDGTAAAAVSHYAMNGFDELAKGAVVPEDHFVCGPADKCYCSAWLHSRGALWEQETARGFQWFAFFLSALFLAFYGFSAWKATCGWEEVYVCCVEVLFVTLEIFKEFSSPATVYLSTGNHAYCLRYFEWLLSCPVILIHLSNLSGLKNDYSKRTMGLIVSCVGMIVFGMAAGLATDWLKWLLYIVSCIYGGYMYFQAAKCYVEANHSVPKGHCRMVVKLMAYAYFASWGMFPILWAVGPEGLLKLSVAGSTIGHTIADLLSKNIWGLLGHHLRIKIHEHILIHGDIRKTTKMEIGGEEVEVEEFVEEEDEDTV
 n57,MSRLVAASWLLALLLCGITSTTTASAHIVMVDAYKPTKSAPAASSTDGTAAAAVSHYAMNGFDELAKGAVVPEDHFVCGPADKCYCSAWLHSRGTPGEKIGAQVCQWIAVSIAIALLTFYGWHAYKASVGWEEVYVCSVELIKVILEIYFEFTSPATVYLSTGNHAYCLRYFEWLLTCPVILIRLSNLSGLKNDYSKRTMGLIVSCVGMIVFGMAAGLATDWLKWLLYIVSCIYGGYMYFQAAKCYVEANHSVPKGHCRMVVKLMAYAYFASWGSYPILWAVGPEGLLKLSPYANSIGHSICDIIAKEFWTFLAHHLRIKIHEHILIHGDIRKTTKMEIGGEEVEVEEFVEEEDEDTV
 n58,MSRLVAASWLLALLLCGITSTTTASAHIVMVDAYKPTKSAPAASSTDGTAAAAVSHYAMNGFDELAKGAVVPEDHFVCGPADKCYCSAWLHSRGTPGEKIGAQVCQWIAFSIAIALLTFYGFSAWKATCGWEEVYVCCVEVLFVTLEIFKEFSSPATVYLSTGNHAYCLRYFEWLLSCPVILIRLSNLSGLSEAYNKRTMGLIVSCVGMIVFGMAAGLATDWLKWLLYIVSCIYGGYMYFQAAKCYVEANHSVPKGHCRMVVKLMAYAYFASWGSYPILWAVGPEGLLKLSPYANSIGHSICDIIAKEFWTFLAHHLRIKIHEHILIHGDIRKTTKMEIGGEEVEVEEFVEEEDEDTV
 n59,MSRLVAASWLLALLLCGITSTTTASAHIVMVDAYKPTKSAPAASSTDGTAAAAVSHYAMNGFDELAKGAVVPEDHFVCGPADKCYCSAWLHSRGTPGEKIGAQVCQWIAFSIAIALLTFYGFSAWKATCGWEEVYVCCVEVLFVTLEIFKEFSSPATVYLSTGNHAYCLRYFEWLLSCPVILIRLSNITGLKNDYSKRTMGLIVSCVGMIVFGMAAGLATDWLKWLLYIVSCIYGGYMYFQAAKCYVESYYIMPKGHCRMVVKLMAYAYFASWGSYPILWAVGPEGLLKLSPYANSIGHSICDIIAKEFWTFLAHHLRIKIHEHIIMYGDIRRPVSSQFLGRKVDVLAFVTEEDKV
 n60,MSRLVAASWLLALLLCGITSTTTASAHIVMVDAYKPTKSAPAASSTDGTAAAAVSHYAMNGFDELAKGAVVPEDHFVCGPADKCYCSAWLHSRGTPGEKIGAQVCQWIAFSIAIALLTFYGFSAWKATCGWEEVYVCCVEVLFVTLEIFKEFSSPATVYLSTGNHAYCLRYFEWLLSCPVILIRLSNLSGLKNDYSKRTMGLIVSCVGMIVFGMAAGLATDWLKWLLYIVSCIYGGYMYFQAAKCYVEANHSVPAGGCKKLVLAMTAVYYSSWLSYPILWAVGPEGLLKLSPYANSIGHSICDIIAKEFWTFLAHFLRIKIHEHILIHGDIRKTTKMEIGGEEVEVEEFVEEEDEDTV
 n61,MGGAPAPDAHSAPPGNDSAAHIVMVDAYKPTKGGSEYHAPAGYQVNPPYHPVHGYEEQCSSIYIYYGTPGEKIGAQVCQWIAFSIAIALLTFYGFSAWKATCGWEEVYVCCVEVLFVTLEIFKEFSSPAMLFLYTGNITPCLRYFEWLLSCPVILIRLSNLSGLKNDYSKRTMGLIVSCVGMIVFGMAAGLATDWLKWLLYIVSCIYGGYMYFQAAKCYVEANHSVPKGHCRMVVKLMAYAYFASWGSYPILWAVGPEGLLKLSPYANSIGHSICDIIAKEFWTFLAHHLRIKIHEHILIHGDIRKTTKMEIGGEEVEVEEFVEEEDEDTV
 n62,MSRLVAASWLLALLLCGITSTTTASAHIVMVDAYKPTKSAPAASSTDGTAAAAVSHYAMNGFDELAKGAVVPEDHFVCGPADKCYCSAWLHSRGTPGEKIGAQVCQWIAFSIAIALLTFYGFSAWKATCGWEEVYVCCVEVLFVTLEIFKEFSSPATVYLSTGNHAYWLRYAEWLLSCPVILIRLSNLSGLKNDYSKRTMGLLVSDLGTICMGVTAALATDWLKWLLYIVSCIYGGYMYFQAAKCYVEANHSVPKGHCRMVVKLMAYAYFASWGSYPILWAVGPEGLLKLSPYANSIGHSICDIIAKEFWTFLAHHLRIKIHEHILIHGDIRKTTKMEIGGEEVEVEEFVEEEDEDTV
 n63,MSRLVAASWLLALLLCGITSTTTASAHIVMVDAYKPTKSAPAASSTDGTAAAAVSHYAMNGFDELAKGAVVPEDHFVCGPADKCYCSAWLHSRGTPGEKIGAQVCQWIAFSIAIALLTFYGFSAWKATCGWEEVYVCCVEVLFVTLEIFKEFSSPATVYLSGGNHAYCLRYFEWLLSCPVILIRLSNLSGLKNDYSKRTMGLIVSCVGMIVFGMAAGLATGWVKWLFYCIGLVYGGYMYFQAAKCYVEANHSVPKGHCRMVVKLMAYAYFASWGSYPILWAVGPEGLLKLSPYANSIGHSICDIIAKEFWTFLAHHLRIKIHEHILIHGDIRKTTKMEIGGEEVEVEEFVEEEDEDTV
 n64,MSRLVAASWLLALLLCGITSTTTASAHIVMVDAYKPTKSAPAASSTDGTAAAAVSHYAMNGFDELAKGAVVPEDHFVCGPADKCYCSAWLHSRGTPGEKIGAQVCQWIAFSIAIALLTFYGFSAWKATCGWEEVYVCCVEVLFVTLEIFKEFSSPATVYLSTGNHAYCLRYFEWLLSCPVILIRLSNLSGLKNDYSKRTMALIVSCVGMIVFGMAAGLATDWLKWLLYIVSCIYGTQTFYNAGIIYVEANHSVPKGHCRMVVKLMAYAYFASWGSYPILWAVGPEGLLKLSPYANSIGHSICDIIAKEFWTFLAHHLRIKIHEHILIHGDIRKTTKMEIGGEEVEVEEFVEEEDEDTV
 n65,MSRLVAASWLLALLLCGITSTTTASAHIVMVDAYKPTKSAPAASSTDGTAAAAVSHYAMNGFDELAKGAVVPEDHFVCGPADKCYCSAWLHSRGTPGEKIGAQVCQWIAFSIAIALLTFYGFSAWKATCGWEEVYVCCVEVLFVTLEIFKEFSSPATVYLSTGNHAYCLRYFEWLLSCPVILIRLSNLSGLKNDYSKRTMGLIVSCVGMIVFGMAAGLATDWLKWLLYIVSCIYGGYMYFQAAKCYVEANHSVPKGHCRMVVKLMAYAYFASWGSYPILFILGPEGFGVLSPYANSIGHSICDIIAKEFWTFLAHHLRIKIHEHILIHGDIRKTTKMEIGGEEVEVEEFVEEEDEDTV
 n66,MSRLVAASWLLALLLCGITSTTTASAHIVMVDAYKPTKSAPAASSTDGTAAAAVSHYAMNGFDELAKGAVVPEDHFVCGPADKCYCSAWLHSRGTNAEKLAANILQWITFALSALCLMFYGFSAWKATCGWEEVYVCCVEVLFVTLEIFKEFSSPATVYLSTGNHAYCLRYFEWLLSCPVILIHLSNLSGLKNDYSKRTMGLIVSCVGMIVFGMAAGLATDWLKWLLYIVSCIYGGYMYFQAAKCYVEANHSVPKGHCRMVVKLMAYAYFASWGMFPILWAVGPEGLLKLSVYGSTVGHTIIDLMSKNCWGLLGHHLRIKIHEHILIHGDIRKTTKMEIGGEEVEVEEFVEEEDEDTV
 n67,MSRLVAASWLLALLLCGITSTTTASAHIVMVDAYKPTKSAPAASSTDGTAAAAVSHYAMNGFDELAKGAVVPEDHFVCGPADKCYCSAWLHSRGTPGEKIGAQVCQWIAFSIAIALLTFYGYQTWKSTCGWEEIYVATIEMIKFIIEYFHEFDSPATVYLSTGNHAYCLRYFEWLLTCPVILIRLSNLSGLKNDYSKRTMGLIVSCVGMIVFGMAAGLATDWLKWLLYIVSCIYGGYMYFQAAKCYVEANHSVPKGHCRMVVKLMAYAYFASWGSYPILWAVGPEGLLKLSPYANSIGHSICDIIAKEFWTFLAHHLRIKIHEHILIHGDIRKTTKMEIGGEEVEVEEFVEEEDEDTV
 n68,MSRLVAASWLLALLLCGITSTTTASAHIVMVDAYKPTKSAPAASSTDGTAAAAVSHYAMNGFDELAKGAVVPEDHFVCGPADKCYCSAWLHSRGTPGEKIGAQVCQWIAFSIAIALLTFYGFSAWKATCGWEEVYVCCVEVLFVTLEIFKEFSSPATVYLSTGNHAYCLRYFEWLLSCPVILIRLSNLSGLANDYNKRTMGLIVSCVGMIVFGMAAGLATDWLKWLLYIVSCIYGGYMYFQAAKCYVEANHSVPKGHCRMVVKLMAYAYFASWGSYPILWAVGPEGLLKLSPYANSIGHSICDIIAKEFWTFLAHHLRIKIHEHILIHGDIRKTTKMEIGGEEVEVEEFVEEEDEDTV
 n69,MSRLVAASWLLALLLCGITSTTTASAHIVMVDAYKPTKSAPAASSTDGTAAAAVSHYAMNGFDELAKGAVVPEDHFVCGPADKCYCSAWLHSRGTPGEKIGAQVCQWIAFSIAIALLTFYGFSAWKATCGWEEVYVCCVEVLFVTLEIFKEFSSPATVYLSTGNHAYCLRYFEWLLSCPVILIRLSNLTGLKNDYSKRTMGLIVSCVGMIVFGMAAGLATDWLKWLLYIVSCIYGGYMYFQAAKCYVEAYHTVPKGHCRMVVKLMAYAYFASWGSYPILWAVGPEGLLKLSPYANSIGHSICDIIAKEFWTFLAHHLRIKIHEHILIHGDIRKTTKLNIGGTEIEVETLVEDEAEAGAV
 n70,MSRLVAASWLLALLLCGITSTTTASAHIVMVDAYKPTKSAPAASSTDGTAAAAVSHYAMNGFDELAKGAVVPEDHFVCGPADKCYCSAWLHSRGTPGEKIGAQVCQWIAFSIAIALLTFYGFSAWKATCGWEEVYVCCVEVLFVTLEIFKEFSSPATVYLSTGNHAYCLRYFEWLLSCPVILIRLSNLSGLKNDYSKRTMGLIVSCVGMIVFGMAAGLATDWLKWLLYIVSCIYGGYMYFQAAKCYVEANHSVPKGRCRQVVTGMAWLFFVSWGSYPILWAVGPEGLLKLSPYANSIGHSICDIIAKEFWTFLAHYLRVLIHEHILIHGDIRKTTKMEIGGEEVEVEEFVEEEDEDTV
 n71,MSRLVAASWLLALLLCGITSTTTASAHIVMVDAYKPTKSAPAASSTDGTAAAAVSHYAMNGFDELAKGAVVPEDHFVCGPADKCYCSAWLHSRGTPGEKIGAQVCQWIAFSIAIALLTFYGFSAWKATCGWEEVYVCCVEVLFVTLEIFKEFSSPATVYLSTGNHAYWLRYAEWLLSCPVILIRLSNLSGLKNDYSKRTMGLLVSDIGTIVWGTTAALATDWLKWLLYIVSCIYGGYMYFQAAKCYVEANHSVPKGHCRMVVKLMAYAYFASWGSYPILWAVGPEGLLKLSPYANSIGHSICDIIAKEFWTFLAHHLRIKIHEHILIHGDIRKTTKMEIGGEEVEVEEFVEEEDEDTV
 n72,MSRLVAASWLLALLLCGITSTTTASAHIVMVDAYKPTKSAPAASSTDGTAAAAVSHYAMNGFDELAKGAVVPEDHFVCGPADKCYCSAWLHSRGTPGEKIGAQVCQWIAFSIAIALLTFYGFSAWKATCGWEEVYVCCVEVLFVTLEIFKEFSSPATVYLSNGNHAYCLRYFEWLLSCPVILIRLSNLSGLKNDYSKRTMGLIVSCVGMIVFGMAAGLSKGYVRVIFFLMGLCYGGYMYFQAAKCYVEANHSVPKGHCRMVVKLMAYAYFASWGSYPILWAVGPEGLLKLSPYANSIGHSICDIIAKEFWTFLAHHLRIKIHEHILIHGDIRKTTKMEIGGEEVEVEEFVEEEDEDTV
 n73,MSRLVAASWLLALLLCGITSTTTASAHIVMVDAYKPTKSAPAASSTDGTAAAAVSHYAMNGFDELAKGAVVPEDHFVCGPADKCYCSAWLHSRGTPGEKIGAQVCQWIAFSIAIALLTFYGFSAWKATCGWEEVYVCCVEVLFVTLEIFKEFSSPATVYLSTGNHAYCLRYFEWLLSCPVILIRLSNLSGLKNDYSKRTMGLIVSCVGMIVFGMAAGLATDWLKWLLYIVSCIYGIYTFFNAAKVYIEANHSVPKGHCRMVVKLMAYAYFASWGSYPILWAVGPEGLLKLSPYANSIGHSICDIIAKEFWTFLAHHLRIKIHEHILIHGDIRKTTKMEIGGEEVEVEEFVEEEDEDTV
 n75,MGGAPAPDAHSAPPGNDSAAHIVMVDAYKPTKGGSEYHAPAGYQVNPPYHPVHGYEEQCSSIYIYYGTPGEKIGAQVCQWIAFSIAIALLTFYGYQTWKSTCGWEEIYVATIEMIKFIIEYFHEFDSPAMLFLYNGNITPCLRYFEWLLTCPVILIRLSNLTGLKNDYSKRTMGLIVSCVGMIVFGMAAGLSKGYVRVIFFLMGLCYGIYTFFNAAKVYIEAYHTVPAGGCKKLVLAMTAVYYSSWLSYPGLFIFGPEGMHTLSPYANSIGHSICDIIAKEFWTFLAHFLRIKIHEHILIHGDIRKTTKLNIGGTEIEVETLVEDEAEAGAV
 n76,MSRLVAASWLLALLLCGITSTTTASAHIVMVDAYKPTKSAPAASSTDGTAAAAVSHYAMNGFDELAKGAVVPEDHFVCGPADKCYCSAWLHSRGTNAEKLAANILQWITVALSALCLMFYGWHAYKASVGWEEVYVCSVELIKVILEIYFEFTSPATVYLSNGNHAYWLRYAEWLLTCPVILIHLSNITGLKNDYSKRTMGLLVSDIGTIVWGTTAALSKGYVRVIFFLMGLCYGIYTFFNAAKVYIESYYIMPKGRCRQVVTGMAWLFFVSWGMFPILFILGPEGFGVLSVYGSTVGHTIIDLMSKNCWGLLGHYLRVLIHEHIIMYGDIRRPVSSQFLGRKVDVLAFVTEEDKV
 n77,MGGAPAPDAHSAPPGNDSAAHIVMVDAYKPTKGGSEYHAPAGYQVNPPYHPVHGYEEQCSSIYIYYGTPGEKIGAQVCQWIAFSIAIALLTFYGYQTWKSTCGWEEIYVATIEMIKFIIEYFHEFDSPAMLFLYNGNITPWLRYAEWLLTCPVILIRLSNLTGLKNDYSKRTMGLLVSDLGTICMGVTAALSKGYVRVIFFLMGLCYGIYTFFNAAKVYIEAYHTVPKGHCRMVVKLMAYAYFASWGSYPILWAVGPEGLLKLSPYANSIGHSICDIIAKEFWTFLAHHLRIKIHEHILIHGDIRKTTKLNIGGTEIEVETLVEDEAEAGAV
 n78,MGGAPAPDAHSAPPGNDSAAHIVMVDAYKPTKGGSEYHAPAGYQVNPPYHPVHGYEEQCSSIYIYYGTPGEKIGAQVCQWIAFSIAIALLTFYGYQTWKSTCGWEEIYVATIEMIKFIIEYFHEFDSPAMLFLYNGNITPWLRYAEWLLTCPVILIRLSNLTGLKNDYSKRTMALLVSDIGTIVWGTTAALSKGYVRVIFFLMGLCYGTQTFYNAGIIYVEAYHTVPAGGCKKLVLAMTAVYYSSWLSYPILWAVGPEGLLKLSPYANSIGHSICDIIAKEFWTFLAHFLRIKIHEHILIHGDIRKTTKLNIGGTEIEVETLVEDEAEAGAV
 n79,MGGAPAPDAHSAPPGNDSAAHIVMVDAYKPTKGGSEYHAPAGYQVNPPYHPVHGYEEQCSSIYIYYGTPGEKIGAQVCQWIAFSIAIALLTFYGFSAWKATCGWEEVYVCCVEVLFVTLEIFKEFSSPAMLFLYTGNITPWLRYAEWLLSCPVILIRLSNLTGLKNDYSKRTMGLLVSDIGTIVWGTTAALATDWLKWLLYIVSCIYGIYTFFNAAKVYIEAYHTVPAGGCKKLVLAMTAVYYSSWLSYPILFILGPEGFGVLSPYANSIGHSICDIIAKEFWTFLAHFLRIKIHEHILIHGDIRKTTKLNIGGTEIEVETLVEDEAEAGAV
 n80,MGGAPAPDAHSAPPGNDSAAHIVMVDAYKPTKGGSEYHAPAGYQVNPPYHPVHGYEEQCSSIYIYYGTPGEKIGAQVCQWIAVSIAIALLTFYGWHAYKASVGWEEVYVCSVELIKVILEIYFEFTSPAMLFLYNGNITPWLRYAEWLLTCPVILIRLSNLTGLSEAYNKRTMGLLVSDIGTIVWGTTAALSKGYVRVIFFLMGLCYGGYMYFQAAKCYVEAYHTVPKGHCRMVVKLMAYAYFASWGSYPILFILGPEGFGVLSPYANSIGHSICDIIAKEFWTFLAHHLRIKIHEHILIHGDIRKTTKLNIGGTEIEVETLVEDEAEAGAV
 n81,MSRLVAASWLLALLLCGITSTTTASAHIVMVDAYKPTKSAPAASSTDGTAAAAVSHYAMNGFDELAKGAVVPEDHFVCGPADKCYCSAWLHSRGTNAEKLAANILQWITFALSALCLMFYGYQTWKSTCGWEEIYVATIEMIKFIIEYFHEFDSPATVYLSGGNHAYWLRYAEWLLTCPVILIHLSNLTGLKNDYSKRTMGLLVSDIGTIVWGTTAALATGWVKWLFYCIGLVYGIYTFFNAAKVYIEAYHTVPKGHCRMVVKLMAYAYFASWGMFPGLFIFGPEGMHTLSVYGSTVGHTIIDLMSKNCWGLLGHHLRIKIHEHILIHGDIRKTTKLNIGGTEIEVETLVEDEAEAGAV
 n82,MSRLVAASWLLALLLCGITSTTTASAHIVMVDAYKPTKSAPAASSTDGTAAAAVSHYAMNGFDELAKGAVVPEDHFVCGPADKCYCSAWLHSRGTNAEKLAANILQWITFALSALCLMFYGYQTWKSTCGWEEIYVATIEMIKFIIEYFHEFDSPATVYLSNGNHAYCLRYFEWLLTCPVILIHLSNITGLKNDYSKRTMGLIVSCVGMIVFGMAAGLSKGYVRVIFFLMGLCYGIYTFFNAAKVYIESYYIMPKGRCRQVVTGMAWLFFVSWGMFPILWAVGPEGLLKLSVYGSTVGHTIIDLMSKNCWGLLGHYLRVLIHEHIIMYGDIRRPVSSQFLGRKVDVLAFVTEEDKV
 n83,MSRLVAASWLLALLLCGITSTTTASAHIVMVDAYKPTKSAPAASSTDGTAAAAVSHYAMNGFDELAKGAVVPEDHFVCGPADKCYCSAWLHSRGTNAEKLAANILQWITVALSALCLMFYGWHAYKASVGWEEVYVCSVELIKVILEIYFEFTSPATVYLSGGNHAYCLRYFEWLLTCPVILIHLSNLSGLSEAYNKRTMGLIVSCVGMIVFGMAAGLATGWVKWLFYCIGLVYGIYTFFNAAKVYIEANHSVPKGRCRQVVTGMAWLFFVSWGMFPILFILGPEGFGVLSVYGSTVGHTIIDLMSKNCWGLLGHYLRVLIHEHILIHGDIRKTTKMEIGGEEVEVEEFVEEEDEDTV
 n84,MSRLVAASWLLALLLCGITSTTTASAHIVMVDAYKPTKSAPAASSTDGTAAAAVSHYAMNGFDELAKGAVVPEDHFVCGPADKCYCSAWLHSRGALWEQETARGFQWFAFFLSALFLAFYGFSAWKATCGWEEVYVCCVEVLFVTLEIFKEFSSPATVYLSNGNHAYCLRYFEWLLSCPVILIHLSNLSGLKNDYSKRTMALIVSCVGMIVFGMAAGLSKGYVRVIFFLMGLCYGTQTFYNAGIIYVEANHSVPAGGCKKLVLAMTAVYYSSWLMFPILFILGPEGFGVLSVAGSTIGHTIADLLSKNIWGLLGHFLRIKIHEHILIHGDIRKTTKMEIGGEEVEVEEFVEEEDEDTV
 n85,MGGAPAPDAHSAPPGNDSAAHIVMVDAYKPTKGGSEYHAPAGYQVNPPYHPVHGYEEQCSSIYIYYGTPGEKIGAQVCQWIAVSIAIALLTFYGWHAYKASVGWEEVYVCSVELIKVILEIYFEFTSPAMLFLYGGNITPCLRYFEWLLTCPVILIRLSNLTGLSEAYNKRTMGLIVSCVGMIVFGMAAGLATGWVKWLFYCIGLVYGIYTFFNAAKVYIEAYHTVPKGHCRMVVKLMAYAYFASWGSYPILWAVGPEGLLKLSPYANSIGHSICDIIAKEFWTFLAHHLRIKIHEHILIHGDIRKTTKLNIGGTEIEVETLVEDEAEAGAV
 n86,MGGAPAPDAHSAPPGNDSAAHIVMVDAYKPTKGGSEYHAPAGYQVNPPYHPVHGYEEQCSSIYIYYGTPGEKIGAQVCQWIAVSIAIALLTFYGWHAYKASVGWEEVYVCSVELIKVILEIYFEFTSPAMLFLYNGNITPWLRYAEWLLTCPVILIRLSNLSGLSEAYNKRTMGLLVSDIGTIVWGTTAALSKGYVRVIFFLMGLCYGIYTFFNAAKVYIEANHSVPKGRCRQVVTGMAWLFFVSWGSYPGLFIFGPEGMHTLSPYANSIGHSICDIIAKEFWTFLAHYLRVLIHEHILIHGDIRKTTKMEIGGEEVEVEEFVEEEDEDTV
 n87,MSRLVAASWLLALLLCGITSTTTASAHIVMVDAYKPTKSAPAASSTDGTAAAAVSHYAMNGFDELAKGAVVPEDHFVCGPADKCYCSAWLHSRGTPGEKIGAQVCQWIAFSIAIALLTFYGYQTWKSTCGWEEIYVATIEMIKFIIEYFHEFDSPATVYLSNGNHAYWLRYAEWLLTCPVILIRLSNLTGLKNDYSKRTMGLLVSDLGTICMGVTAALSKGYVRVIFFLMGLCYGGYMYFQAAKCYVEAYHTVPAGGCKKLVLAMTAVYYSSWLSYPGLFIFGPEGMHTLSPYANSIGHSICDIIAKEFWTFLAHFLRIKIHEHILIHGDIRKTTKLNIGGTEIEVETLVEDEAEAGAV
 n88,MSRLVAASWLLALLLCGITSTTTASAHIVMVDAYKPTKSAPAASSTDGTAAAAVSHYAMNGFDELAKGAVVPEDHFVCGPADKCYCSAWLHSRGALWEQETARGFQWFAFFLSALFLAFYGYQTWKSTCGWEEIYVATIEMIKFIIEYFHEFDSPATVYLSTGNHAYWLRYAEWLLTCPVILIHLSNLSGLANDYNKRTMALLVSDIGTIVWGTTAALATDWLKWLLYIVSCIYGTQTFYNAGIIYVEANHSVPKGRCRQVVTGMAWLFFVSWGMFPILWAVGPEGLLKLSVAGSTIGHTIADLLSKNIWGLLGHYLRVLIHEHILIHGDIRKTTKMEIGGEEVEVEEFVEEEDEDTV
 n89,MSRLVAASWLLALLLCGITSTTTASAHIVMVDAYKPTKSAPAASSTDGTAAAAVSHYAMNGFDELAKGAVVPEDHFVCGPADKCYCSAWLHSRGTPGEKIGAQVCQWIAVSIAIALLTFYGWHAYKASVGWEEVYVCSVELIKVILEIYFEFTSPATVYLSGGNHAYWLRYAEWLLTCPVILIRLSNLSGLSEAYNKRTMALLVSDIGTIVWGTTAALATGWVKWLFYCIGLVYGTQTFYNAGIIYVEANHSVPKGRCRQVVTGMAWLFFVSWGSYPGLFIFGPEGMHTLSPYANSIGHSICDIIAKEFWTFLAHYLRVLIHEHILIHGDIRKTTKMEIGGEEVEVEEFVEEEDEDTV
 n90,MSRLVAASWLLALLLCGITSTTTASAHIVMVDAYKPTKSAPAASSTDGTAAAAVSHYAMNGFDELAKGAVVPEDHFVCGPADKCYCSAWLHSRGTNAEKLAANILQWITFALSALCLMFYGFSAWKATCGWEEVYVCCVEVLFVTLEIFKEFSSPATVYLSTGNHAYWLRYAEWLLSCPVILIHLSNLSGLANDYNKRTMGLLVSDLGTICMGVTAALATDWLKWLLYIVSCIYGIYTFFNAAKVYIEANHSVPKGRCRQVVTGMAWLFFVSWGMFPILFILGPEGFGVLSVYGSTVGHTIIDLMSKNCWGLLGHYLRVLIHEHILIHGDIRKTTKMEIGGEEVEVEEFVEEEDEDTV
 n91,MGGAPAPDAHSAPPGNDSAAHIVMVDAYKPTKGGSEYHAPAGYQVNPPYHPVHGYEEQCSSIYIYYGTPGEKIGAQVCQWIAFSIAIALLTFYGFSAWKATCGWEEVYVCCVEVLFVTLEIFKEFSSPAMLFLYTGNITPWLRYAEWLLSCPVILIRLSNITGLANDYNKRTMGLLVSDLGTICMGVTAALATDWLKWLLYIVSCIYGIYTFFNAAKVYIESYYIMPKGRCRQVVTGMAWLFFVSWGSYPILWAVGPEGLLKLSPYANSIGHSICDIIAKEFWTFLAHYLRVLIHEHIIMYGDIRRPVSSQFLGRKVDVLAFVTEEDKV
 n92,MSRLVAASWLLALLLCGITSTTTASAHIVMVDAYKPTKSAPAASSTDGTAAAAVSHYAMNGFDELAKGAVVPEDHFVCGPADKCYCSAWLHSRGTPGEKIGAQVCQWIAFSIAIALLTFYGYQTWKSTCGWEEIYVATIEMIKFIIEYFHEFDSPATVYLSNGNHAYWLRYAEWLLTCPVILIRLSNITGLSEAYNKRTMALLVSDIGTIVWGTTAALSKGYVRVIFFLMGLCYGTQTFYNAGIIYVESYYIMPKGHCRMVVKLMAYAYFASWGSYPILFILGPEGFGVLSPYANSIGHSICDIIAKEFWTFLAHHLRIKIHEHIIMYGDIRRPVSSQFLGRKVDVLAFVTEEDKV
 n93,MGGAPAPDAHSAPPGNDSAAHIVMVDAYKPTKGGSEYHAPAGYQVNPPYHPVHGYEEQCSSIYIYYGTPGEKIGAQVCQWIAVSIAIALLTFYGWHAYKASVGWEEVYVCSVELIKVILEIYFEFTSPAMLFLYNGNITPCLRYFEWLLTCPVILIRLSNITGLKNDYSKRTMALIVSCVGMIVFGMAAGLSKGYVRVIFFLMGLCYGTQTFYNAGIIYVESYYIMPKGRCRQVVTGMAWLFFVSWGSYPILWAVGPEGLLKLSPYANSIGHSICDIIAKEFWTFLAHYLRVLIHEHIIMYGDIRRPVSSQFLGRKVDVLAFVTEEDKV
 n94,MSRLVAASWLLALLLCGITSTTTASAHIVMVDAYKPTKSAPAASSTDGTAAAAVSHYAMNGFDELAKGAVVPEDHFVCGPADKCYCSAWLHSRGALWEQETARGFQWFAFFLSALFLAFYGYQTWKSTCGWEEIYVATIEMIKFIIEYFHEFDSPATVYLSTGNHAYCLRYFEWLLTCPVILIHLSNITGLKNDYSKRTMGLIVSCVGMIVFGMAAGLATDWLKWLLYIVSCIYGIYTFFNAAKVYIESYYIMPAGGCKKLVLAMTAVYYSSWLMFPILFILGPEGFGVLSVAGSTIGHTIADLLSKNIWGLLGHFLRIKIHEHIIMYGDIRRPVSSQFLGRKVDVLAFVTEEDKV
 n95,MSRLVAASWLLALLLCGITSTTTASAHIVMVDAYKPTKSAPAASSTDGTAAAAVSHYAMNGFDELAKGAVVPEDHFVCGPADKCYCSAWLHSRGTNAEKLAANILQWITVALSALCLMFYGWHAYKASVGWEEVYVCSVELIKVILEIYFEFTSPATVYLSNGNHAYWLRYAEWLLTCPVILIHLSNLSGLANDYNKRTMALLVSDLGTICMGVTAALSKGYVRVIFFLMGLCYGTQTFYNAGIIYVEANHSVPKGHCRMVVKLMAYAYFASWGMFPGLFIFGPEGMHTLSVYGSTVGHTIIDLMSKNCWGLLGHHLRIKIHEHILIHGDIRKTTKMEIGGEEVEVEEFVEEEDEDTV
 n96,MSRLVAASWLLALLLCGITSTTTASAHIVMVDAYKPTKSAPAASSTDGTAAAAVSHYAMNGFDELAKGAVVPEDHFVCGPADKCYCSAWLHSRGTNAEKLAANILQWITFALSALCLMFYGFSAWKATCGWEEVYVCCVEVLFVTLEIFKEFSSPATVYLSGGNHAYWLRYAEWLLSCPVILIHLSNLSGLSEAYNKRTMGLLVSDLGTICMGVTAALATGWVKWLFYCIGLVYGGYMYFQAAKCYVEANHSVPAGGCKKLVLAMTAVYYSSWLMFPILWAVGPEGLLKLSVYGSTVGHTIIDLMSKNCWGLLGHFLRIKIHEHILIHGDIRKTTKMEIGGEEVEVEEFVEEEDEDTV
 n97,MGGAPAPDAHSAPPGNDSAAHIVMVDAYKPTKGGSEYHAPAGYQVNPPYHPVHGYEEQCSSIYIYYGTPGEKIGAQVCQWIAFSIAIALLTFYGYQTWKSTCGWEEIYVATIEMIKFIIEYFHEFDSPAMLFLYNGNITPCLRYFEWLLTCPVILIRLSNITGLANDYNKRTMGLIVSCVGMIVFGMAAGLSKGYVRVIFFLMGLCYGIYTFFNAAKVYIESYYIMPAGGCKKLVLAMTAVYYSSWLSYPILWAVGPEGLLKLSPYANSIGHSICDIIAKEFWTFLAHFLRIKIHEHIIMYGDIRRPVSSQFLGRKVDVLAFVTEEDKV
 n98,MGGAPAPDAHSAPPGNDSAAHIVMVDAYKPTKGGSEYHAPAGYQVNPPYHPVHGYEEQCSSIYIYYGTPGEKIGAQVCQWIAFSIAIALLTFYGYQTWKSTCGWEEIYVATIEMIKFIIEYFHEFDSPAMLFLYTGNITPWLRYAEWLLTCPVILIRLSNLSGLANDYNKRTMGLLVSDIGTIVWGTTAALATDWLKWLLYIVSCIYGGYMYFQAAKCYVEANHSVPAGGCKKLVLAMTAVYYSSWLSYPGLFIFGPEGMHTLSPYANSIGHSICDIIAKEFWTFLAHFLRIKIHEHILIHGDIRKTTKMEIGGEEVEVEEFVEEEDEDTV
 n99,MGGAPAPDAHSAPPGNDSAAHIVMVDAYKPTKGGSEYHAPAGYQVNPPYHPVHGYEEQCSSIYIYYGALWEQETARGFQWFAFFLSALFLAFYGYQTWKSTCGWEEIYVATIEMIKFIIEYFHEFDSPAMLFLYGGNITPWLRYAEWLLTCPVILIHLSNLSGLKNDYSKRTMGLLVSDIGTIVWGTTAALATGWVKWLFYCIGLVYGIYTFFNAAKVYIEANHSVPAGGCKKLVLAMTAVYYSSWLMFPILWAVGPEGLLKLSVAGSTIGHTIADLLSKNIWGLLGHFLRIKIHEHILIHGDIRKTTKMEIGGEEVEVEEFVEEEDEDTV
 n100,MSRLVAASWLLALLLCGITSTTTASAHIVMVDAYKPTKSAPAASSTDGTAAAAVSHYAMNGFDELAKGAVVPEDHFVCGPADKCYCSAWLHSRGTPGEKIGAQVCQWIAVSIAIALLTFYGWHAYKASVGWEEVYVCSVELIKVILEIYFEFTSPATVYLSTGNHAYWLRYAEWLLTCPVILIRLSNLSGLANDYNKRTMALLVSDIGTIVWGTTAALATDWLKWLLYIVSCIYGTQTFYNAGIIYVEANHSVPAGGCKKLVLAMTAVYYSSWLSYPILFILGPEGFGVLSPYANSIGHSICDIIAKEFWTFLAHFLRIKIHEHILIHGDIRKTTKMEIGGEEVEVEEFVEEEDEDTV
 n101,MSRLVAASWLLALLLCGITSTTTASAHIVMVDAYKPTKSAPAASSTDGTAAAAVSHYAMNGFDELAKGAVVPEDHFVCGPADKCYCSAWLHSRGALWEQETARGFQWFAVFLSALFLAFYGWHAYKASVGWEEVYVCSVELIKVILEIYFEFTSPATVYLSNGNHAYWLRYAEWLLTCPVILIHLSNLSGLSEAYNKRTMGLLVSDIGTIVWGTTAALSKGYVRVIFFLMGLCYGGYMYFQAAKCYVEANHSVPKGRCRQVVTGMAWLFFVSWGMFPILWAVGPEGLLKLSVAGSTIGHTIADLLSKNIWGLLGHYLRVLIHEHILIHGDIRKTTKMEIGGEEVEVEEFVEEEDEDTV
 n102,MGGAPAPDAHSAPPGNDSAAHIVMVDAYKPTKGGSEYHAPAGYQVNPPYHPVHGYEEQCSSIYIYYGTNAEKLAANILQWITFALSALCLMFYGFSAWKATCGWEEVYVCCVEVLFVTLEIFKEFSSPAMLFLYNGNITPCLRYFEWLLSCPVILIHLSNLSGLKNDYSKRTMGLIVSCVGMIVFGMAAGLSKGYVRVIFFLMGLCYGGYMYFQAAKCYVEANHSVPAGGCKKLVLAMTAVYYSSWLMFPGLFIFGPEGMHTLSVYGSTVGHTIIDLMSKNCWGLLGHFLRIKIHEHILIHGDIRKTTKMEIGGEEVEVEEFVEEEDEDTV
 n1_2,MGGAPAPDAHSAPPGNDSAAHIVMVDAYKPTKGGSEYHAPAGYQVNPPYHPVHGYEEQCSSIYIYYGTNAEKLAANILQWITFALSALCLMFYGFSAWKATCGWEEVYVCCVEVLFVTLEIFKEFSSPAMLFLYTGNITPWLRYAEWLLSCPVILIHLSNLSGLKNDYSKRTMGLLVSDIGTIVWGTTAALATDWLKWLLYIVSCIYGIYTFFNAAKVYIEANHSVPKGHCRMVVKLMAYAYFASWGMFPILFILGPEGFGVLSVYGSTVGHTIIDLMSKNCWGLLGHHLRIKIHEHILIHGDIRKTTKMEIGGEEVEVEEFVEEEDEDTV
 n2_2,MSRLVAASWLLALLLCGITSTTTASAHIVMVDAYKPTKSAPAASSTDGTAAAAVSHYAMNGFDELAKGAVVPEDHFVCGPADKCYCSAWLHSRGTNAEKLAANILQWITFALSALCLMFYGFSAWKATCGWEEVYVCCVEVLFVTLEIFKEFSSPATVYLSTGNHAYWLRYAEWLLSCPVILIHLSNLSGLKNDYSKRTMGLLVSDIGTIVWGTTAALATDWLKWLLYIVSCIYGIYTFFNAAKVYIEANHSVPKGHCRMVVKLMAYAYFASWGMFPILFILGPEGFGVLSVYGSTVGHTIIDLMSKNCWGLLGHHLRIKIHEHILIHGDIRKTTKMEIGGEEVEVEEFVEEEDEDTV
 n3_2,MGGAPAPDAHSAPPGNDSAAHIVMVDAYKPTKGGSEYHAPAGYQVNPPYHPVHGYEEQCSSIYIYYGTNAEKLAANILQWITFALSALCLMFYGFSAWKATCGWEEVYVCCVEVLFVTLEIFKEFSSPAMLFLYTGNITPWLRYAEWLLSCPVILIHLSNLSGLKNDYSKRTMGLLVSDIGTIVWGTTAALATDWLKWLLYIVSCIYGIYTFFNAAKVYIEANHSVPKGHCRMVVKLMAYAYFASWGMFPILWAVGPEGLLKLSVYGSTVGHTIIDLMSKNCWGLLGHHLRIKIHEHILIHGDIRKTTKMEIGGEEVEVEEFVEEEDEDTV
 n4_2,MSRRPWLLALALAVALAAGSAGAAHIVMVDAYKPTKSTGSDATVPVATQDGPDYVFHRAHERMLFQTSYTLENNGSVICIPNNGQCFCLAWLKSNGTPGEKIGAQVCQWIAFSIAIALLTFYGYQTWKSTCGWEEIYVATIEMIKFIIEYFHEFDEPAVIYSSNGNKTVCLRYFEWLLTCPVILIRLSNLTGLANDYNKRTMGLIVSCVGMIVFGMAAGLSKGYVRVIFFLMGLCYGGYMYFQAAKCYVEAYHTVPKGRCRQVVTGMAWLFFVSWGSYPGLFIFGPEGMHTLSPYANSIGHSICDIIAKEFWTFLAHYLRVLIHEHILIHGDIRKTTKLNIGGTEIEVETLVEDEAEAGAV
 n5_2,MSRLVAASWLLALLLCGITSTTTASAHIVMVDAYKPTKSAPAASSTDGTAAAAVSHYAMNGFDELAKGAVVPEDHFVCGPADKCYCSAWLHSRGTPGEKIGAQVCQWIAFSIAIALLTFYGYQTWKSTCGWEEIYVATIEMIKFIIEYFHEFDSPATVYLSNGNHAYCLRYFEWLLTCPVILIRLSNLTGLANDYNKRTMGLIVSCVGMIVFGMAAGLSKGYVRVIFFLMGLCYGGYMYFQAAKCYVEAYHTVPKGRCRQVVTGMAWLFFVSWGSYPILWAVGPEGLLKLSPYANSIGHSICDIIAKEFWTFLAHYLRVLIHEHILIHGDIRKTTKLNIGGTEIEVETLVEDEAEAGAV
 n6_2,MSRLVAASWLLALLLCGITSTTTASAHIVMVDAYKPTKSAPAASSTDGTAAAAVSHYAMNGFDELAKGAVVPEDHFVCGPADKCYCSAWLHSRGTNAEKLAANILQWITFALSALCLMFYGFSAWKATCGWEEVYVCCVEVLFVTLEIFKEFSSPATVYLSTGNHAYWLRYAEWLLSCPVILIHLSNLSGLSEAYNKRTMALLVSDIGTIVWGTTAALATDWLKWLLYIVSCIYGTQTFYNAGIIYVEANHSVPKGHCRMVVKLMAYAYFASWGMFPILWAVGPEGLLKLSVYGSTVGHTIIDLMSKNCWGLLGHHLRIKIHEHILIHGDIRKTTKMEIGGEEVEVEEFVEEEDEDTV
 n7_2,MGGAPAPDAHSAPPGNDSAAHIVMVDAYKPTKGGSEYHAPAGYQVNPPYHPVHGYEEQCSSIYIYYGTNAEKLAANILQWITFALSALCLMFYGFSAWKATCGWEEVYVCCVEVLFVTLEIFKEFSSPAMLFLYGGNITPWLRYAEWLLSCPVILIHLSNLSGLSEAYNKRTMALLVSDLGTICMGVTAALATGWVKWLFYCIGLVYGTQTFYNAGIIYVEANHSVPKGHCRMVVKLMAYAYFASWGMFPGLFIFGPEGMHTLSVYGSTVGHTIIDLMSKNCWGLLGHHLRIKIHEHILIHGDIRKTTKMEIGGEEVEVEEFVEEEDEDTV
 n8_2,MSRLVAASWLLALLLCGITSTTTASAHIVMVDAYKPTKSAPAASSTDGTAAAAVSHYAMNGFDELAKGAVVPEDHFVCGPADKCYCSAWLHSRGTPGEKIGAQVCQWIAFSIAIALLTFYGFSAWKATCGWEEVYVCCVEVLFVTLEIFKEFSSPATVYLSTGNHAYCLRYFEWLLSCPVILIRLSNLTGLKNDYSKRTMGLIVSCVGMIVFGMAAGLATDWLKWLLYIVSCIYGGYMYFQAAKCYVEAYHTVPKGHCRMVVKLMAYAYFASWGSYPILFILGPEGFGVLSPYANSIGHSICDIIAKEFWTFLAHHLRIKIHEHILIHGDIRKTTKLNIGGTEIEVETLVEDEAEAGAV
 c1_2,MSRLVAASWLLALLLCGITSTTTASAHIVMVDAYKPTKSAPAASSTDGTAAAAVSHYAMNGFDELAKGAVVPEDHFVCGPADKCYCSAWLHSRGTPGEKIGAQVCQWIAFSIAIALLTFYGFSAWKATCGWEEVYVCCVEVLFVTLEIFKEFSSPATVYLSTGNHAYCLRYFEWLLSCPVILIRLSNLSGLKNDYSKRTMGLIVSCVGMIVFGMAAGLATDWLKWLLYIVSCIYGGYMYFQAAKCYVEAYHTVPKGRCRQVVTGMAWLFFVSWGSYPILWAVGPEGLLKLSPYANSIGHSICDIIAKEFWTFLAHHLRIKIHEHIIMYGDIRRPVSSQFLGRKVDVLAFVTEEDKV
 c2_2,MSRRPWLLALALAVALAAGSAGAAHIVMVDAYKPTKSTGSDATVPVATQDGPDYVFHRAHERMLFQTSYTLENNGSVICIPNNGQCFCLAWLKSNGTNAEKLAANILQWIAVFLSALFLAFYGWHAYKASVGWEEVYVCSVELIKVILEIYFEFTSPATVYLSTGNHAYCLRYFEWLLSCPVILIRLSNLSGLKNDYSKRTMGLIVSDIGTIVWGTTAALSKGYVRVIFFLMGLCYGIYTFFNAAKVYIEANHSVPKGHCRMVVKLMAYAYFASWGSYPILWAVGPEGLLKLSVYGSTVGHTIIDLMSKNCWGLLGHYLRVLIHEHILIHGDIRKTTKMEIGGEEVEVEEFVEEEDEDTV
 c4_2,MSRLVAASWLLALLLCGITSTTTASAHIVMVDAYKPTKSAPAASSTDGTAAAAVSHYAMNGFDELAKGAVVPEDHFVCGPADKCYCSAWLHSRGTPGEKIGAQVCQWIAFSIAIALLTFYGFSAWKATCGWEEVYVCCVEVLFVTLEIFKEFSSPATVYLSTGNHAYCLRYFEWLLSCPVILIRLSNLSGLKNDYSKRTMGLIVSCVGMIVFGMAAGLATDWLKWLLYIVSCIYGGYMYFQAAKCYVEAYHTVPKGRCRQVVTGMAWLFFVSWGSYPILWAVGPEGLLKLSPYANSIGHSICDIIAKEFWTFLAHHLRIKIHEHILIHGDIRKTTKLNIGGTEIEVETLVEDEAEAGAV
 c1_3,MSRLVAASWLLALLLCGITSTTTASAHIVMVDAYKPTKSAPAASSTDGTAAAAVSHYAMNGFDELAKGAVVPEDHFVCGPADKCYCSGWLHSHGTQAEFVAATACQYTALSLALLLLSFYAYSAWKATCGWEEGYVCCVEVLFVTLEISNEFNSPATLYLSTGNYCYFLRYGEWLLSCPVILIRLSNLSGLKNDYSKRTMGLIVSCIGMLITGMAGGLGVGWVKWTLYFVSCAYSAQTYLQAAKCYVEVYATVPKGYCRTVVKLMAYAFFTAWGAYPILWAIGPEGLKYISGYSNTIAHTFCDILAKEIWTFLGHHLRIKIHEHILIHGDIRKKVQVRVAGELMNVEELMEEEGEDTV
 n2_3,MSRLVAASWLLALLLCGITSTTTASAHIVMVDAYKPTKSAPAASSTDGTAAAAVSHYAMNGFDELAKGAVVPEDHFVCGPADKCYCSGWLHSHGTQAEFVAATACQYTALSLALLLLSFYAYSAWKATCGWEEGYVCCVEVLFVTLEISNEFNSPATLYLSTGNYCYCLRYFEWLLSCPVILIHLSNLSGLKNDYSMRTMRLIVSCVGMLVFGMAGGLGVGWVKWTLYFVSCAYSAQTYLQAAKCYVEVYATVPKGYCRTVVKLMAYAFFTAWGAYPILWAIGPEGLKYISGYSNTIAHTFCDILAKEIWTFLGHHLRIKIHEHILIHGDIRKKVQVRVAGELMNVEELMEEEGEDTV
 c3_3,MSRLVAASWLLALLLCGITSTTTASAHIVMVDAYKPTKSAPAASSTDGTAAAAVSHYAMNGFDELAKGAVVPEDHFVCGPADKCYCSGWLHSHGTQAEFVAATACQYTALSLALLLLSFYAYSAWKATCGWEEGYVCCVEVLFVTLEISNEFNSPATLYLSTGNYCYFLRYGEWLLSCPVILIHLSNLSGLKNDYSMRTMRLLVSCVGMIVFGMAAGLATDWLKWLLYIVSCIYGGYMYFQAAKCYVEVYATVPKGYCRTVVKLMAYAFFTAWGAYPILWAIGPEGLKYISGYSNTIAHTFCDILAKEIWTFLGHHLRIKIHEHILIHGDIRKKVQVRVAGELMNVEELMEEEGEDTV
 n4_3,MSRLVAASWLLALLLCGITSTTTASAHIVMVDAYKPTKSAPAASSTDGTAAAAVSHYAMNGFDELAKGAVVPEDHFVCGPADKCYCSGWLHSHGTPGEKIGAQVCQYIALSIAIALLTFYAYSAWKATCGWEEGYVCCVEVLFVTLEISNEFNSPATLYLSTGNYCYFLRYGEWLLSCPVILIRLSNLSGLKNDYSMRTMRLLVSCIGMLITGMAGGLGVGWVKWTLYFVSCAYSAQTYLQAAKCYVEVYATVPKGYCRTVVKLMAYAFFTAWGSYPILWAIGPEGLKYISPYANSIAHSFCDIIAKEFWTFLAHHLRIKIHEHILIHGDIRKKVQVRVAGELMNVEELMEEEGEDTV
 c1_4,MSRRPWLLALALAVALAAGSAGAAHIVMVDAYKPTKSTGSDATVPVATQDGPDYVFHRAHERMLFQTSYTLENNGSVICIPNNGQCFCLAWLKSNGALWEQETARGFQWFTFALSALCLMFYGYQTWKSTCGWEEIYVATIEMIKFIIEYFHEFDSPAMLFLYGGNITPWLRYAEWLLTCPVILIHLSNITGLSEAYNKRTMALLVSCVGMIVFGMAAGLATDWLKWLLYIVSCIYGGYMYFQAAKCYVEANHSVPKGHCRMVVKLMAYAYFASWGSYPILWAVGPEGLLKLSVYGSTVGHTIIDLMSKNCWGLLGHYLRVLIHEHIIMYGDIRRPVSSQFLGRKVDVLAFVTEEDKV
 c2_4,MSRLVAASWLLALLLCGITSTTTASAHIVMVDAYKPTKSAPAASSTDGTAAAAVSHYAMNGFDELAKGAVVPEDHFVCGPADKCYCSAWLHSRGTNAEKLAANILQWIAFSIAIALLTFYGFSAWKATCGWEEVYVCCVEVLFVTLEIFKEFSEPAVIYSSNGNKTVWLRYAEWLLTCPVILIHLSNITGLSEAYNKRTMALLVSCVGMIVFGMAAGLATDWLKWLLYIVSCIYGGYMYFQAAKCYVEAYHTVPKGRCRQVVTGMAWLFFVSWGMFPILFILGPEGFGVLSVAGSTIGHTIADLLSKNIWGLLGHFLRIKIHEHIIMYGDIRRPVSSQFLGRKVDVLAFVTEEDKV
 c3_4,MSRRPWLLALALAVALAAGSAGAAHIVMVDAYKPTKSTGSDATVPVATQDGPDYVFHRAHERMLFQTSYTLENNGSVICIPNNGQCFCLAWLKSNGALWEQETARGFQWFAFSIAIALLTFYGFSAWKATCGWEEVYVCCVEVLFVTLEIFKEFSSPATVYLSTGNHAYCLRYFEWLLTCPVILIHLSNLTGLANDYNKRTMGLLVSCVGMIVFGMAAGLATDWLKWLLYIVSCIYGGYMYFQAAKCYVESYYIMPAGGCKKLVLAMTAVYYSSWGMFPILFILGPEGFGVLSPYANSIGHSICDIIAKEFWTFLAHHLRIKIHEHIIMYGDIRRPVSSQFLGRKVDVLAFVTEEDKV
 c4_4,MSRRPWLLALALAVALAAGSAGAAHIVMVDAYKPTKSTGSDATVPVATQDGPDYVFHRAHERMLFQTSYTLENNGSVICIPNNGQCFCLAWLKSNGTPGEKIGAQVCQWIAVFLSALFLAFYGWHAYKASVGWEEVYVCSVELIKVILEIYFEFTSPAMLFLYGGNITPWLRYAEWLLSCPVILIRLSNLSGLKNDYSKRTMGLIVSCVGMIVFGMAAGLATDWLKWLLYIVSCIYGGYMYFQAAKCYVESYYIMPAGGCKKLVLAMTAVYYSSWGSYPILWAVGPEGLLKLSVAGSTIGHTIADLLSKNIWGLLGHFLRIKIHEHIIMYGDIRRPVSSQFLGRKVDVLAFVTEEDKV
 n7_4,MSRLVAASWLLALLLCGITSTTTASAHIVMVDAYKPTKSAPAASSTDGTAAAAVSHYAMNGFDELAKGAVVPEDHFVCGPADKCYCSAWLHSRGTPGEKIGAQVCQWIAFSIAIALLTFYGFSAWKATCGWEEVYVCCVEVLFVTLEIFKEFSSPATVYLSGGNHAYCLRYFEWLLSCPVILIRLSNITGLANDYNKRTMGLIVSCVGMIVFGMAAGLATGWVKWLFYCIGLVYGIYTFFNAAKVYIESYYIMPKGRCRQVVTGMAWLFFVSWGSYPGLFIFGPEGMHTLSPYANSIGHSICDIIAKEFWTFLAHYLRVLIHEHIIMYGDIRRPVSSQFLGRKVDVLAFVTEEDKV
 c8_4,MSRLVAASWLLALLLCGITSTTTASAHIVMVDAYKPTKSAPAASSTDGTAAAAVSHYAMNGFDELAKGAVVPEDHFVCGPADKCYCSAWLHSRGALWEQETARGFQWFAFSIAIALLTFYGFSAWKATCGWEEVYVCCVEVLFVTLEIFKEFSSPAMLFLYGGNITPWLRYAEWLLTCPVILIHLSNLTGLANDYNKRTMGLLVSCVGMIVFGMAAGLATDWLKWLLYIVSCIYGGYMYFQAAKCYVEAYHTVPKGRCRQVVTGMAWLFFVSWGSYPILWAVGPEGLLKLSVAGSTIGHTIADLLSKNIWGLLGHFLRIKIHEHILIHGDIRKTTKLNIGGTEIEVETLVEDEAEAGAV
 c9_4,MSRRPWLLALALAVALAAGSAGAAHIVMVDAYKPTKSTGSDATVPVATQDGPDYVFHRAHERMLFQTSYTLENNGSVICIPNNGQCFCLAWLKSNGTPGEKIGAQVCQWITFALSALCLMFYGYQTWKSTCGWEEIYVATIEMIKFIIEYFHEFDSPAMLFLYGGNITPWLRYAEWLLTCPVILIHLSNITGLSEAYNKRTMALLVSDLGTICMGVTAALATGWVKWLFYCIGLVYGTQTFYNAGIIYVEAYHTVPKGRCRQVVTGMAWLFFVSWGMFPILFILGPEGFGVLSVAGSTIGHTIADLLSKNIWGLLGHFLRIKIHEHILIHGDIRKTTKLNIGGTEIEVETLVEDEAEAGAV
 n10_4,MSRLVAASWLLALLLCGITSTTTASAHIVMVDAYKPTKSAPAASSTDGTAAAAVSHYAMNGFDELAKGAVVPEDHFVCGPADKCYCSAWLHSRGALWEQETARGFQWFAVFLSALFLAFYGWHAYKASVGWEEVYVCSVELIKVILEIYFEFTSPATVYLSTGNHAYWLRYAEWLLTCPVILIHLSNITGLSEAYNKRTMGLLVSDLGTICMGVTAALATDWLKWLLYIVSCIYGIYTFFNAAKVYIESYYIMPAGGCKKLVLAMTAVYYSSWLMFPILWAVGPEGLLKLSVAGSTIGHTIADLLSKNIWGLLGHFLRIKIHEHIIMYGDIRRPVSSQFLGRKVDVLAFVTEEDKV
 c11_4,MSRLVAASWLLALLLCGITSTTTASAHIVMVDAYKPTKSAPAASSTDGTAAAAVSHYAMNGFDELAKGAVVPEDHFVCGPADKCYCSAWLHSRGALWEQETARGFQWFTFALSALCLMFYGYQTWKSTCGWEEIYVATIEMIKFIIEYFHEFDEPAVIYSSNGNKTVWLRYAEWLLSCPVILIRLSNLSGLKNDYSKRTMGLIVSCVGMIVFGMAAGLATDWLKWLLYIVSCIYGGYMYFQAAKCYVEAYHTVPKGRCRQVVTGMAWLFFVSWGSYPILWAVGPEGLLKLSPYANSIGHSICDIIAKEFWTFLAHHLRIKIHEHIIMYGDIRRPVSSQFLGRKVDVLAFVTEEDKV
 n12_4,MSRLVAASWLLALLLCGITSTTTASAHIVMVDAYKPTKSAPAASSTDGTAAAAVSHYAMNGFDELAKGAVVPEDHFVCGPADKCYCSAWLHSRGTPGEKIGAQVCQWIAFSIAIALLTFYGYQTWKSTCGWEEIYVATIEMIKFIIEYFHEFDSPATVYLSNGNHAYCLRYFEWLLTCPVILIRLSNLTGLSEAYNKRTMGLIVSCVGMIVFGMAAGLSKGYVRVIFFLMGLCYGGYMYFQAAKCYVEAYHTVPAGGCKKLVLAMTAVYYSSWLSYPGLFIFGPEGMHTLSPYANSIGHSICDIIAKEFWTFLAHFLRIKIHEHILIHGDIRKTTKLNIGGTEIEVETLVEDEAEAGAV
 n13_4,MSRRPWLLALALAVALAAGSAGAAHIVMVDAYKPTKSTGSDATVPVATQDGPDYVFHRAHERMLFQTSYTLENNGSVICIPNNGQCFCLAWLKSNGALWEQETARGFQWFAFFLSALFLAFYGFSAWKATCGWEEVYVCCVEVLFVTLEIFKEFSEPAVIYSSGGNKTVWLRYAEWLLSCPVILIHLSNITGLSEAYNKRTMGLLVSDIGTIVWGTTAALATGWVKWLFYCIGLVYGGYMYFQAAKCYVESYYIMPAGGCKKLVLAMTAVYYSSWLMFPILWAVGPEGLLKLSVAGSTIGHTIADLLSKNIWGLLGHFLRIKIHEHIIMYGDIRRPVSSQFLGRKVDVLAFVTEEDKV
 c14_4,MSRRPWLLALALAVALAAGSAGAAHIVMVDAYKPTKSTGSDATVPVATQDGPDYVFHRAHERMLFQTSYTLENNGSVICIPNNGQCFCLAWLKSNGALWEQETARGFQWFTFALSALCLMFYGYQTWKSTCGWEEIYVATIEMIKFIIEYFHEFDSPATVYLSTGNHAYCLRYFEWLLTCPVILIHLSNITGLSEAYNKRTMALLVSCVGMIVFGMAAGLATDWLKWLLYIVSCIYGGYMYFQAAKCYVEAYHTVPKGRCRQVVTGMAWLFFVSWLMFPGLFIFGPEGMHTLSVAGSTIGHTIADLLSKNIWGLLGHFLRIKIHEHILIHGDIRKTTKMEIGGEEVEVEEFVEEEDEDTV
 c15_4,MSRLVAASWLLALLLCGITSTTTASAHIVMVDAYKPTKSAPAASSTDGTAAAAVSHYAMNGFDELAKGAVVPEDHFVCGPADKCYCSAWLHSRGALWEQETARGFQWFTFALSALCLMFYGYQTWKSTCGWEEIYVATIEMIKFIIEYFHEFDSPATVYLSTGNHAYCLRYFEWLLTCPVILIHLSNITGLSEAYNKRTMALLVSDLGTICMGVTAALATGWVKWLFYCIGLVYGTQTFYNAGIIYVESYYIMPAGGCKKLVLAMTAVYYSSWGSYPILWAVGPEGLLKLSVAGSTIGHTIADLLSKNIWGLLGHFLRIKIHEHIIMYGDIRRPVSSQFLGRKVDVLAFVTEEDKV
 c17_4,MSRLVAASWLLALLLCGITSTTTASAHIVMVDAYKPTKSAPAASSTDGTAAAAVSHYAMNGFDELAKGAVVPEDHFVCGPADKCYCSAWLHSRGALWEQETARGFQWFAFSIAIALLTFYGFSAWKATCGWEEVYVCCVEVLFVTLEIFKEFSSPATVYLSTGNHAYCLRYFEWLLSCPVILIRLSNLSGLKNDYSKRTMGLIVSCVGMIVFGMAAGLATDWLKWLLYIVSCIYGGYMYFQAAKCYVEAYHTVPKGRCRQVVTGMAWLFFVSWLMFPGLFIFGPEGMHTLSVYGSTVGHTIIDLMSKNCWGLLGHYLRVLIHEHIIMYGDIRRPVSSQFLGRKVDVLAFVTEEDKV
 c18_4,MSRLVAASWLLALLLCGITSTTTASAHIVMVDAYKPTKSAPAASSTDGTAAAAVSHYAMNGFDELAKGAVVPEDHFVCGPADKCYCSAWLHSRGTPGEKIGAQVCQWIAVFLSALFLAFYGWHAYKASVGWEEVYVCSVELIKVILEIYFEFTSPATVYLSTGNHAYCLRYFEWLLTCPVILIHLSNLTGLANDYNKRTMGLLVSCVGMIVFGMAAGLATDWLKWLLYIVSCIYGGYMYFQAAKCYVEAYHTVPKGRCRQVVTGMAWLFFVSWGMFPILFILGPEGFGVLSPYANSIGHSICDIIAKEFWTFLAHHLRIKIHEHIIMYGDIRRPVSSQFLGRKVDVLAFVTEEDKV
 n19_4,MSRLVAASWLLALLLCGITSTTTASAHIVMVDAYKPTKSAPAASSTDGTAAAAVSHYAMNGFDELAKGAVVPEDHFVCGPADKCYCSAWLHSRGALWEQETARGFQWFAFFLSALFLAFYGYQTWKSTCGWEEIYVATIEMIKFIIEYFHEFDSPATVYLSTGNHAYCLRYFEWLLTCPVILIHLSNITGLSEAYNKRTMALIVSCVGMIVFGMAAGLATDWLKWLLYIVSCIYGTQTFYNAGIIYVESYYIMPKGRCRQVVTGMAWLFFVSWGMFPILFILGPEGFGVLSVAGSTIGHTIADLLSKNIWGLLGHYLRVLIHEHIIMYGDIRRPVSSQFLGRKVDVLAFVTEEDKV
 n20_4,MSRLVAASWLLALLLCGITSTTTASAHIVMVDAYKPTKSAPAASSTDGTAAAAVSHYAMNGFDELAKGAVVPEDHFVCGPADKCYCSAWLHSRGTPGEKIGAQVCQWIAVSIAIALLTFYGWHAYKASVGWEEVYVCSVELIKVILEIYFEFTSPATVYLSNGNHAYCLRYFEWLLTCPVILIRLSNITGLANDYNKRTMGLIVSCVGMIVFGMAAGLSKGYVRVIFFLMGLCYGGYMYFQAAKCYVESYYIMPKGHCRMVVKLMAYAYFASWGSYPILWAVGPEGLLKLSPYANSIGHSICDIIAKEFWTFLAHHLRIKIHEHIIMYGDIRRPVSSQFLGRKVDVLAFVTEEDKV
 c21_5,MGGAPAPDAHSAPPGNDSAAHIVMVDAYKPTKGGSEYHAPAGYQVNPPYHPVHGYEEQCSSIYIYYGTPGEKIGAQVCQWIAVFLSALFLAFYGWHAYKASVGWEEVYVCSVELIKVILEIYFEFTEPAVIYSSNGNKTVWLRYAEWLLSCPVILIRLSNLSGLKNDYSKRTMGLIVSDLGTICMGVTAALATGWVKWLFYCIGLVYGTQTFYNAGIIYVESYYIMPAGGCKKLVLAMTAVYYSSWGMFPILFILGPEGFGVLSVAGSTIGHTIADLLSKNIWGLLGHFLRIKIHEHIIMYGDIRRPVSSQFLGRKVDVLAFVTEEDKV
 c23_5,MSRLVAASWLLALLLCGITSTTTASAHIVMVDAYKPTKSAPAASSTDGTAAAAVSHYAMNGFDELAKGAVVPEDHFVCGPADKCYCSAWLHSRGTNAEKLAANILQWIAFSIAIALLTFYGFSAWKATCGWEEVYVCCVEVLFVTLEIFKEFSEPAVIYSSNGNKTVWLRYAEWLLTCPVILIHLSNLTGLANDYNKRTMGLLVSCVGMIVFGMAAGLATDWLKWLLYIVSCIYGGYMYFQAAKCYVEANHSVPKGHCRMVVKLMAYAYFASWGSYPILWAVGPEGLLKLSVAGSTIGHTIADLLSKNIWGLLGHFLRIKIHEHILIHGDIRKTTKMEIGGEEVEVEEFVEEEDEDTV
 n25_5,MSRLVAASWLLALLLCGITSTTTASAHIVMVDAYKPTKSAPAASSTDGTAAAAVSHYAMNGFDELAKGAVVPEDHFVCGPADKCYCSAWLHSRGTPGEKIGAQVCQWIAFSIAIALLTFYGYQTWKSTCGWEEIYVATIEMIKFIIEYFHEFDSPATVYLSTGNHAYWLRYAEWLLTCPVILIRLSNLSGLSEAYNKRTMGLLVSDLGTICMGVTAALATDWLKWLLYIVSCIYGIYTFFNAAKVYIEANHSVPKGHCRMVVKLMAYAYFASWGSYPILWAVGPEGLLKLSPYANSIGHSICDIIAKEFWTFLAHHLRIKIHEHILIHGDIRKTTKMEIGGEEVEVEEFVEEEDEDTV
 n27_5,MGGAPAPDAHSAPPGNDSAAHIVMVDAYKPTKGGSEYHAPAGYQVNPPYHPVHGYEEQCSSIYIYYGALWEQETARGFQWFAFFLSALFLAFYGFSAWKATCGWEEVYVCCVEVLFVTLEIFKEFSSPAMLFLYGGNITPWLRYAEWLLSCPVILIHLSNITGLSEAYNKRTMGLLVSDLGTICMGVTAALATGWVKWLFYCIGLVYGGYMYFQAAKCYVESYYIMPKGHCRMVVKLMAYAYFASWGMFPGLFIFGPEGMHTLSVAGSTIGHTIADLLSKNIWGLLGHHLRIKIHEHIIMYGDIRRPVSSQFLGRKVDVLAFVTEEDKV
 n28_5,MSRLVAASWLLALLLCGITSTTTASAHIVMVDAYKPTKSAPAASSTDGTAAAAVSHYAMNGFDELAKGAVVPEDHFVCGPADKCYCSAWLHSRGTPGEKIGAQVCQWIAFSIAIALLTFYGFSAWKATCGWEEVYVCCVEVLFVTLEIFKEFSSPATVYLSGGNHAYCLRYFEWLLSCPVILIRLSNLSGLSEAYNKRTMGLIVSCVGMIVFGMAAGLATGWVKWLFYCIGLVYGIYTFFNAAKVYIEANHSVPKGRCRQVVTGMAWLFFVSWGSYPILFILGPEGFGVLSPYANSIGHSICDIIAKEFWTFLAHYLRVLIHEHILIHGDIRKTTKMEIGGEEVEVEEFVEEEDEDTV
 c29_5,MSRRPWLLALALAVALAAGSAGAAHIVMVDAYKPTKSTGSDATVPVATQDGPDYVFHRAHERMLFQTSYTLENNGSVICIPNNGQCFCLAWLKSNGTPGEKIGAQVCQWITFALSALCLMFYGYQTWKSTCGWEEIYVATIEMIKFIIEYFHEFDSPAMLFLYGGNITPWLRYAEWLLTCPVILIHLSNLTGLANDYNKRTMGLLVSDIGTIVWGTTAALSKGYVRVIFFLMGLCYGIYTFFNAAKVYIEANHSVPKGHCRMVVKLMAYAYFASWLMFPGLFIFGPEGMHTLSVYGSTVGHTIIDLMSKNCWGLLGHYLRVLIHEHILIHGDIRKTTKMEIGGEEVEVEEFVEEEDEDTV
 n30_5,MSRLVAASWLLALLLCGITSTTTASAHIVMVDAYKPTKSAPAASSTDGTAAAAVSHYAMNGFDELAKGAVVPEDHFVCGPADKCYCSAWLHSRGTPGEKIGAQVCQWIAFSIAIALLTFYGFSAWKATCGWEEVYVCCVEVLFVTLEIFKEFSSPATVYLSTGNHAYWLRYAEWLLSCPVILIRLSNLTGLANDYNKRTMALLVSDIGTIVWGTTAALATDWLKWLLYIVSCIYGTQTFYNAGIIYVEAYHTVPKGHCRMVVKLMAYAYFASWGSYPGLFIFGPEGMHTLSPYANSIGHSICDIIAKEFWTFLAHHLRIKIHEHILIHGDIRKTTKLNIGGTEIEVETLVEDEAEAGAV
 c31_5,MSRLVAASWLLALLLCGITSTTTASAHIVMVDAYKPTKSAPAASSTDGTAAAAVSHYAMNGFDELAKGAVVPEDHFVCGPADKCYCSAWLHSRGALWEQETARGFQWFAFSIAIALLTFYGFSAWKATCGWEEVYVCCVEVLFVTLEIFKEFSSPAMLFLYGGNITPWLRYAEWLLSCPVILIRLSNLSGLKNDYSKRTMGLIVSCVGMIVFGMAAGLATDWLKWLLYIVSCIYGGYMYFQAAKCYVEANHSVPKGHCRMVVKLMAYAYFASWGMFPILFILGPEGFGVLSPYANSIGHSICDIIAKEFWTFLAHHLRIKIHEHILIHGDIRKTTKLNIGGTEIEVETLVEDEAEAGAV
 c32_5,MGGAPAPDAHSAPPGNDSAAHIVMVDAYKPTKGGSEYHAPAGYQVNPPYHPVHGYEEQCSSIYIYYGALWEQETARGFQWFAVFLSALFLAFYGWHAYKASVGWEEVYVCSVELIKVILEIYFEFTSPATVYLSTGNHAYCLRYFEWLLTCPVILIHLSNLTGLANDYNKRTMGLLVSDLGTICMGVTAALATGWVKWLFYCIGLVYGTQTFYNAGIIYVESYYIMPAGGCKKLVLAMTAVYYSSWGSYPILWAVGPEGLLKLSVYGSTVGHTIIDLMSKNCWGLLGHYLRVLIHEHIIMYGDIRRPVSSQFLGRKVDVLAFVTEEDKV
 n33_5,MGGAPAPDAHSAPPGNDSAAHIVMVDAYKPTKGGSEYHAPAGYQVNPPYHPVHGYEEQCSSIYIYYGTNAEKLAANILQWITVALSALCLMFYGWHAYKASVGWEEVYVCSVELIKVILEIYFEFTSPAMLFLYGGNITPWLRYAEWLLTCPVILIHLSNITGLSEAYNKRTMGLLVSDIGTIVWGTTAALATGWVKWLFYCIGLVYGIYTFFNAAKVYIESYYIMPAGGCKKLVLAMTAVYYSSWLMFPILWAVGPEGLLKLSVYGSTVGHTIIDLMSKNCWGLLGHFLRIKIHEHIIMYGDIRRPVSSQFLGRKVDVLAFVTEEDKV
 n34_5,MGGAPAPDAHSAPPGNDSAAHIVMVDAYKPTKGGSEYHAPAGYQVNPPYHPVHGYEEQCSSIYIYYGALWEQETARGFQWFAVFLSALFLAFYGWHAYKASVGWEEVYVCSVELIKVILEIYFEFTSPAMLFLYTGNITPCLRYFEWLLTCPVILIHLSNITGLSEAYNKRTMALIVSCVGMIVFGMAAGLATDWLKWLLYIVSCIYGTQTFYNAGIIYVESYYIMPKGHCRMVVKLMAYAYFASWGMFPILFILGPEGFGVLSVAGSTIGHTIADLLSKNIWGLLGHHLRIKIHEHIIMYGDIRRPVSSQFLGRKVDVLAFVTEEDKV
 c35_5,MSRRPWLLALALAVALAAGSAGAAHIVMVDAYKPTKSTGSDATVPVATQDGPDYVFHRAHERMLFQTSYTLENNGSVICIPNNGQCFCLAWLKSNGALWEQETARGFQWFTFALSALCLMFYGYQTWKSTCGWEEIYVATIEMIKFIIEYFHEFDEPAVIYSSNGNKTVWLRYAEWLLTCPVILIHLSNITGLSEAYNKRTMALLVSDIGTIVWGTTAALSKGYVRVIFFLMGLCYGIYTFFNAAKVYIESYYIMPAGGCKKLVLAMTAVYYSSWGMFPILFILGPEGFGVLSVYGSTVGHTIIDLMSKNCWGLLGHYLRVLIHEHILIHGDIRKTTKMEIGGEEVEVEEFVEEEDEDTV
 n36_5,MSRRPWLLALALAVALAAGSAGAAHIVMVDAYKPTKSTGSDATVPVATQDGPDYVFHRAHERMLFQTSYTLENNGSVICIPNNGQCFCLAWLKSNGTNAEKLAANILQWITFALSALCLMFYGFSAWKATCGWEEVYVCCVEVLFVTLEIFKEFSEPAVIYSSNGNKTVWLRYAEWLLSCPVILIHLSNLTGLSEAYNKRTMALLVSDLGTICMGVTAALSKGYVRVIFFLMGLCYGTQTFYNAGIIYVEAYHTVPKGRCRQVVTGMAWLFFVSWGMFPILWAVGPEGLLKLSVYGSTVGHTIIDLMSKNCWGLLGHYLRVLIHEHILIHGDIRKTTKLNIGGTEIEVETLVEDEAEAGAV
 n37_5,MGGAPAPDAHSAPPGNDSAAHIVMVDAYKPTKGGSEYHAPAGYQVNPPYHPVHGYEEQCSSIYIYYGALWEQETARGFQWFAVFLSALFLAFYGWHAYKASVGWEEVYVCSVELIKVILEIYFEFTSPAMLFLYTGNITPWLRYAEWLLTCPVILIHLSNITGLKNDYSKRTMGLLVSDLGTICMGVTAALATDWLKWLLYIVSCIYGIYTFFNAAKVYIESYYIMPKGRCRQVVTGMAWLFFVSWGMFPGLFIFGPEGMHTLSVAGSTIGHTIADLLSKNIWGLLGHYLRVLIHEHIIMYGDIRRPVSSQFLGRKVDVLAFVTEEDKV
 c38_5,MSRLVAASWLLALLLCGITSTTTASAHIVMVDAYKPTKSAPAASSTDGTAAAAVSHYAMNGFDELAKGAVVPEDHFVCGPADKCYCSAWLHSRGTNAEKLAANILQWIAFSIAIALLTFYGFSAWKATCGWEEVYVCCVEVLFVTLEIFKEFSSPATVYLSTGNHAYCLRYFEWLLSCPVILIRLSNLSGLKNDYSKRTMGLIVSCVGMIVFGMAAGLATDWLKWLLYIVSCIYGGYMYFQAAKCYVESYYIMPAGGCKKLVLAMTAVYYSSWLMFPGLFIFGPEGMHTLSPYANSIGHSICDIIAKEFWTFLAHHLRIKIHEHILIHGDIRKTTKMEIGGEEVEVEEFVEEEDEDTV
 c39_5,MGGAPAPDAHSAPPGNDSAAHIVMVDAYKPTKGGSEYHAPAGYQVNPPYHPVHGYEEQCSSIYIYYGTNAEKLAANILQWIAVFLSALFLAFYGWHAYKASVGWEEVYVCSVELIKVILEIYFEFTSPATVYLSTGNHAYCLRYFEWLLTCPVILIHLSNITGLSEAYNKRTMALLVSDLGTICMGVTAALATGWVKWLFYCIGLVYGTQTFYNAGIIYVEANHSVPKGHCRMVVKLMAYAYFASWLMFPGLFIFGPEGMHTLSVAGSTIGHTIADLLSKNIWGLLGHFLRIKIHEHIIMYGDIRRPVSSQFLGRKVDVLAFVTEEDKV
 c40_5,MSRLVAASWLLALLLCGITSTTTASAHIVMVDAYKPTKSAPAASSTDGTAAAAVSHYAMNGFDELAKGAVVPEDHFVCGPADKCYCSAWLHSRGTNAEKLAANILQWIAVFLSALFLAFYGWHAYKASVGWEEVYVCSVELIKVILEIYFEFTEPAVIYSSNGNKTVWLRYAEWLLSCPVILIRLSNLSGLKNDYSKRTMGLIVSCVGMIVFGMAAGLATDWLKWLLYIVSCIYGGYMYFQAAKCYVEANHSVPKGHCRMVVKLMAYAYFASWGSYPILWAVGPEGLLKLSPYANSIGHSICDIIAKEFWTFLAHHLRIKIHEHILIHGDIRKTTKMEIGGEEVEVEEFVEEEDEDTV
 n1_7,MSRLVAASWLLALLLCGITSTTTASAHIVMVDAYKPTKSAPAASSTDGTAAAAVSHYAMNGFDELAKGAVVPEDHFVCGPADKCYCSAWLHSRGTPGEKIGAQVCQWIAFSIAIALLTFYGYQTWKSTCGWEEIYVATIEMIKFIIEYFHEFDSPATVYLSTGNHAYCLRYFEWLLTCPVILIRLSNITGLANDYNKRTMGLIVSCVGMIVFGMAAGLATDWLKWLLYIVSCIYGGYMYFQAAKCYVESYYIMPKGHCRMVVKLMAYAYFASWGSYPILFILGPEGFGVLSPYANSIGHSICDIIAKEFWTFLAHHLRIKIHEHIIMYGDIRRPVSSQFLGRKVDVLAFVTEEDKV
 c2_7,MSRLVAASWLLALLLCGITSTTTASAHIVMVDAYKPTKSAPAASSTDGTAAAAVSHYAMNGFDELAKGAVVPEDHFVCGPADKCYCSAWLHSRGTPGEKIGAQVCQWIAFSIAIALLTFYGFSAWKATCGWEEVYVCCVEVLFVTLEIFKEFSSPATVYLSTGNHAYCLRYFEWLLSCPVILIRLSNLSGLKNDYSKRTMGLIVSCVGMIVFGMAAGLATDWLKWLLYIVSCIYGGYMYFQAAKCYVESYYIMPAGGCKKLVLAMTAVYYSSWGMFPILFILGPEGFGVLSPYANSIGHSICDIIAKEFWTFLAHHLRIKIHEHIIMYGDIRRPVSSQFLGRKVDVLAFVTEEDKV
 n4_7,MSRLVAASWLLALLLCGITSTTTASAHIVMVDAYKPTKSAPAASSTDGTAAAAVSHYAMNGFDELAKGAVVPEDHFVCGPADKCYCSAWLHSRGTPGEKIGAQVCQWIAFSIAIALLTFYGYQTWKSTCGWEEIYVATIEMIKFIIEYFHEFDSPATVYLSGGNHAYCLRYFEWLLTCPVILIRLSNLTGLANDYNKRTMGLIVSCVGMIVFGMAAGLATGWVKWLFYCIGLVYGGYMYFQAAKCYVEAYHTVPKGHCRMVVKLMAYAYFASWGSYPILFILGPEGFGVLSPYANSIGHSICDIIAKEFWTFLAHHLRIKIHEHILIHGDIRKTTKLNIGGTEIEVETLVEDEAEAGAV
 c3_7,MSRRPWLLALALAVALAAGSAGAAHIVMVDAYKPTKSTGSDATVPVATQDGPDYVFHRAHERMLFQTSYTLENNGSVICIPNNGQCFCLAWLKSNGTNAEKLAANILQWIAFSIAIALLTFYGFSAWKATCGWEEVYVCCVEVLFVTLEIFKEFSSPATVYLSTGNHAYCLRYFEWLLSCPVILIRLSNLSGLKNDYSKRTMGLIVSCVGMIVFGMAAGLATDWLKWLLYIVSCIYGGYMYFQAAKCYVEANHSVPKGHCRMVVKLMAYAYFASWGSYPILWAVGPEGLLKLSPYANSIGHSICDIIAKEFWTFLAHHLRIKIHEHILIHGDIRKTTKMEIGGEEVEVEEFVEEEDEDTV
